   Compiling delta_kernel v0.18.2 (/Users/branko.grbic/Documents/Faculty/2026_delta-kernel-rs/delta-kernel-rs/kernel)
   Compiling delta_kernel_derive v0.18.2 (/Users/branko.grbic/Documents/Faculty/2026_delta-kernel-rs/delta-kernel-rs/derive-macros)
warning: you seem to be trying to use `match` for destructuring a single pattern. Consider using `if let`
  --> derive-macros/src/lib.rs:15:36
   |
15 |           Ok(syn::Lit::Str(name)) => match name.value().chars().find(|c| !is_valid(*c)) {
   |  ____________________________________^
16 | |             Some(bad_char) => Error::new(name.span(), format!("Invalid character: {bad_char:?}")),
17 | |             _ => {
18 | |                 let path = name.value();
...  |
22 | |         },
   | |_________^
   |
   = help: for further information visit https://rust-lang.github.io/rust-clippy/master/index.html#single_match_else
   = note: `-W clippy::single-match-else` implied by `-W clippy::pedantic`
   = help: to override `-W clippy::pedantic` add `#[allow(clippy::single_match_else)]`
help: try
   |
15 ~         Ok(syn::Lit::Str(name)) => if let Some(bad_char) = name.value().chars().find(|c| !is_valid(*c)) { Error::new(name.span(), format!("Invalid character: {bad_char:?}")) } else {
16 +             let path = name.value();
17 +             let path = path.split('.').map(proc_macro2::Literal::string);
18 +             return quote_spanned! { name.span() => [#(#path),*] }.into();
19 ~         },
   |

warning: item in documentation is missing backticks
  --> derive-macros/src/lib.rs:34:56
   |
34 | /// action (this macro allows the use of standard rust snake_case, and will convert to the correct
   |                                                        ^^^^^^^^^^
   |
   = help: for further information visit https://rust-lang.github.io/rust-clippy/master/index.html#doc_markdown
   = note: `-W clippy::doc-markdown` implied by `-W clippy::pedantic`
   = help: to override `-W clippy::pedantic` add `#[allow(clippy::doc_markdown)]`
help: try
   |
34 - /// action (this macro allows the use of standard rust snake_case, and will convert to the correct
34 + /// action (this macro allows the use of standard rust `snake_case`, and will convert to the correct
   |

warning: wildcard matches only a single variant and will also match any future added variants
   --> derive-macros/src/lib.rs:118:25
    |
118 |                         _ => Error::new(segment.arguments.span(), "Can only handle <> type path args").to_compile_error()
    |                         ^ help: try: `PathArguments::Parenthesized(_)`
    |
    = help: for further information visit https://rust-lang.github.io/rust-clippy/master/index.html#match_wildcard_for_single_variants
    = note: `-W clippy::match-wildcard-for-single-variants` implied by `-W clippy::pedantic`
    = help: to override `-W clippy::pedantic` add `#[allow(clippy::match_wildcard_for_single_variants)]`

warning: item in documentation is missing backticks
   --> derive-macros/src/lib.rs:141:15
    |
141 | /// Derive an IntoEngineData trait for a struct that has all fields implement `Into<Scalar>`.
    |               ^^^^^^^^^^^^^^
    |
    = help: for further information visit https://rust-lang.github.io/rust-clippy/master/index.html#doc_markdown
help: try
    |
141 - /// Derive an IntoEngineData trait for a struct that has all fields implement `Into<Scalar>`.
141 + /// Derive an `IntoEngineData` trait for a struct that has all fields implement `Into<Scalar>`.
    |

warning: item in documentation is missing backticks
   --> derive-macros/src/lib.rs:144:5
    |
144 | /// EngineData using the `create_one` method. TODO: (doc)tests included in the delta_kernel crate:
    |     ^^^^^^^^^^
    |
    = help: for further information visit https://rust-lang.github.io/rust-clippy/master/index.html#doc_markdown
help: try
    |
144 - /// EngineData using the `create_one` method. TODO: (doc)tests included in the delta_kernel crate:
144 + /// `EngineData` using the `create_one` method. TODO: (doc)tests included in the delta_kernel crate:
    |

warning: item in documentation is missing backticks
   --> derive-macros/src/lib.rs:144:80
    |
144 | /// EngineData using the `create_one` method. TODO: (doc)tests included in the delta_kernel crate:
    |                                                                                ^^^^^^^^^^^^
    |
    = help: for further information visit https://rust-lang.github.io/rust-clippy/master/index.html#doc_markdown
help: try
    |
144 - /// EngineData using the `create_one` method. TODO: (doc)tests included in the delta_kernel crate:
144 + /// EngineData using the `create_one` method. TODO: (doc)tests included in the `delta_kernel` crate:
    |

warning: item in documentation is missing backticks
   --> derive-macros/src/lib.rs:194:88
    |
194 | /// Note this doesn't work for inline module definitions (see `internal_mod!` macro in delta_kernel
    |                                                                                        ^^^^^^^^^^^^
    |
    = help: for further information visit https://rust-lang.github.io/rust-clippy/master/index.html#doc_markdown
help: try
    |
194 - /// Note this doesn't work for inline module definitions (see `internal_mod!` macro in delta_kernel
194 + /// Note this doesn't work for inline module definitions (see `internal_mod!` macro in `delta_kernel`
    |

warning: item in documentation is missing backticks
   --> derive-macros/src/lib.rs:195:26
    |
195 | /// crate - can't export macro_rules! from proc macro crate).
    |                          ^^^^^^^^^^^
    |
    = help: for further information visit https://rust-lang.github.io/rust-clippy/master/index.html#doc_markdown
help: try
    |
195 - /// crate - can't export macro_rules! from proc macro crate).
195 + /// crate - can't export `macro_rules`! from proc macro crate).
    |

warning: `delta_kernel_derive` (lib) generated 8 warnings (run `cargo clippy --fix --lib -p delta_kernel_derive` to apply 7 suggestions)
warning: long literal lacking separators
  --> kernel/src/actions/deletion_vector.rs:23:44
   |
23 | const ROARING_BITMAP_PORTABLE_MAGIC: u32 = 1681511377;
   |                                            ^^^^^^^^^^ help: consider: `1_681_511_377`
   |
   = help: for further information visit https://rust-lang.github.io/rust-clippy/master/index.html#unreadable_literal
   = note: `-W clippy::unreadable-literal` implied by `-W clippy::pedantic`
   = help: to override `-W clippy::pedantic` add `#[allow(clippy::unreadable_literal)]`

warning: long literal lacking separators
  --> kernel/src/actions/deletion_vector.rs:27:42
   |
27 | const ROARING_BITMAP_NATIVE_MAGIC: u32 = 1681511376;
   |                                          ^^^^^^^^^^ help: consider: `1_681_511_376`
   |
   = help: for further information visit https://rust-lang.github.io/rust-clippy/master/index.html#unreadable_literal

warning: long literal lacking separators
   --> kernel/src/actions/deletion_vector_writer.rs:306:26
    |
306 |         let magic: u32 = 1681511377;
    |                          ^^^^^^^^^^ help: consider: `1_681_511_377`
    |
    = help: for further information visit https://rust-lang.github.io/rust-clippy/master/index.html#unreadable_literal

warning: unnested or-patterns
   --> kernel/src/table_features/mod.rs:363:17
    |
363 |                 Some(ColumnMappingMode::Name) | Some(ColumnMappingMode::Id)
    |                 ^^^^^^^^^^^^^^^^^^^^^^^^^^^^^^^^^^^^^^^^^^^^^^^^^^^^^^^^^^^
    |
    = help: for further information visit https://rust-lang.github.io/rust-clippy/master/index.html#unnested_or_patterns
    = note: `-W clippy::unnested-or-patterns` implied by `-W clippy::pedantic`
    = help: to override `-W clippy::pedantic` add `#[allow(clippy::unnested_or_patterns)]`
help: nest the patterns
    |
363 -                 Some(ColumnMappingMode::Name) | Some(ColumnMappingMode::Id)
363 +                 Some(ColumnMappingMode::Name | ColumnMappingMode::Id)
    |

warning: unnested or-patterns
   --> kernel/src/table_features/mod.rs:398:17
    |
398 |                 Some(ColumnMappingMode::Name) | Some(ColumnMappingMode::Id)
    |                 ^^^^^^^^^^^^^^^^^^^^^^^^^^^^^^^^^^^^^^^^^^^^^^^^^^^^^^^^^^^
    |
    = help: for further information visit https://rust-lang.github.io/rust-clippy/master/index.html#unnested_or_patterns
help: nest the patterns
    |
398 -                 Some(ColumnMappingMode::Name) | Some(ColumnMappingMode::Id)
398 +                 Some(ColumnMappingMode::Name | ColumnMappingMode::Id)
    |

warning: binding's name is too similar to existing binding
   --> kernel/src/engine/arrow_expression/evaluate_expression.rs:391:17
    |
391 |             let eval_fn = match (op, inverted) {
    |                 ^^^^^^^
    |
note: existing binding defined here
   --> kernel/src/engine/arrow_expression/evaluate_expression.rs:336:17
    |
336 |             let eval_in = || match (left, right) {
    |                 ^^^^^^^
    = help: for further information visit https://rust-lang.github.io/rust-clippy/master/index.html#similar_names
    = note: `-W clippy::similar-names` implied by `-W clippy::pedantic`
    = help: to override `-W clippy::pedantic` add `#[allow(clippy::similar_names)]`

warning: this `continue` expression is redundant
   --> kernel/src/engine/default/file_stream.rs:124:35
    |
124 |                         Ok(()) => continue,
    |                                   ^^^^^^^^
    |
    = help: consider dropping the `continue` expression
    = help: for further information visit https://rust-lang.github.io/rust-clippy/master/index.html#needless_continue
    = note: `-W clippy::needless-continue` implied by `-W clippy::pedantic`
    = help: to override `-W clippy::pedantic` add `#[allow(clippy::needless_continue)]`

warning: binding's name is too similar to existing binding
   --> kernel/src/engine/default/json.rs:243:32
    |
243 | ...                   Ok(decoded) => decoded,
    |                          ^^^^^^^
    |
note: existing binding defined here
   --> kernel/src/engine/default/json.rs:218:25
    |
218 |                 let mut decoder = ReaderBuilder::new(schema)
    |                         ^^^^^^^
    = help: for further information visit https://rust-lang.github.io/rust-clippy/master/index.html#similar_names

warning: binding's name is too similar to existing binding
   --> kernel/src/engine/default/json.rs:242:29
    |
242 |                         let decoded = match decoder.decode(buffered.as_ref()) {
    |                             ^^^^^^^
    |
note: existing binding defined here
   --> kernel/src/engine/default/json.rs:218:25
    |
218 |                 let mut decoder = ReaderBuilder::new(schema)
    |                         ^^^^^^^
    = help: for further information visit https://rust-lang.github.io/rust-clippy/master/index.html#similar_names

warning: unnested or-patterns
  --> kernel/src/engine/ensure_data_types.rs:73:13
   |
73 | /             (&DataType::BOOLEAN, ArrowDataType::Boolean)
74 | |             | (&DataType::STRING, ArrowDataType::LargeUtf8)
75 | |             | (&DataType::STRING, ArrowDataType::Utf8)
76 | |             | (&DataType::STRING, ArrowDataType::Utf8View)
77 | |             | (&DataType::BINARY, ArrowDataType::LargeBinary)
78 | |             | (&DataType::BINARY, ArrowDataType::BinaryView)
79 | |             | (&DataType::BINARY, ArrowDataType::Binary) => Ok(DataTypeCompat::Identical),
   | |________________________________________________________^
   |
   = help: for further information visit https://rust-lang.github.io/rust-clippy/master/index.html#unnested_or_patterns
help: nest the patterns
   |
73 ~             (&DataType::BOOLEAN, ArrowDataType::Boolean) |
74 + (&DataType::STRING,
75 + ArrowDataType::LargeUtf8 | ArrowDataType::Utf8 | ArrowDataType::Utf8View) |
76 + (&DataType::BINARY,
77 + ArrowDataType::LargeBinary | ArrowDataType::BinaryView |
78 ~ ArrowDataType::Binary) => Ok(DataTypeCompat::Identical),
   |

warning: unnested or-patterns
  --> kernel/src/engine/ensure_data_types.rs:80:13
   |
80 | /             (DataType::Array(inner_type), ArrowDataType::List(arrow_list_field))
81 | |             | (DataType::Array(inner_type), ArrowDataType::LargeList(arrow_list_field))
82 | |             | (DataType::Array(inner_type), ArrowDataType::ListView(arrow_list_field))
83 | |             | (DataType::Array(inner_type), ArrowDataType::LargeListView(arrow_list_field)) => {
   | |___________________________________________________________________________________________^
   |
   = help: for further information visit https://rust-lang.github.io/rust-clippy/master/index.html#unnested_or_patterns
help: nest the patterns
   |
80 ~             (DataType::Array(inner_type),
81 + ArrowDataType::List(arrow_list_field) |
82 + ArrowDataType::LargeList(arrow_list_field) |
83 + ArrowDataType::ListView(arrow_list_field) |
84 ~ ArrowDataType::LargeListView(arrow_list_field)) => {
   |

warning: item in documentation is missing backticks
  --> kernel/src/action_reconciliation/log_replay.rs:49:35
   |
49 |     /// Contains (data file path, dv_unique_id) pairs as `FileActionKey` instances.
   |                                   ^^^^^^^^^^^^
   |
   = help: for further information visit https://rust-lang.github.io/rust-clippy/master/index.html#doc_markdown
   = note: `-W clippy::doc-markdown` implied by `-W clippy::pedantic`
   = help: to override `-W clippy::pedantic` add `#[allow(clippy::doc_markdown)]`
help: try
   |
49 -     /// Contains (data file path, dv_unique_id) pairs as `FileActionKey` instances.
49 +     /// Contains (data file path, `dv_unique_id`) pairs as `FileActionKey` instances.
   |

warning: manual `Debug` impl does not include all fields
   --> kernel/src/action_reconciliation/log_replay.rs:144:1
    |
144 | / impl std::fmt::Debug for ActionReconciliationIterator {
145 | |     fn fmt(&self, f: &mut std::fmt::Formatter<'_>) -> std::fmt::Result {
146 | |         f.debug_struct("ActionReconciliationIterator")
147 | |             .field("actions_count", &self.actions_count)
...   |
152 | | }
    | |_^
    |
note: this field is unused
   --> kernel/src/action_reconciliation/log_replay.rs:93:5
    |
 93 |     inner: Box<dyn Iterator<Item = DeltaResult<ActionReconciliationBatch>> + Send>,
    |     ^^^^^^^^^^^^^^^^^^^^^^^^^^^^^^^^^^^^^^^^^^^^^^^^^^^^^^^^^^^^^^^^^^^^^^^^^^^^^^
    = help: consider including all fields in this `Debug` impl
    = help: consider calling `.finish_non_exhaustive()` if you intend to ignore fields
    = help: for further information visit https://rust-lang.github.io/rust-clippy/master/index.html#missing_fields_in_debug
    = note: `-W clippy::missing-fields-in-debug` implied by `-W clippy::pedantic`
    = help: to override `-W clippy::pedantic` add `#[allow(clippy::missing_fields_in_debug)]`

warning: calling `HashSet::default()` is more clear than this expression
   --> kernel/src/action_reconciliation/log_replay.rs:219:29
    |
219 |             seen_file_keys: Default::default(),
    |                             ^^^^^^^^^^^^^^^^^^ help: try: `HashSet::default()`
    |
    = help: for further information visit https://rust-lang.github.io/rust-clippy/master/index.html#default_trait_access
    = note: `-W clippy::default-trait-access` implied by `-W clippy::pedantic`
    = help: to override `-W clippy::pedantic` add `#[allow(clippy::default_trait_access)]`

warning: calling `HashSet::default()` is more clear than this expression
   --> kernel/src/action_reconciliation/log_replay.rs:222:24
    |
222 |             seen_txns: Default::default(),
    |                        ^^^^^^^^^^^^^^^^^^ help: try: `HashSet::default()`
    |
    = help: for further information visit https://rust-lang.github.io/rust-clippy/master/index.html#default_trait_access

warning: item in documentation is missing backticks
   --> kernel/src/action_reconciliation/log_replay.rs:254:7
    |
254 | /// - CommitInfo, CDC, and CheckpointMetadata actions should not appear in the action
    |       ^^^^^^^^^^
    |
    = help: for further information visit https://rust-lang.github.io/rust-clippy/master/index.html#doc_markdown
help: try
    |
254 - /// - CommitInfo, CDC, and CheckpointMetadata actions should not appear in the action
254 + /// - `CommitInfo`, CDC, and CheckpointMetadata actions should not appear in the action
    |

warning: item in documentation is missing backticks
   --> kernel/src/action_reconciliation/log_replay.rs:254:28
    |
254 | /// - CommitInfo, CDC, and CheckpointMetadata actions should not appear in the action
    |                            ^^^^^^^^^^^^^^^^^^
    |
    = help: for further information visit https://rust-lang.github.io/rust-clippy/master/index.html#doc_markdown
help: try
    |
254 - /// - CommitInfo, CDC, and CheckpointMetadata actions should not appear in the action
254 + /// - CommitInfo, CDC, and `CheckpointMetadata` actions should not appear in the action
    |

warning: item in documentation is missing backticks
   --> kernel/src/action_reconciliation/log_replay.rs:260:11
    |
260 | /// - The CheckpointMetadata action is included down the wire when writing a V2 spec checkpoint.
    |           ^^^^^^^^^^^^^^^^^^
    |
    = help: for further information visit https://rust-lang.github.io/rust-clippy/master/index.html#doc_markdown
help: try
    |
260 - /// - The CheckpointMetadata action is included down the wire when writing a V2 spec checkpoint.
260 + /// - The `CheckpointMetadata` action is included down the wire when writing a V2 spec checkpoint.
    |

warning: item in documentation is missing backticks
   --> kernel/src/action_reconciliation/log_replay.rs:342:36
    |
342 |     /// A remove action includes a deletion_timestamp indicating when the deletion occurred. Physical
    |                                    ^^^^^^^^^^^^^^^^^^
    |
    = help: for further information visit https://rust-lang.github.io/rust-clippy/master/index.html#doc_markdown
help: try
    |
342 -     /// A remove action includes a deletion_timestamp indicating when the deletion occurred. Physical
342 +     /// A remove action includes a `deletion_timestamp` indicating when the deletion occurred. Physical
    |

warning: item in documentation is missing backticks
   --> kernel/src/action_reconciliation/log_replay.rs:347:14
    |
347 |     /// - If deletion_timestamp <= minimum_file_retention_timestamp: Expired (exclude)
    |              ^^^^^^^^^^^^^^^^^^
    |
    = help: for further information visit https://rust-lang.github.io/rust-clippy/master/index.html#doc_markdown
help: try
    |
347 -     /// - If deletion_timestamp <= minimum_file_retention_timestamp: Expired (exclude)
347 +     /// - If `deletion_timestamp` <= minimum_file_retention_timestamp: Expired (exclude)
    |

warning: item in documentation is missing backticks
   --> kernel/src/action_reconciliation/log_replay.rs:347:36
    |
347 |     /// - If deletion_timestamp <= minimum_file_retention_timestamp: Expired (exclude)
    |                                    ^^^^^^^^^^^^^^^^^^^^^^^^^^^^^^^^
    |
    = help: for further information visit https://rust-lang.github.io/rust-clippy/master/index.html#doc_markdown
help: try
    |
347 -     /// - If deletion_timestamp <= minimum_file_retention_timestamp: Expired (exclude)
347 +     /// - If deletion_timestamp <= `minimum_file_retention_timestamp`: Expired (exclude)
    |

warning: item in documentation is missing backticks
   --> kernel/src/action_reconciliation/log_replay.rs:348:14
    |
348 |     /// - If deletion_timestamp > minimum_file_retention_timestamp: Valid (include)
    |              ^^^^^^^^^^^^^^^^^^
    |
    = help: for further information visit https://rust-lang.github.io/rust-clippy/master/index.html#doc_markdown
help: try
    |
348 -     /// - If deletion_timestamp > minimum_file_retention_timestamp: Valid (include)
348 +     /// - If `deletion_timestamp` > minimum_file_retention_timestamp: Valid (include)
    |

warning: item in documentation is missing backticks
   --> kernel/src/action_reconciliation/log_replay.rs:348:35
    |
348 |     /// - If deletion_timestamp > minimum_file_retention_timestamp: Valid (include)
    |                                   ^^^^^^^^^^^^^^^^^^^^^^^^^^^^^^^^
    |
    = help: for further information visit https://rust-lang.github.io/rust-clippy/master/index.html#doc_markdown
help: try
    |
348 -     /// - If deletion_timestamp > minimum_file_retention_timestamp: Valid (include)
348 +     /// - If deletion_timestamp > `minimum_file_retention_timestamp`: Valid (include)
    |

warning: item in documentation is missing backticks
   --> kernel/src/action_reconciliation/log_replay.rs:349:14
    |
349 |     /// - If deletion_timestamp is missing: Defaults to 0, treated as expired (exclude)
    |              ^^^^^^^^^^^^^^^^^^
    |
    = help: for further information visit https://rust-lang.github.io/rust-clippy/master/index.html#doc_markdown
help: try
    |
349 -     /// - If deletion_timestamp is missing: Defaults to 0, treated as expired (exclude)
349 +     /// - If `deletion_timestamp` is missing: Defaults to 0, treated as expired (exclude)
    |

warning: item in documentation is missing backticks
   --> kernel/src/action_reconciliation/mod.rs:114:21
    |
114 | /// Returns None if set_transaction_retention_duration is not set.
    |                     ^^^^^^^^^^^^^^^^^^^^^^^^^^^^^^^^^^
    |
    = help: for further information visit https://rust-lang.github.io/rust-clippy/master/index.html#doc_markdown
help: try
    |
114 - /// Returns None if set_transaction_retention_duration is not set.
114 + /// Returns None if `set_transaction_retention_duration` is not set.
    |

warning: item in documentation is missing backticks
  --> kernel/src/actions/deletion_vector.rs:19:31
   |
19 | /// Magic number for portable RoaringBitmap serialization format.
   |                               ^^^^^^^^^^^^^
   |
   = help: for further information visit https://rust-lang.github.io/rust-clippy/master/index.html#doc_markdown
help: try
   |
19 - /// Magic number for portable RoaringBitmap serialization format.
19 + /// Magic number for portable `RoaringBitmap` serialization format.
   |

warning: item in documentation is missing backticks
  --> kernel/src/actions/deletion_vector.rs:20:48
   |
20 | /// This is the standard format defined in the RoaringBitmap Specification
   |                                                ^^^^^^^^^^^^^
   |
   = help: for further information visit https://rust-lang.github.io/rust-clippy/master/index.html#doc_markdown
help: try
   |
20 - /// This is the standard format defined in the RoaringBitmap Specification
20 + /// This is the standard format defined in the `RoaringBitmap` Specification
   |

warning: you should put bare URLs between `<`/`>` or make a proper Markdown link
  --> kernel/src/actions/deletion_vector.rs:22:10
   |
22 | /// See: https://github.com/delta-io/delta/blob/master/PROTOCOL.md#deletion-vector-format
   |          ^^^^^^^^^^^^^^^^^^^^^^^^^^^^^^^^^^^^^^^^^^^^^^^^^^^^^^^^^^^^^^^^^^^^^^^^^^^^^^^^ help: try: `<https://github.com/delta-io/delta/blob/master/PROTOCOL.md#deletion-vector-format>`
   |
   = help: for further information visit https://rust-lang.github.io/rust-clippy/master/index.html#doc_markdown

warning: item in documentation is missing backticks
  --> kernel/src/actions/deletion_vector.rs:25:29
   |
25 | /// Magic number for native RoaringBitmap serialization format.
   |                             ^^^^^^^^^^^^^
   |
   = help: for further information visit https://rust-lang.github.io/rust-clippy/master/index.html#doc_markdown
help: try
   |
25 - /// Magic number for native RoaringBitmap serialization format.
25 + /// Magic number for native `RoaringBitmap` serialization format.
   |

warning: variables can be used directly in the `format!` string
  --> kernel/src/actions/deletion_vector.rs:48:44
   |
48 |               _ => Err(Error::internal_error(format!(
   |  ____________________________________________^
49 | |                 "Unsupported deletion vector format option: {}",
50 | |                 s
51 | |             ))),
   | |_____________^
   |
   = help: for further information visit https://rust-lang.github.io/rust-clippy/master/index.html#uninlined_format_args
   = note: `-W clippy::uninlined-format-args` implied by `-W clippy::pedantic`
   = help: to override `-W clippy::pedantic` add `#[allow(clippy::uninlined_format_args)]`

warning: unnecessary boolean `not` operation
   --> kernel/src/actions/deletion_vector.rs:108:9
    |
108 | /         if !prefix.is_empty() {
109 | |             format!("{prefix}/deletion_vector_{uuid}.bin")
110 | |         } else {
111 | |             format!("deletion_vector_{uuid}.bin")
112 | |         }
    | |_________^
    |
    = help: for further information visit https://rust-lang.github.io/rust-clippy/master/index.html#if_not_else
    = note: `-W clippy::if-not-else` implied by `-W clippy::pedantic`
    = help: to override `-W clippy::pedantic` add `#[allow(clippy::if_not_else)]`
help: try
    |
108 ~         if prefix.is_empty() {
109 +             format!("deletion_vector_{uuid}.bin")
110 +         } else {
111 +             format!("{prefix}/deletion_vector_{uuid}.bin")
112 +         }
    |

warning: docs for function returning `Result` missing `# Errors` section
   --> kernel/src/actions/deletion_vector.rs:116:5
    |
116 |     pub fn absolute_path(&self) -> DeltaResult<Url> {
    |     ^^^^^^^^^^^^^^^^^^^^^^^^^^^^^^^^^^^^^^^^^^^^^^^
    |
    = help: for further information visit https://rust-lang.github.io/rust-clippy/master/index.html#missing_errors_doc
    = note: `-W clippy::missing-errors-doc` implied by `-W clippy::pedantic`
    = help: to override `-W clippy::pedantic` add `#[allow(clippy::missing_errors_doc)]`

warning: possible intra-doc link using quotes instead of backticks
   --> kernel/src/actions/deletion_vector.rs:136:82
    |
136 |     /// A single character to indicate how to access the DV. Legal options are: ['u', 'i', 'p'].
    |                                                                                  ^^^^^^^^^^^^^
    |
    = help: for further information visit https://rust-lang.github.io/rust-clippy/master/index.html#doc_link_with_quotes
    = note: `-W clippy::doc-link-with-quotes` implied by `-W clippy::pedantic`
    = help: to override `-W clippy::pedantic` add `#[allow(clippy::doc_link_with_quotes)]`

warning: this method could have a `#[must_use]` attribute
   --> kernel/src/actions/deletion_vector.rs:167:12
    |
167 |     pub fn unique_id(&self) -> String {
    |            ^^^^^^^^^
    |
    = help: for further information visit https://rust-lang.github.io/rust-clippy/master/index.html#must_use_candidate
    = note: `-W clippy::must-use-candidate` implied by `-W clippy::pedantic`
    = help: to override `-W clippy::pedantic` add `#[allow(clippy::must_use_candidate)]`
help: add the attribute
    |
167 ~     #[must_use] 
168 ~     pub fn unique_id(&self) -> String {
    |

warning: docs for function returning `Result` missing `# Errors` section
   --> kernel/src/actions/deletion_vector.rs:185:5
    |
185 |     pub fn absolute_path(&self, parent: &Url) -> DeltaResult<Option<Url>> {
    |     ^^^^^^^^^^^^^^^^^^^^^^^^^^^^^^^^^^^^^^^^^^^^^^^^^^^^^^^^^^^^^^^^^^^^^
    |
    = help: for further information visit https://rust-lang.github.io/rust-clippy/master/index.html#missing_errors_doc

warning: docs for function returning `Result` missing `# Errors` section
   --> kernel/src/actions/deletion_vector.rs:220:5
    |
220 | /     pub fn read(
221 | |         &self,
222 | |         storage: Arc<dyn StorageHandler>,
223 | |         parent: &Url,
224 | |     ) -> DeltaResult<RoaringTreemap> {
    | |____________________________________^
    |
    = help: for further information visit https://rust-lang.github.io/rust-clippy/master/index.html#missing_errors_doc

warning: this argument is passed by value, but not consumed in the function body
   --> kernel/src/actions/deletion_vector.rs:222:18
    |
222 |         storage: Arc<dyn StorageHandler>,
    |                  ^^^^^^^^^^^^^^^^^^^^^^^
    |
    = help: for further information visit https://rust-lang.github.io/rust-clippy/master/index.html#needless_pass_by_value
    = note: `-W clippy::needless-pass-by-value` implied by `-W clippy::pedantic`
    = help: to override `-W clippy::pedantic` add `#[allow(clippy::needless_pass_by_value)]`
help: consider taking a reference instead
    |
222 |         storage: &Arc<dyn StorageHandler>,
    |                  +

warning: docs for function returning `Result` missing `# Errors` section
   --> kernel/src/actions/deletion_vector.rs:360:5
    |
360 | /     pub fn row_indexes(
361 | |         &self,
362 | |         storage: Arc<dyn StorageHandler>,
363 | |         parent: &Url,
364 | |     ) -> DeltaResult<Vec<u64>> {
    | |______________________________^
    |
    = help: for further information visit https://rust-lang.github.io/rust-clippy/master/index.html#missing_errors_doc

warning: this argument is passed by value, but not consumed in the function body
   --> kernel/src/actions/deletion_vector.rs:381:49
    |
381 | fn read_u32(cursor: &mut Cursor<Bytes>, endian: Endian) -> DeltaResult<u32> {
    |                                                 ^^^^^^
    |
help: or consider marking this type as `Copy`
   --> kernel/src/actions/deletion_vector.rs:369:1
    |
369 | enum Endian {
    | ^^^^^^^^^^^
    = help: for further information visit https://rust-lang.github.io/rust-clippy/master/index.html#needless_pass_by_value
help: consider taking a reference instead
    |
381 | fn read_u32(cursor: &mut Cursor<Bytes>, endian: &Endian) -> DeltaResult<u32> {
    |                                                 +

warning: this argument is passed by value, but not consumed in the function body
   --> kernel/src/actions/deletion_vector.rs:393:37
    |
393 | fn slice_to_u32(buf: &[u8], endian: Endian) -> DeltaResult<u32> {
    |                                     ^^^^^^
    |
help: or consider marking this type as `Copy`
   --> kernel/src/actions/deletion_vector.rs:369:1
    |
369 | enum Endian {
    | ^^^^^^^^^^^
    = help: for further information visit https://rust-lang.github.io/rust-clippy/master/index.html#needless_pass_by_value
help: consider taking a reference instead
    |
393 | fn slice_to_u32(buf: &[u8], endian: &Endian) -> DeltaResult<u32> {
    |                                     +

warning: this argument is passed by value, but not consumed in the function body
   --> kernel/src/actions/deletion_vector.rs:417:35
    |
417 | fn treemap_to_bools_with(treemap: RoaringTreemap, set_bit: bool) -> Vec<bool> {
    |                                   ^^^^^^^^^^^^^^
    |
    = help: for further information visit https://rust-lang.github.io/rust-clippy/master/index.html#needless_pass_by_value
help: consider taking a reference instead
    |
417 | fn treemap_to_bools_with(treemap: &RoaringTreemap, set_bit: bool) -> Vec<bool> {
    |                                   +

warning: casting `u64` to `usize` may truncate the value on targets with 32-bit wide pointers
   --> kernel/src/actions/deletion_vector.rs:419:9
    |
419 |         ((u64::from(high_bits) << 32) | u64::from(low_bits)) as usize
    |         ^^^^^^^^^^^^^^^^^^^^^^^^^^^^^^^^^^^^^^^^^^^^^^^^^^^^^^^^^^^^^
    |
    = help: if this is intentional allow the lint with `#[allow(clippy::cast_possible_truncation)]` ...
    = help: for further information visit https://rust-lang.github.io/rust-clippy/master/index.html#cast_possible_truncation
    = note: `-W clippy::cast-possible-truncation` implied by `-W clippy::pedantic`
    = help: to override `-W clippy::pedantic` add `#[allow(clippy::cast_possible_truncation)]`
help: ... or use `try_from` and handle the error accordingly
    |
419 -         ((u64::from(high_bits) << 32) | u64::from(low_bits)) as usize
419 +         usize::try_from((u64::from(high_bits) << 32) | u64::from(low_bits))
    |

warning: casting `u64` to `usize` may truncate the value on targets with 32-bit wide pointers
   --> kernel/src/actions/deletion_vector.rs:426:45
    |
426 |             let mut result = vec![!set_bit; max as usize + 1];
    |                                             ^^^^^^^^^^^^
    |
    = help: if this is intentional allow the lint with `#[allow(clippy::cast_possible_truncation)]` ...
    = help: for further information visit https://rust-lang.github.io/rust-clippy/master/index.html#cast_possible_truncation
help: ... or use `try_from` and handle the error accordingly
    |
426 -             let mut result = vec![!set_bit; max as usize + 1];
426 +             let mut result = vec![!set_bit; usize::try_from(max) + 1];
    |

warning: it is more concise to loop over references to containers instead of using explicit iteration methods
   --> kernel/src/actions/deletion_vector.rs:429:28
    |
429 |                 for bit in bitmap.iter() {
    |                            ^^^^^^^^^^^^^ help: to write this more concisely, try: `bitmap`
    |
    = help: for further information visit https://rust-lang.github.io/rust-clippy/master/index.html#explicit_iter_loop
    = note: `-W clippy::explicit-iter-loop` implied by `-W clippy::pedantic`
    = help: to override `-W clippy::pedantic` add `#[allow(clippy::explicit_iter_loop)]`

warning: backticks are unbalanced
   --> kernel/src/actions/deletion_vector.rs:448:5
    |
448 |   ///   - If `split_index` >= vector.len()` will return None. If `extend` is Some(b), the passed
    |  _____^
449 | | ///     vector will be extended with `b` to have a length of `split_index`. If `extend` is `None`,
450 | | ///     do nothing and return `None`
451 | | /// If the passed `vector` is `None`, do nothing and return None
    | |________________________________________________________________^
    |
    = help: a backtick may be missing a pair
    = help: for further information visit https://rust-lang.github.io/rust-clippy/master/index.html#doc_markdown

warning: docs for function which may panic missing `# Panics` section
   --> kernel/src/actions/deletion_vector.rs:452:1
    |
452 | / pub fn split_vector(
453 | |     vector: Option<&mut Vec<bool>>,
454 | |     split_index: usize,
455 | |     extend: Option<bool>,
456 | | ) -> Option<Vec<bool>> {
    | |______________________^
    |
note: first possible panic found here
   --> kernel/src/actions/deletion_vector.rs:463:17
    |
463 |                 extend.unwrap(),
    |                 ^^^^^^^^^^^^^^^
    = help: for further information visit https://rust-lang.github.io/rust-clippy/master/index.html#missing_panics_doc
    = note: `-W clippy::missing-panics-doc` implied by `-W clippy::pedantic`
    = help: to override `-W clippy::pedantic` add `#[allow(clippy::missing_panics_doc)]`

warning: this function could have a `#[must_use]` attribute
   --> kernel/src/actions/deletion_vector.rs:452:8
    |
452 | pub fn split_vector(
    |        ^^^^^^^^^^^^
    |
    = help: for further information visit https://rust-lang.github.io/rust-clippy/master/index.html#must_use_candidate
help: add the attribute
    |
452 + #[must_use] 
453 | pub fn split_vector(
    |

warning: item in documentation is missing backticks
  --> kernel/src/actions/deletion_vector_writer.rs:19:75
   |
19 | /// or use the provided [`KernelDeletionVector`] implementation backed by RoaringTreemap.
   |                                                                           ^^^^^^^^^^^^^^
   |
   = help: for further information visit https://rust-lang.github.io/rust-clippy/master/index.html#doc_markdown
help: try
   |
19 - /// or use the provided [`KernelDeletionVector`] implementation backed by RoaringTreemap.
19 + /// or use the provided [`KernelDeletionVector`] implementation backed by `RoaringTreemap`.
   |

warning: docs for function returning `Result` missing `# Errors` section
  --> kernel/src/actions/deletion_vector_writer.rs:57:5
   |
57 |     fn serialize(self) -> DeltaResult<Bytes> {
   |     ^^^^^^^^^^^^^^^^^^^^^^^^^^^^^^^^^^^^^^^^
   |
   = help: for further information visit https://rust-lang.github.io/rust-clippy/master/index.html#missing_errors_doc

warning: variables can be used directly in the `format!` string
  --> kernel/src/actions/deletion_vector_writer.rs:62:41
   |
62 |             .map_err(|e| Error::generic(format!("Failed to serialize deletion vector: {}", e)))?;
   |                                         ^^^^^^^^^^^^^^^^^^^^^^^^^^^^^^^^^^^^^^^^^^^^^^^^^^^^^
   |
   = help: for further information visit https://rust-lang.github.io/rust-clippy/master/index.html#uninlined_format_args
help: change this to
   |
62 -             .map_err(|e| Error::generic(format!("Failed to serialize deletion vector: {}", e)))?;
62 +             .map_err(|e| Error::generic(format!("Failed to serialize deletion vector: {e}")))?;
   |

warning: this method could have a `#[must_use]` attribute
  --> kernel/src/actions/deletion_vector_writer.rs:93:12
   |
93 |     pub fn to_descriptor(self, path: &DeletionVectorPath) -> DeletionVectorDescriptor {
   |            ^^^^^^^^^^^^^
   |
   = help: for further information visit https://rust-lang.github.io/rust-clippy/master/index.html#must_use_candidate
help: add the attribute
   |
93 ~     #[must_use] 
94 ~     pub fn to_descriptor(self, path: &DeletionVectorPath) -> DeletionVectorDescriptor {
   |

warning: this method could have a `#[must_use]` attribute
   --> kernel/src/actions/deletion_vector_writer.rs:130:12
    |
130 |     pub fn new() -> Self {
    |            ^^^
    |
    = help: for further information visit https://rust-lang.github.io/rust-clippy/master/index.html#must_use_candidate
help: add the attribute
    |
130 ~     #[must_use] 
131 ~     pub fn new() -> Self {
    |

warning: this method could have a `#[must_use]` attribute
   --> kernel/src/actions/deletion_vector_writer.rs:148:12
    |
148 |     pub fn cardinality(&self) -> u64 {
    |            ^^^^^^^^^^^
    |
    = help: for further information visit https://rust-lang.github.io/rust-clippy/master/index.html#must_use_candidate
help: add the attribute
    |
148 ~     #[must_use] 
149 ~     pub fn cardinality(&self) -> u64 {
    |

warning: item in documentation is missing backticks
   --> kernel/src/actions/deletion_vector_writer.rs:160:71
    |
160 |     /// Optimized serialization that directly serializes the internal RoaringTreemap.
    |                                                                       ^^^^^^^^^^^^^^
    |
    = help: for further information visit https://rust-lang.github.io/rust-clippy/master/index.html#doc_markdown
help: try
    |
160 -     /// Optimized serialization that directly serializes the internal RoaringTreemap.
160 +     /// Optimized serialization that directly serializes the internal `RoaringTreemap`.
    |

warning: variables can be used directly in the `format!` string
   --> kernel/src/actions/deletion_vector_writer.rs:165:41
    |
165 |             .map_err(|e| Error::generic(format!("Failed to serialize deletion vector: {}", e)))?;
    |                                         ^^^^^^^^^^^^^^^^^^^^^^^^^^^^^^^^^^^^^^^^^^^^^^^^^^^^^
    |
    = help: for further information visit https://rust-lang.github.io/rust-clippy/master/index.html#uninlined_format_args
help: change this to
    |
165 -             .map_err(|e| Error::generic(format!("Failed to serialize deletion vector: {}", e)))?;
165 +             .map_err(|e| Error::generic(format!("Failed to serialize deletion vector: {e}")))?;
    |

warning: variables can be used directly in the `format!` string
   --> kernel/src/actions/deletion_vector_writer.rs:270:45
    |
270 |                 .map_err(|e| Error::generic(format!("Failed to write version byte: {}", e)))?;
    |                                             ^^^^^^^^^^^^^^^^^^^^^^^^^^^^^^^^^^^^^^^^^^^^^^
    |
    = help: for further information visit https://rust-lang.github.io/rust-clippy/master/index.html#uninlined_format_args
help: change this to
    |
270 -                 .map_err(|e| Error::generic(format!("Failed to write version byte: {}", e)))?;
270 +                 .map_err(|e| Error::generic(format!("Failed to write version byte: {e}")))?;
    |

warning: casting `usize` to `u32` may truncate the value on targets with 64-bit wide pointers
   --> kernel/src/actions/deletion_vector_writer.rs:299:26
    |
299 |         let size_bytes = (dv_size as u32).to_be_bytes();
    |                          ^^^^^^^^^^^^^^^^
    |
    = help: if this is intentional allow the lint with `#[allow(clippy::cast_possible_truncation)]` ...
    = help: for further information visit https://rust-lang.github.io/rust-clippy/master/index.html#cast_possible_truncation
help: ... or use `try_from` and handle the error accordingly
    |
299 -         let size_bytes = (dv_size as u32).to_be_bytes();
299 +         let size_bytes = u32::try_from(dv_size).to_be_bytes();
    |

warning: variables can be used directly in the `format!` string
   --> kernel/src/actions/deletion_vector_writer.rs:302:41
    |
302 |             .map_err(|e| Error::generic(format!("Failed to write size: {}", e)))?;
    |                                         ^^^^^^^^^^^^^^^^^^^^^^^^^^^^^^^^^^^^^^
    |
    = help: for further information visit https://rust-lang.github.io/rust-clippy/master/index.html#uninlined_format_args
help: change this to
    |
302 -             .map_err(|e| Error::generic(format!("Failed to write size: {}", e)))?;
302 +             .map_err(|e| Error::generic(format!("Failed to write size: {e}")))?;
    |

warning: variables can be used directly in the `format!` string
   --> kernel/src/actions/deletion_vector_writer.rs:309:41
    |
309 |             .map_err(|e| Error::generic(format!("Failed to write magic: {}", e)))?;
    |                                         ^^^^^^^^^^^^^^^^^^^^^^^^^^^^^^^^^^^^^^^
    |
    = help: for further information visit https://rust-lang.github.io/rust-clippy/master/index.html#uninlined_format_args
help: change this to
    |
309 -             .map_err(|e| Error::generic(format!("Failed to write magic: {}", e)))?;
309 +             .map_err(|e| Error::generic(format!("Failed to write magic: {e}")))?;
    |

warning: variables can be used directly in the `format!` string
   --> kernel/src/actions/deletion_vector_writer.rs:314:41
    |
314 |             .map_err(|e| Error::generic(format!("Failed to write deletion vector data: {}", e)))?;
    |                                         ^^^^^^^^^^^^^^^^^^^^^^^^^^^^^^^^^^^^^^^^^^^^^^^^^^^^^^
    |
    = help: for further information visit https://rust-lang.github.io/rust-clippy/master/index.html#uninlined_format_args
help: change this to
    |
314 -             .map_err(|e| Error::generic(format!("Failed to write deletion vector data: {}", e)))?;
314 +             .map_err(|e| Error::generic(format!("Failed to write deletion vector data: {e}")))?;
    |

warning: variables can be used directly in the `format!` string
   --> kernel/src/actions/deletion_vector_writer.rs:325:41
    |
325 |             .map_err(|e| Error::generic(format!("Failed to write CRC32 checksum: {}", e)))?;
    |                                         ^^^^^^^^^^^^^^^^^^^^^^^^^^^^^^^^^^^^^^^^^^^^^^^^
    |
    = help: for further information visit https://rust-lang.github.io/rust-clippy/master/index.html#uninlined_format_args
help: change this to
    |
325 -             .map_err(|e| Error::generic(format!("Failed to write CRC32 checksum: {}", e)))?;
325 +             .map_err(|e| Error::generic(format!("Failed to write CRC32 checksum: {e}")))?;
    |

warning: casting `usize` to `i32` may truncate the value on targets with 64-bit wide pointers
   --> kernel/src/actions/deletion_vector_writer.rs:333:28
    |
333 |             size_in_bytes: dv_size as i32,
    |                            ^^^^^^^^^^^^^^
    |
    = help: if this is intentional allow the lint with `#[allow(clippy::cast_possible_truncation)]` ...
    = help: for further information visit https://rust-lang.github.io/rust-clippy/master/index.html#cast_possible_truncation
help: ... or use `try_from` and handle the error accordingly
    |
333 -             size_in_bytes: dv_size as i32,
333 +             size_in_bytes: i32::try_from(dv_size),
    |

warning: casting `usize` to `i32` may wrap around the value on targets with 32-bit wide pointers
   --> kernel/src/actions/deletion_vector_writer.rs:333:28
    |
333 |             size_in_bytes: dv_size as i32,
    |                            ^^^^^^^^^^^^^^
    |
    = help: for further information visit https://rust-lang.github.io/rust-clippy/master/index.html#cast_possible_wrap
    = note: `-W clippy::cast-possible-wrap` implied by `-W clippy::pedantic`
    = help: to override `-W clippy::pedantic` add `#[allow(clippy::cast_possible_wrap)]`

warning: casting `u64` to `i64` may wrap around the value
   --> kernel/src/actions/deletion_vector_writer.rs:334:26
    |
334 |             cardinality: cardinality as i64,
    |                          ^^^^^^^^^^^^^^^^^^
    |
    = help: for further information visit https://rust-lang.github.io/rust-clippy/master/index.html#cast_possible_wrap

warning: variables can be used directly in the `format!` string
   --> kernel/src/actions/deletion_vector_writer.rs:364:41
    |
364 |             .map_err(|e| Error::generic(format!("Failed to flush writer: {}", e)))
    |                                         ^^^^^^^^^^^^^^^^^^^^^^^^^^^^^^^^^^^^^^^^
    |
    = help: for further information visit https://rust-lang.github.io/rust-clippy/master/index.html#uninlined_format_args
help: change this to
    |
364 -             .map_err(|e| Error::generic(format!("Failed to flush writer: {}", e)))
364 +             .map_err(|e| Error::generic(format!("Failed to flush writer: {e}")))
    |

warning: item in documentation is missing backticks
  --> kernel/src/actions/set_transaction.rs:37:24
   |
37 |     /// found for each app_id.
   |                        ^^^^^^
   |
   = help: for further information visit https://rust-lang.github.io/rust-clippy/master/index.html#doc_markdown
help: try
   |
37 -     /// found for each app_id.
37 +     /// found for each `app_id`.
   |

warning: redundant closure
  --> kernel/src/actions/set_transaction.rs:58:55
   |
58 |         SetTransactionVisitor::new(application_id.map(|s| s.to_owned()), expiration_timestamp);
   |                                                       ^^^^^^^^^^^^^^^^ help: replace the closure with the method itself: `std::borrow::ToOwned::to_owned`
   |
   = help: for further information visit https://rust-lang.github.io/rust-clippy/master/index.html#redundant_closure_for_method_calls
   = note: `-W clippy::redundant-closure-for-method-calls` implied by `-W clippy::pedantic`
   = help: to override `-W clippy::pedantic` add `#[allow(clippy::redundant_closure_for_method_calls)]`

warning: adding items after statements is confusing, since items exist from the start of the scope
  --> kernel/src/actions/set_transaction.rs:83:5
   |
83 | /     static META_PREDICATE: LazyLock<Option<PredicateRef>> = LazyLock::new(|| {
84 | |         Some(Arc::new(
85 | |             Expr::column([SET_TRANSACTION_NAME, "appId"]).is_not_null(),
86 | |         ))
87 | |     });
   | |_______^
   |
   = help: for further information visit https://rust-lang.github.io/rust-clippy/master/index.html#items_after_statements
   = note: `-W clippy::items-after-statements` implied by `-W clippy::pedantic`
   = help: to override `-W clippy::pedantic` add `#[allow(clippy::items_after_statements)]`

warning: item in documentation is missing backticks
  --> kernel/src/actions/crc.rs:17:35
   |
17 | /// 2. Be stored directly in the _delta_log directory alongside Delta log files
   |                                   ^^^^^^^^^
   |
   = help: for further information visit https://rust-lang.github.io/rust-clippy/master/index.html#doc_markdown
help: try
   |
17 - /// 2. Be stored directly in the _delta_log directory alongside Delta log files
17 + /// 2. Be stored directly in the _`delta_log` directory alongside Delta log files
   |

warning: item in documentation is missing backticks
 --> kernel/src/actions/domain_metadata.rs:1:46
  |
1 | //! This module includes support for reading DomainMetadata from the log. NB: it is similar to the
  |                                              ^^^^^^^^^^^^^^
  |
  = help: for further information visit https://rust-lang.github.io/rust-clippy/master/index.html#doc_markdown
help: try
  |
1 - //! This module includes support for reading DomainMetadata from the log. NB: it is similar to the
1 + //! This module includes support for reading `DomainMetadata` from the log. NB: it is similar to the
  |

warning: item in documentation is missing backticks
 --> kernel/src/actions/domain_metadata.rs:2:5
  |
2 | //! set_transaction module which reads SetTransaction actions from the log.
  |     ^^^^^^^^^^^^^^^
  |
  = help: for further information visit https://rust-lang.github.io/rust-clippy/master/index.html#doc_markdown
help: try
  |
2 - //! set_transaction module which reads SetTransaction actions from the log.
2 + //! `set_transaction` module which reads SetTransaction actions from the log.
  |

warning: item in documentation is missing backticks
 --> kernel/src/actions/domain_metadata.rs:2:40
  |
2 | //! set_transaction module which reads SetTransaction actions from the log.
  |                                        ^^^^^^^^^^^^^^
  |
  = help: for further information visit https://rust-lang.github.io/rust-clippy/master/index.html#doc_markdown
help: try
  |
2 - //! set_transaction module which reads SetTransaction actions from the log.
2 + //! set_transaction module which reads `SetTransaction` actions from the log.
  |

warning: redundant closure
  --> kernel/src/actions/domain_metadata.rs:56:61
   |
56 |     let mut visitor = DomainMetadataVisitor::new(domain.map(|s| s.to_owned()));
   |                                                             ^^^^^^^^^^^^^^^^ help: replace the closure with the method itself: `std::borrow::ToOwned::to_owned`
   |
   = help: for further information visit https://rust-lang.github.io/rust-clippy/master/index.html#redundant_closure_for_method_calls

warning: adding items after statements is confusing, since items exist from the start of the scope
  --> kernel/src/actions/domain_metadata.rs:79:5
   |
79 | /     static META_PREDICATE: LazyLock<Option<PredicateRef>> = LazyLock::new(|| {
80 | |         Some(Arc::new(
81 | |             Expr::column([DOMAIN_METADATA_NAME, DOMAIN_METADATA_DOMAIN_FIELD]).is_not_null(),
82 | |         ))
83 | |     });
   | |_______^
   |
   = help: for further information visit https://rust-lang.github.io/rust-clippy/master/index.html#items_after_statements

warning: item in documentation is missing backticks
   --> kernel/src/actions/visitors.rs:305:72
    |
305 |     /// Minimum timestamp for transaction retention. Transactions with last_updated
    |                                                                        ^^^^^^^^^^^^
    |
    = help: for further information visit https://rust-lang.github.io/rust-clippy/master/index.html#doc_markdown
help: try
    |
305 -     /// Minimum timestamp for transaction retention. Transactions with last_updated
305 +     /// Minimum timestamp for transaction retention. Transactions with `last_updated`
    |

warning: item in documentation is missing backticks
   --> kernel/src/actions/visitors.rs:311:36
    |
311 |     /// Create a new visitor. When application_id is set then bookkeeping is only for that id only
    |                                    ^^^^^^^^^^^^^^
    |
    = help: for further information visit https://rust-lang.github.io/rust-clippy/master/index.html#doc_markdown
help: try
    |
311 -     /// Create a new visitor. When application_id is set then bookkeeping is only for that id only
311 +     /// Create a new visitor. When `application_id` is set then bookkeeping is only for that id only
    |

warning: item in documentation is missing backticks
   --> kernel/src/actions/visitors.rs:430:77
    |
430 | /// This visitor maintains the first entry for each domain it encounters. A domain_filter may be
    |                                                                             ^^^^^^^^^^^^^
    |
    = help: for further information visit https://rust-lang.github.io/rust-clippy/master/index.html#doc_markdown
help: try
    |
430 - /// This visitor maintains the first entry for each domain it encounters. A domain_filter may be
430 + /// This visitor maintains the first entry for each domain it encounters. A `domain_filter` may be
    |

warning: item in documentation is missing backticks
   --> kernel/src/actions/visitors.rs:440:36
    |
440 |     /// Create a new visitor. When domain_filter is set then we only retain
    |                                    ^^^^^^^^^^^^^
    |
    = help: for further information visit https://rust-lang.github.io/rust-clippy/master/index.html#doc_markdown
help: try
    |
440 -     /// Create a new visitor. When domain_filter is set then we only retain
440 +     /// Create a new visitor. When `domain_filter` is set then we only retain
    |

warning: item in documentation is missing backticks
   --> kernel/src/actions/visitors.rs:617:64
    |
617 | /// This visitor extracts the in-commit timestamp (ICT) from a CommitInfo action in the log it is
    |                                                                ^^^^^^^^^^
    |
    = help: for further information visit https://rust-lang.github.io/rust-clippy/master/index.html#doc_markdown
help: try
    |
617 - /// This visitor extracts the in-commit timestamp (ICT) from a CommitInfo action in the log it is
617 + /// This visitor extracts the in-commit timestamp (ICT) from a `CommitInfo` action in the log it is
    |

warning: item in documentation is missing backticks
   --> kernel/src/actions/visitors.rs:622:34
    |
622 | /// timestamps requires that the CommitInfo containing the ICT be the first action in the log.
    |                                  ^^^^^^^^^^
    |
    = help: for further information visit https://rust-lang.github.io/rust-clippy/master/index.html#doc_markdown
help: try
    |
622 - /// timestamps requires that the CommitInfo containing the ICT be the first action in the log.
622 + /// timestamps requires that the `CommitInfo` containing the ICT be the first action in the log.
    |

warning: item in documentation is missing backticks
   --> kernel/src/actions/mod.rs:336:42
    |
336 |     /// Parse the metadata configuration HashMap<String, String> into a TableProperties struct.
    |                                          ^^^^^^^
    |
    = help: for further information visit https://rust-lang.github.io/rust-clippy/master/index.html#doc_markdown
help: try
    |
336 -     /// Parse the metadata configuration HashMap<String, String> into a TableProperties struct.
336 +     /// Parse the metadata configuration `HashMap`<String, String> into a TableProperties struct.
    |

warning: item in documentation is missing backticks
   --> kernel/src/actions/mod.rs:336:73
    |
336 |     /// Parse the metadata configuration HashMap<String, String> into a TableProperties struct.
    |                                                                         ^^^^^^^^^^^^^^^
    |
    = help: for further information visit https://rust-lang.github.io/rust-clippy/master/index.html#doc_markdown
help: try
    |
336 -     /// Parse the metadata configuration HashMap<String, String> into a TableProperties struct.
336 +     /// Parse the metadata configuration HashMap<String, String> into a `TableProperties` struct.
    |

warning: item in documentation is missing backticks
   --> kernel/src/actions/mod.rs:429:47
    |
429 |     /// Create a new Protocol by visiting the EngineData and extracting the first protocol row into
    |                                               ^^^^^^^^^^
    |
    = help: for further information visit https://rust-lang.github.io/rust-clippy/master/index.html#doc_markdown
help: try
    |
429 -     /// Create a new Protocol by visiting the EngineData and extracting the first protocol row into
429 +     /// Create a new Protocol by visiting the `EngineData` and extracting the first protocol row into
    |

warning: item in documentation is missing backticks
   --> kernel/src/actions/mod.rs:686:67
    |
686 |     /// - The `inCommitTimestamp` field must always be present in CommitInfo.
    |                                                                   ^^^^^^^^^^
    |
    = help: for further information visit https://rust-lang.github.io/rust-clippy/master/index.html#doc_markdown
help: try
    |
686 -     /// - The `inCommitTimestamp` field must always be present in CommitInfo.
686 +     /// - The `inCommitTimestamp` field must always be present in `CommitInfo`.
    |

warning: item in documentation is missing backticks
   --> kernel/src/actions/mod.rs:687:15
    |
687 |     /// - The CommitInfo action must always be the first one in a commit.
    |               ^^^^^^^^^^
    |
    = help: for further information visit https://rust-lang.github.io/rust-clippy/master/index.html#doc_markdown
help: try
    |
687 -     /// - The CommitInfo action must always be the first one in a commit.
687 +     /// - The `CommitInfo` action must always be the first one in a commit.
    |

warning: item in documentation is missing backticks
   --> kernel/src/actions/mod.rs:695:28
    |
695 |     /// The version of the delta_kernel crate used to write this commit. The kernel will always
    |                            ^^^^^^^^^^^^
    |
    = help: for further information visit https://rust-lang.github.io/rust-clippy/master/index.html#doc_markdown
help: try
    |
695 -     /// The version of the delta_kernel crate used to write this commit. The kernel will always
695 +     /// The version of the `delta_kernel` crate used to write this commit. The kernel will always
    |

warning: redundant closure
   --> kernel/src/actions/mod.rs:818:43
    |
818 |         self.deletion_vector.as_ref().map(|dv| dv.unique_id())
    |                                           ^^^^^^^^^^^^^^^^^^^ help: replace the closure with the method itself: `deletion_vector::DeletionVectorDescriptor::unique_id`
    |
    = help: for further information visit https://rust-lang.github.io/rust-clippy/master/index.html#redundant_closure_for_method_calls

warning: item in documentation is missing backticks
   --> kernel/src/actions/mod.rs:963:39
    |
963 |     /// Convert a Sidecar record to a FileMeta.
    |                                       ^^^^^^^^
    |
    = help: for further information visit https://rust-lang.github.io/rust-clippy/master/index.html#doc_markdown
help: try
    |
963 -     /// Convert a Sidecar record to a FileMeta.
963 +     /// Convert a Sidecar record to a `FileMeta`.
    |

warning: item in documentation is missing backticks
   --> kernel/src/actions/mod.rs:965:66
    |
965 |     /// This helper first builds the URL by joining the provided log_root with
    |                                                                  ^^^^^^^^
    |
    = help: for further information visit https://rust-lang.github.io/rust-clippy/master/index.html#doc_markdown
help: try
    |
965 -     /// This helper first builds the URL by joining the provided log_root with
965 +     /// This helper first builds the URL by joining the provided `log_root` with
    |

warning: item in documentation is missing backticks
   --> kernel/src/actions/mod.rs:981:9
    |
981 | /// The CheckpointMetadata action describes details about a checkpoint following the V2 specification.
    |         ^^^^^^^^^^^^^^^^^^
    |
    = help: for further information visit https://rust-lang.github.io/rust-clippy/master/index.html#doc_markdown
help: try
    |
981 - /// The CheckpointMetadata action describes details about a checkpoint following the V2 specification.
981 + /// The `CheckpointMetadata` action describes details about a checkpoint following the V2 specification.
    |

warning: item in documentation is missing backticks
    --> kernel/src/actions/mod.rs:1015:22
     |
1015 |     /// Create a new DomainMetadata action.
     |                      ^^^^^^^^^^^^^^
     |
     = help: for further information visit https://rust-lang.github.io/rust-clippy/master/index.html#doc_markdown
help: try
     |
1015 -     /// Create a new DomainMetadata action.
1015 +     /// Create a new `DomainMetadata` action.
     |

warning: item in documentation is missing backticks
    --> kernel/src/actions/mod.rs:1024:22
     |
1024 |     /// Create a new DomainMetadata action to remove a domain.
     |                      ^^^^^^^^^^^^^^
     |
     = help: for further information visit https://rust-lang.github.io/rust-clippy/master/index.html#doc_markdown
help: try
     |
1024 -     /// Create a new DomainMetadata action to remove a domain.
1024 +     /// Create a new `DomainMetadata` action to remove a domain.
     |

warning: item in documentation is missing backticks
   --> kernel/src/checkpoint/mod.rs:113:78
    |
113 | /// We cannot use `LastCheckpointInfo::to_schema()` as it would include the 'checkpoint_schema'
    |                                                                              ^^^^^^^^^^^^^^^^^
    |
    = help: for further information visit https://rust-lang.github.io/rust-clippy/master/index.html#doc_markdown
help: try
    |
113 - /// We cannot use `LastCheckpointInfo::to_schema()` as it would include the 'checkpoint_schema'
113 + /// We cannot use `LastCheckpointInfo::to_schema()` as it would include the '`checkpoint_schema`'
    |

warning: docs for function returning `Result` missing `# Errors` section
   --> kernel/src/checkpoint/mod.rs:204:5
    |
204 |     pub fn checkpoint_path(&self) -> DeltaResult<Url> {
    |     ^^^^^^^^^^^^^^^^^^^^^^^^^^^^^^^^^^^^^^^^^^^^^^^^^
    |
    = help: for further information visit https://rust-lang.github.io/rust-clippy/master/index.html#missing_errors_doc

warning: docs for function returning `Result` missing `# Errors` section
   --> kernel/src/checkpoint/mod.rs:228:5
    |
228 | /     pub fn checkpoint_data(
229 | |         &self,
230 | |         engine: &dyn Engine,
231 | |     ) -> DeltaResult<ActionReconciliationIterator> {
    | |__________________________________________________^
    |
    = help: for further information visit https://rust-lang.github.io/rust-clippy/master/index.html#missing_errors_doc

warning: docs for function returning `Result` missing `# Errors` section
   --> kernel/src/checkpoint/mod.rs:276:5
    |
276 | /     pub fn finalize(
277 | |         self,
278 | |         engine: &dyn Engine,
279 | |         metadata: &FileMeta,
280 | |         checkpoint_data: ActionReconciliationIterator,
281 | |     ) -> DeltaResult<()> {
    | |________________________^
    |
    = help: for further information visit https://rust-lang.github.io/rust-clippy/master/index.html#missing_errors_doc

warning: this argument is passed by value, but not consumed in the function body
   --> kernel/src/checkpoint/mod.rs:280:26
    |
280 |         checkpoint_data: ActionReconciliationIterator,
    |                          ^^^^^^^^^^^^^^^^^^^^^^^^^^^^
    |
    = help: for further information visit https://rust-lang.github.io/rust-clippy/master/index.html#needless_pass_by_value
help: consider taking a reference instead
    |
280 |         checkpoint_data: &ActionReconciliationIterator,
    |                          +

warning: item in documentation is missing backticks
   --> kernel/src/checkpoint/mod.rs:352:31
    |
352 | /// Creates the data for the _last_checkpoint file containing checkpoint
    |                               ^^^^^^^^^^^^^^^
    |
    = help: for further information visit https://rust-lang.github.io/rust-clippy/master/index.html#doc_markdown
help: try
    |
352 - /// Creates the data for the _last_checkpoint file containing checkpoint
352 + /// Creates the data for the _`last_checkpoint` file containing checkpoint
    |

warning: you should put bare URLs between `<`/`>` or make a proper Markdown link
  --> kernel/src/committer.rs:61:52
   |
61 |     /// The commit path is the absolute path (e.g. s3://bucket/table/_delta_log/{version}.json) to
   |                                                    ^^^^^^^^^^^^^^^^^ help: try: `<s3://bucket/table>`
   |
   = help: for further information visit https://rust-lang.github.io/rust-clippy/master/index.html#doc_markdown

warning: item in documentation is missing backticks
  --> kernel/src/committer.rs:61:71
   |
61 |     /// The commit path is the absolute path (e.g. s3://bucket/table/_delta_log/{version}.json) to
   |                                                                       ^^^^^^^^^^^^^^^^^^^^^^^^
   |
   = help: for further information visit https://rust-lang.github.io/rust-clippy/master/index.html#doc_markdown
help: try
   |
61 -     /// The commit path is the absolute path (e.g. s3://bucket/table/_delta_log/{version}.json) to
61 +     /// The commit path is the absolute path (e.g. s3://bucket/table/_`delta_log/{version}.json`) to
   |

warning: docs for function returning `Result` missing `# Errors` section
  --> kernel/src/committer.rs:63:5
   |
63 |     pub fn published_commit_path(&self) -> DeltaResult<Url> {
   |     ^^^^^^^^^^^^^^^^^^^^^^^^^^^^^^^^^^^^^^^^^^^^^^^^^^^^^^^
   |
   = help: for further information visit https://rust-lang.github.io/rust-clippy/master/index.html#missing_errors_doc

warning: you should put bare URLs between `<`/`>` or make a proper Markdown link
  --> kernel/src/committer.rs:70:9
   |
70 |     /// s3://bucket/table/_delta_log/{version}.{uuid}.json) to the staged commit file.
   |         ^^^^^^^^^^^^^^^^^ help: try: `<s3://bucket/table>`
   |
   = help: for further information visit https://rust-lang.github.io/rust-clippy/master/index.html#doc_markdown

warning: item in documentation is missing backticks
  --> kernel/src/committer.rs:70:28
   |
70 |     /// s3://bucket/table/_delta_log/{version}.{uuid}.json) to the staged commit file.
   |                            ^^^^^^^^^^^^^^^^^^^^^^^^^^^^^^^
   |
   = help: for further information visit https://rust-lang.github.io/rust-clippy/master/index.html#doc_markdown
help: try
   |
70 -     /// s3://bucket/table/_delta_log/{version}.{uuid}.json) to the staged commit file.
70 +     /// s3://bucket/table/_`delta_log/{version}.{uuid}.json`) to the staged commit file.
   |

warning: docs for function returning `Result` missing `# Errors` section
  --> kernel/src/committer.rs:71:5
   |
71 |     pub fn staged_commit_path(&self) -> DeltaResult<Url> {
   |     ^^^^^^^^^^^^^^^^^^^^^^^^^^^^^^^^^^^^^^^^^^^^^^^^^^^^
   |
   = help: for further information visit https://rust-lang.github.io/rust-clippy/master/index.html#missing_errors_doc

warning: this method could have a `#[must_use]` attribute
  --> kernel/src/committer.rs:78:12
   |
78 |     pub fn version(&self) -> Version {
   |            ^^^^^^^
   |
   = help: for further information visit https://rust-lang.github.io/rust-clippy/master/index.html#must_use_candidate
help: add the attribute
   |
78 ~     #[must_use] 
79 ~     pub fn version(&self) -> Version {
   |

warning: this method could have a `#[must_use]` attribute
  --> kernel/src/committer.rs:84:12
   |
84 |     pub fn in_commit_timestamp(&self) -> i64 {
   |            ^^^^^^^^^^^^^^^^^^^
   |
   = help: for further information visit https://rust-lang.github.io/rust-clippy/master/index.html#must_use_candidate
help: add the attribute
   |
84 ~     #[must_use] 
85 ~     pub fn in_commit_timestamp(&self) -> i64 {
   |

warning: this method could have a `#[must_use]` attribute
  --> kernel/src/committer.rs:88:12
   |
88 |     pub fn table_root(&self) -> &Url {
   |            ^^^^^^^^^^
   |
   = help: for further information visit https://rust-lang.github.io/rust-clippy/master/index.html#must_use_candidate
help: add the attribute
   |
88 ~     #[must_use] 
89 ~     pub fn table_root(&self) -> &Url {
   |

warning: docs for function returning `Result` missing `# Errors` section
   --> kernel/src/committer.rs:126:5
    |
126 | /     fn commit(
127 | |         &self,
128 | |         engine: &dyn Engine,
129 | |         actions: Box<dyn Iterator<Item = DeltaResult<FilteredEngineData>> + Send + '_>,
130 | |         commit_metadata: CommitMetadata,
131 | |     ) -> DeltaResult<CommitResponse>;
    | |_____________________________________^
    |
    = help: for further information visit https://rust-lang.github.io/rust-clippy/master/index.html#missing_errors_doc

warning: this method could have a `#[must_use]` attribute
   --> kernel/src/committer.rs:143:12
    |
143 |     pub fn new() -> Self {
    |            ^^^
    |
    = help: for further information visit https://rust-lang.github.io/rust-clippy/master/index.html#must_use_candidate
help: add the attribute
    |
143 ~     #[must_use] 
144 ~     pub fn new() -> Self {
    |

warning: docs for function returning `Result` missing `# Errors` section
  --> kernel/src/engine_data.rs:28:5
   |
28 |     pub fn try_new(data: Box<dyn EngineData>, selection_vector: Vec<bool>) -> DeltaResult<Self> {
   |     ^^^^^^^^^^^^^^^^^^^^^^^^^^^^^^^^^^^^^^^^^^^^^^^^^^^^^^^^^^^^^^^^^^^^^^^^^^^^^^^^^^^^^^^^^^^
   |
   = help: for further information visit https://rust-lang.github.io/rust-clippy/master/index.html#missing_errors_doc

warning: this method could have a `#[must_use]` attribute
  --> kernel/src/engine_data.rs:43:12
   |
43 |     pub fn data(&self) -> &dyn EngineData {
   |            ^^^^
   |
   = help: for further information visit https://rust-lang.github.io/rust-clippy/master/index.html#must_use_candidate
help: add the attribute
   |
43 ~     #[must_use] 
44 ~     pub fn data(&self) -> &dyn EngineData {
   |

warning: this method could have a `#[must_use]` attribute
  --> kernel/src/engine_data.rs:48:12
   |
48 |     pub fn selection_vector(&self) -> &[bool] {
   |            ^^^^^^^^^^^^^^^^
   |
   = help: for further information visit https://rust-lang.github.io/rust-clippy/master/index.html#must_use_candidate
help: add the attribute
   |
48 ~     #[must_use] 
49 ~     pub fn selection_vector(&self) -> &[bool] {
   |

warning: item in documentation is missing backticks
  --> kernel/src/engine_data.rs:52:22
   |
52 |     /// Consumes the FilteredEngineData and returns the underlying data and selection vector.
   |                      ^^^^^^^^^^^^^^^^^^
   |
   = help: for further information visit https://rust-lang.github.io/rust-clippy/master/index.html#doc_markdown
help: try
   |
52 -     /// Consumes the FilteredEngineData and returns the underlying data and selection vector.
52 +     /// Consumes the `FilteredEngineData` and returns the underlying data and selection vector.
   |

warning: this method could have a `#[must_use]` attribute
  --> kernel/src/engine_data.rs:53:12
   |
53 |     pub fn into_parts(self) -> (Box<dyn EngineData>, Vec<bool>) {
   |            ^^^^^^^^^^
   |
   = help: for further information visit https://rust-lang.github.io/rust-clippy/master/index.html#must_use_candidate
help: add the attribute
   |
53 ~     #[must_use] 
54 ~     pub fn into_parts(self) -> (Box<dyn EngineData>, Vec<bool>) {
   |

warning: this method could have a `#[must_use]` attribute
  --> kernel/src/engine_data.rs:61:12
   |
61 |     pub fn with_all_rows_selected(data: Box<dyn EngineData>) -> Self {
   |            ^^^^^^^^^^^^^^^^^^^^^^
   |
   = help: for further information visit https://rust-lang.github.io/rust-clippy/master/index.html#must_use_candidate
help: add the attribute
   |
61 ~     #[must_use] 
62 ~     pub fn with_all_rows_selected(data: Box<dyn EngineData>) -> Self {
   |

warning: docs for function returning `Result` missing `# Errors` section
  --> kernel/src/engine_data.rs:70:5
   |
70 |     pub fn apply_selection_vector(self) -> DeltaResult<Box<dyn EngineData>> {
   |     ^^^^^^^^^^^^^^^^^^^^^^^^^^^^^^^^^^^^^^^^^^^^^^^^^^^^^^^^^^^^^^^^^^^^^^^
   |
   = help: for further information visit https://rust-lang.github.io/rust-clippy/master/index.html#missing_errors_doc

warning: item in documentation is missing backticks
   --> kernel/src/engine_data.rs:107:56
    |
107 |     /// Return the length of the list at the specified row_index in the raw data
    |                                                        ^^^^^^^^^
    |
    = help: for further information visit https://rust-lang.github.io/rust-clippy/master/index.html#doc_markdown
help: try
    |
107 -     /// Return the length of the list at the specified row_index in the raw data
107 +     /// Return the length of the list at the specified `row_index` in the raw data
    |

warning: item in documentation is missing backticks
   --> kernel/src/engine_data.rs:111:40
    |
111 |     /// Materialize the entire list at row_index in the raw data into a `Vec<String>`
    |                                        ^^^^^^^^^
    |
    = help: for further information visit https://rust-lang.github.io/rust-clippy/master/index.html#doc_markdown
help: try
    |
111 -     /// Materialize the entire list at row_index in the raw data into a `Vec<String>`
111 +     /// Materialize the entire list at `row_index` in the raw data into a `Vec<String>`
    |

warning: this method could have a `#[must_use]` attribute
   --> kernel/src/engine_data.rs:127:12
    |
127 |     pub fn len(&self) -> usize {
    |            ^^^
    |
    = help: for further information visit https://rust-lang.github.io/rust-clippy/master/index.html#must_use_candidate
help: add the attribute
    |
127 ~     #[must_use] 
128 ~     pub fn len(&self) -> usize {
    |

warning: this method could have a `#[must_use]` attribute
   --> kernel/src/engine_data.rs:131:12
    |
131 |     pub fn is_empty(&self) -> bool {
    |            ^^^^^^^^
    |
    = help: for further information visit https://rust-lang.github.io/rust-clippy/master/index.html#must_use_candidate
help: add the attribute
    |
131 ~     #[must_use] 
132 ~     pub fn is_empty(&self) -> bool {
    |

warning: this method could have a `#[must_use]` attribute
   --> kernel/src/engine_data.rs:135:12
    |
135 |     pub fn get(&self, list_index: usize) -> String {
    |            ^^^
    |
    = help: for further information visit https://rust-lang.github.io/rust-clippy/master/index.html#must_use_candidate
help: add the attribute
    |
135 ~     #[must_use] 
136 ~     pub fn get(&self, list_index: usize) -> String {
    |

warning: this method could have a `#[must_use]` attribute
   --> kernel/src/engine_data.rs:139:12
    |
139 |     pub fn materialize(&self) -> Vec<String> {
    |            ^^^^^^^^^^^
    |
    = help: for further information visit https://rust-lang.github.io/rust-clippy/master/index.html#must_use_candidate
help: add the attribute
    |
139 ~     #[must_use] 
140 ~     pub fn materialize(&self) -> Vec<String> {
    |

warning: this method could have a `#[must_use]` attribute
   --> kernel/src/engine_data.rs:168:12
    |
168 |     pub fn get(&self, key: &str) -> Option<&'a str> {
    |            ^^^
    |
    = help: for further information visit https://rust-lang.github.io/rust-clippy/master/index.html#must_use_candidate
help: add the attribute
    |
168 ~     #[must_use] 
169 ~     pub fn get(&self, key: &str) -> Option<&'a str> {
    |

warning: this method could have a `#[must_use]` attribute
   --> kernel/src/engine_data.rs:172:12
    |
172 |     pub fn materialize(&self) -> HashMap<String, String> {
    |            ^^^^^^^^^^^
    |
    = help: for further information visit https://rust-lang.github.io/rust-clippy/master/index.html#must_use_candidate
help: add the attribute
    |
172 ~     #[must_use] 
173 ~     pub fn materialize(&self) -> HashMap<String, String> {
    |

warning: item in documentation is missing backticks
   --> kernel/src/engine_data.rs:189:39
    |
189 | /// implement this trait. This allows type_safe extraction from the raw data by the kernel. By
    |                                       ^^^^^^^^^
    |
    = help: for further information visit https://rust-lang.github.io/rust-clippy/master/index.html#doc_markdown
help: try
    |
189 - /// implement this trait. This allows type_safe extraction from the raw data by the kernel. By
189 + /// implement this trait. This allows `type_safe` extraction from the raw data by the kernel. By
    |

warning: docs for function returning `Result` missing `# Errors` section
   --> kernel/src/engine_data.rs:180:13
    |
180 |               fn $name(&'a self, _row_index: usize, field_name: &str) -> DeltaResult<Option<$typ>> {
    |               ^^^^^^^^^^^^^^^^^^^^^^^^^^^^^^^^^^^^^^^^^^^^^^^^^^^^^^^^^^^^^^^^^^^^^^^^^^^^^^^^^^^^
...
194 | /     impl_default_get!(
195 | |         (get_bool, bool),
196 | |         (get_int, i32),
197 | |         (get_long, i64),
...   |
201 | |         (get_map, MapItem<'a>)
202 | |     );
    | |_____- in this macro invocation
    |
    = help: for further information visit https://rust-lang.github.io/rust-clippy/master/index.html#missing_errors_doc
    = note: this warning originates in the macro `impl_default_get` (in Nightly builds, run with -Z macro-backtrace for more info)

warning: docs for function returning `Result` missing `# Errors` section
   --> kernel/src/engine_data.rs:230:5
    |
230 |     fn get_opt(&'a self, row_index: usize, field_name: &str) -> DeltaResult<Option<T>>;
    |     ^^^^^^^^^^^^^^^^^^^^^^^^^^^^^^^^^^^^^^^^^^^^^^^^^^^^^^^^^^^^^^^^^^^^^^^^^^^^^^^^^^^
    |
    = help: for further information visit https://rust-lang.github.io/rust-clippy/master/index.html#missing_errors_doc

warning: docs for function returning `Result` missing `# Errors` section
   --> kernel/src/engine_data.rs:231:5
    |
231 |     fn get(&'a self, row_index: usize, field_name: &str) -> DeltaResult<T> {
    |     ^^^^^^^^^^^^^^^^^^^^^^^^^^^^^^^^^^^^^^^^^^^^^^^^^^^^^^^^^^^^^^^^^^^^^^
    |
    = help: for further information visit https://rust-lang.github.io/rust-clippy/master/index.html#missing_errors_doc

warning: redundant closure
   --> kernel/src/engine_data.rs:264:28
    |
264 |             .map(|s| s.map(|s| s.to_string()))
    |                            ^^^^^^^^^^^^^^^^^ help: replace the closure with the method itself: `std::string::ToString::to_string`
    |
    = help: for further information visit https://rust-lang.github.io/rust-clippy/master/index.html#redundant_closure_for_method_calls

warning: docs for function returning `Result` missing `# Errors` section
   --> kernel/src/engine_data.rs:307:5
    |
307 |     fn visit<'a>(&mut self, row_count: usize, getters: &[&'a dyn GetData<'a>]) -> DeltaResult<()>;
    |     ^^^^^^^^^^^^^^^^^^^^^^^^^^^^^^^^^^^^^^^^^^^^^^^^^^^^^^^^^^^^^^^^^^^^^^^^^^^^^^^^^^^^^^^^^^^^^^
    |
    = help: for further information visit https://rust-lang.github.io/rust-clippy/master/index.html#missing_errors_doc

warning: docs for function returning `Result` missing `# Errors` section
   --> kernel/src/engine_data.rs:312:5
    |
312 | /     fn visit_rows_of(&mut self, data: &dyn EngineData) -> DeltaResult<()>
313 | |     where
314 | |         Self: Sized,
    | |____________________^
    |
    = help: for further information visit https://rust-lang.github.io/rust-clippy/master/index.html#missing_errors_doc

warning: docs for function returning `Result` missing `# Errors` section
   --> kernel/src/engine_data.rs:357:5
    |
357 | /     fn visit_rows(
358 | |         &self,
359 | |         column_names: &[ColumnName],
360 | |         visitor: &mut dyn RowVisitor,
361 | |     ) -> DeltaResult<()>;
    | |_________________________^
    |
    = help: for further information visit https://rust-lang.github.io/rust-clippy/master/index.html#missing_errors_doc

warning: item in documentation is missing backticks
   --> kernel/src/engine_data.rs:398:37
    |
398 |     /// included. This consumes the EngineData, allowing engines to implement this "in place" if
    |                                     ^^^^^^^^^^
    |
    = help: for further information visit https://rust-lang.github.io/rust-clippy/master/index.html#doc_markdown
help: try
    |
398 -     /// included. This consumes the EngineData, allowing engines to implement this "in place" if
398 +     /// included. This consumes the `EngineData`, allowing engines to implement this "in place" if
    |

warning: docs for function returning `Result` missing `# Errors` section
   --> kernel/src/engine_data.rs:400:5
    |
400 | /     fn apply_selection_vector(
401 | |         self: Box<Self>,
402 | |         selection_vector: Vec<bool>,
403 | |     ) -> DeltaResult<Box<dyn EngineData>>;
    | |__________________________________________^
    |
    = help: for further information visit https://rust-lang.github.io/rust-clippy/master/index.html#missing_errors_doc

warning: item in documentation is missing backticks
  --> kernel/src/error.rs:26:25
   |
26 |     /// backtrace (when RUST_BACKTRACE=1), annotate the error with `#[error(transparent)]` and then
   |                         ^^^^^^^^^^^^^^^^
   |
   = help: for further information visit https://rust-lang.github.io/rust-clippy/master/index.html#doc_markdown
help: try
   |
26 -     /// backtrace (when RUST_BACKTRACE=1), annotate the error with `#[error(transparent)]` and then
26 +     /// backtrace (when `RUST_BACKTRACE=1`), annotate the error with `#[error(transparent)]` and then
   |

warning: item in documentation is missing backticks
  --> kernel/src/error.rs:28:20
   |
28 |     /// below. See IOError for an example.
   |                    ^^^^^^^
   |
   = help: for further information visit https://rust-lang.github.io/rust-clippy/master/index.html#doc_markdown
help: try
   |
28 -     /// below. See IOError for an example.
28 +     /// below. See `IOError` for an example.
   |

warning: item in documentation is missing backticks
  --> kernel/src/error.rs:75:39
   |
75 |     /// An error interacting with the object_store crate
   |                                       ^^^^^^^^^^^^
   |
   = help: for further information visit https://rust-lang.github.io/rust-clippy/master/index.html#doc_markdown
help: try
   |
75 -     /// An error interacting with the object_store crate
75 +     /// An error interacting with the `object_store` crate
   |

warning: item in documentation is missing backticks
  --> kernel/src/error.rs:82:46
   |
82 |     /// An error working with paths from the object_store crate
   |                                              ^^^^^^^^^^^^
   |
   = help: for further information visit https://rust-lang.github.io/rust-clippy/master/index.html#doc_markdown
help: try
   |
82 -     /// An error working with paths from the object_store crate
82 +     /// An error working with paths from the `object_store` crate
   |

warning: this argument is passed by value, but not consumed in the function body
   --> kernel/src/error.rs:217:41
    |
217 |     pub(crate) fn checkpoint_write(msg: impl ToString) -> Self {
    |                                         ^^^^^^^^^^^^^
    |
    = help: for further information visit https://rust-lang.github.io/rust-clippy/master/index.html#needless_pass_by_value
help: consider taking a reference instead
    |
217 |     pub(crate) fn checkpoint_write(msg: &impl ToString) -> Self {
    |                                         +

warning: this argument is passed by value, but not consumed in the function body
   --> kernel/src/error.rs:226:25
    |
226 |     pub fn generic(msg: impl ToString) -> Self {
    |                         ^^^^^^^^^^^^^
    |
    = help: for further information visit https://rust-lang.github.io/rust-clippy/master/index.html#needless_pass_by_value
help: consider taking a reference instead
    |
226 |     pub fn generic(msg: &impl ToString) -> Self {
    |                         +

warning: this argument is passed by value, but not consumed in the function body
   --> kernel/src/error.rs:229:33
    |
229 |     pub fn file_not_found(path: impl ToString) -> Self {
    |                                 ^^^^^^^^^^^^^
    |
    = help: for further information visit https://rust-lang.github.io/rust-clippy/master/index.html#needless_pass_by_value
help: consider taking a reference instead
    |
229 |     pub fn file_not_found(path: &impl ToString) -> Self {
    |                                 +

warning: this argument is passed by value, but not consumed in the function body
   --> kernel/src/error.rs:232:33
    |
232 |     pub fn missing_column(name: impl ToString) -> Self {
    |                                 ^^^^^^^^^^^^^
    |
    = help: for further information visit https://rust-lang.github.io/rust-clippy/master/index.html#needless_pass_by_value
help: consider taking a reference instead
    |
232 |     pub fn missing_column(name: &impl ToString) -> Self {
    |                                 +

warning: this argument is passed by value, but not consumed in the function body
   --> kernel/src/error.rs:235:41
    |
235 |     pub fn unexpected_column_type(name: impl ToString) -> Self {
    |                                         ^^^^^^^^^^^^^
    |
    = help: for further information visit https://rust-lang.github.io/rust-clippy/master/index.html#needless_pass_by_value
help: consider taking a reference instead
    |
235 |     pub fn unexpected_column_type(name: &impl ToString) -> Self {
    |                                         +

warning: this argument is passed by value, but not consumed in the function body
   --> kernel/src/error.rs:238:31
    |
238 |     pub fn missing_data(name: impl ToString) -> Self {
    |                               ^^^^^^^^^^^^^
    |
    = help: for further information visit https://rust-lang.github.io/rust-clippy/master/index.html#needless_pass_by_value
help: consider taking a reference instead
    |
238 |     pub fn missing_data(name: &impl ToString) -> Self {
    |                               +

warning: this argument is passed by value, but not consumed in the function body
   --> kernel/src/error.rs:241:33
    |
241 |     pub fn deletion_vector(msg: impl ToString) -> Self {
    |                                 ^^^^^^^^^^^^^
    |
    = help: for further information visit https://rust-lang.github.io/rust-clippy/master/index.html#needless_pass_by_value
help: consider taking a reference instead
    |
241 |     pub fn deletion_vector(msg: &impl ToString) -> Self {
    |                                 +

warning: this argument is passed by value, but not consumed in the function body
   --> kernel/src/error.rs:244:34
    |
244 |     pub fn engine_data_type(msg: impl ToString) -> Self {
    |                                  ^^^^^^^^^^^^^
    |
    = help: for further information visit https://rust-lang.github.io/rust-clippy/master/index.html#needless_pass_by_value
help: consider taking a reference instead
    |
244 |     pub fn engine_data_type(msg: &impl ToString) -> Self {
    |                                  +

warning: this argument is passed by value, but not consumed in the function body
   --> kernel/src/error.rs:247:30
    |
247 |     pub fn join_failure(msg: impl ToString) -> Self {
    |                              ^^^^^^^^^^^^^
    |
    = help: for further information visit https://rust-lang.github.io/rust-clippy/master/index.html#needless_pass_by_value
help: consider taking a reference instead
    |
247 |     pub fn join_failure(msg: &impl ToString) -> Self {
    |                              +

warning: this argument is passed by value, but not consumed in the function body
   --> kernel/src/error.rs:250:45
    |
250 |     pub fn invalid_table_location(location: impl ToString) -> Self {
    |                                             ^^^^^^^^^^^^^
    |
    = help: for further information visit https://rust-lang.github.io/rust-clippy/master/index.html#needless_pass_by_value
help: consider taking a reference instead
    |
250 |     pub fn invalid_table_location(location: &impl ToString) -> Self {
    |                                             +

warning: this argument is passed by value, but not consumed in the function body
   --> kernel/src/error.rs:253:46
    |
253 |     pub fn invalid_column_mapping_mode(mode: impl ToString) -> Self {
    |                                              ^^^^^^^^^^^^^
    |
    = help: for further information visit https://rust-lang.github.io/rust-clippy/master/index.html#needless_pass_by_value
help: consider taking a reference instead
    |
253 |     pub fn invalid_column_mapping_mode(mode: &impl ToString) -> Self {
    |                                              +

warning: this argument is passed by value, but not consumed in the function body
   --> kernel/src/error.rs:256:33
    |
256 |     pub fn invalid_decimal(msg: impl ToString) -> Self {
    |                                 ^^^^^^^^^^^^^
    |
    = help: for further information visit https://rust-lang.github.io/rust-clippy/master/index.html#needless_pass_by_value
help: consider taking a reference instead
    |
256 |     pub fn invalid_decimal(msg: &impl ToString) -> Self {
    |                                 +

warning: this argument is passed by value, but not consumed in the function body
   --> kernel/src/error.rs:259:37
    |
259 |     pub fn invalid_struct_data(msg: impl ToString) -> Self {
    |                                     ^^^^^^^^^^^^^
    |
    = help: for further information visit https://rust-lang.github.io/rust-clippy/master/index.html#needless_pass_by_value
help: consider taking a reference instead
    |
259 |     pub fn invalid_struct_data(msg: &impl ToString) -> Self {
    |                                     +

warning: this argument is passed by value, but not consumed in the function body
   --> kernel/src/error.rs:262:36
    |
262 |     pub fn invalid_expression(msg: impl ToString) -> Self {
    |                                    ^^^^^^^^^^^^^
    |
    = help: for further information visit https://rust-lang.github.io/rust-clippy/master/index.html#needless_pass_by_value
help: consider taking a reference instead
    |
262 |     pub fn invalid_expression(msg: &impl ToString) -> Self {
    |                                    +

warning: this argument is passed by value, but not consumed in the function body
   --> kernel/src/error.rs:265:41
    |
265 |     pub(crate) fn invalid_log_path(msg: impl ToString) -> Self {
    |                                         ^^^^^^^^^^^^^
    |
    = help: for further information visit https://rust-lang.github.io/rust-clippy/master/index.html#needless_pass_by_value
help: consider taking a reference instead
    |
265 |     pub(crate) fn invalid_log_path(msg: &impl ToString) -> Self {
    |                                         +

warning: this argument is passed by value, but not consumed in the function body
   --> kernel/src/error.rs:269:32
    |
269 |     pub fn internal_error(msg: impl ToString) -> Self {
    |                                ^^^^^^^^^^^^^
    |
    = help: for further information visit https://rust-lang.github.io/rust-clippy/master/index.html#needless_pass_by_value
help: consider taking a reference instead
    |
269 |     pub fn internal_error(msg: &impl ToString) -> Self {
    |                                +

warning: this argument is passed by value, but not consumed in the function body
   --> kernel/src/error.rs:273:34
    |
273 |     pub fn invalid_protocol(msg: impl ToString) -> Self {
    |                                  ^^^^^^^^^^^^^
    |
    = help: for further information visit https://rust-lang.github.io/rust-clippy/master/index.html#needless_pass_by_value
help: consider taking a reference instead
    |
273 |     pub fn invalid_protocol(msg: &impl ToString) -> Self {
    |                                  +

warning: this argument is passed by value, but not consumed in the function body
   --> kernel/src/error.rs:277:29
    |
277 |     pub fn unsupported(msg: impl ToString) -> Self {
    |                             ^^^^^^^^^^^^^
    |
    = help: for further information visit https://rust-lang.github.io/rust-clippy/master/index.html#needless_pass_by_value
help: consider taking a reference instead
    |
277 |     pub fn unsupported(msg: &impl ToString) -> Self {
    |                             +

warning: this argument is passed by value, but not consumed in the function body
   --> kernel/src/error.rs:290:36
    |
290 |     pub fn invalid_checkpoint(msg: impl ToString) -> Self {
    |                                    ^^^^^^^^^^^^^
    |
    = help: for further information visit https://rust-lang.github.io/rust-clippy/master/index.html#needless_pass_by_value
help: consider taking a reference instead
    |
290 |     pub fn invalid_checkpoint(msg: &impl ToString) -> Self {
    |                                    +

warning: this argument is passed by value, but not consumed in the function body
   --> kernel/src/error.rs:294:31
    |
294 |     pub(crate) fn schema(msg: impl ToString) -> Self {
    |                               ^^^^^^^^^^^^^
    |
    = help: for further information visit https://rust-lang.github.io/rust-clippy/master/index.html#needless_pass_by_value
help: consider taking a reference instead
    |
294 |     pub(crate) fn schema(msg: &impl ToString) -> Self {
    |                               +

warning: docs for function returning `Result` missing `# Errors` section
  --> kernel/src/expressions/column_names.rs:53:5
   |
53 |     pub fn parse_column_name_list(names: impl AsRef<str>) -> DeltaResult<Vec<ColumnName>> {
   |     ^^^^^^^^^^^^^^^^^^^^^^^^^^^^^^^^^^^^^^^^^^^^^^^^^^^^^^^^^^^^^^^^^^^^^^^^^^^^^^^^^^^^^
   |
   = help: for further information visit https://rust-lang.github.io/rust-clippy/master/index.html#missing_errors_doc

warning: this method could have a `#[must_use]` attribute
  --> kernel/src/expressions/column_names.rs:87:12
   |
87 |     pub fn join(&self, right: &ColumnName) -> ColumnName {
   |            ^^^^
   |
   = help: for further information visit https://rust-lang.github.io/rust-clippy/master/index.html#must_use_candidate
help: add the attribute
   |
87 ~     #[must_use] 
88 ~     pub fn join(&self, right: &ColumnName) -> ColumnName {
   |

warning: missing `#[must_use]` attribute on a method returning `Self`
  --> kernel/src/expressions/column_names.rs:87:5
   |
87 | /     pub fn join(&self, right: &ColumnName) -> ColumnName {
88 | |         [self.clone(), right.clone()].into_iter().collect()
89 | |     }
   | |_____^
   |
   = help: consider adding the `#[must_use]` attribute to the method or directly to the `Self` type
   = help: for further information visit https://rust-lang.github.io/rust-clippy/master/index.html#return_self_not_must_use
   = note: `-W clippy::return-self-not-must-use` implied by `-W clippy::pedantic`
   = help: to override `-W clippy::pedantic` add `#[allow(clippy::return_self_not_must_use)]`

warning: this method could have a `#[must_use]` attribute
  --> kernel/src/expressions/column_names.rs:92:12
   |
92 |     pub fn path(&self) -> &[String] {
   |            ^^^^
   |
   = help: for further information visit https://rust-lang.github.io/rust-clippy/master/index.html#must_use_candidate
help: add the attribute
   |
92 ~     #[must_use] 
93 ~     pub fn path(&self) -> &[String] {
   |

warning: this method could have a `#[must_use]` attribute
  --> kernel/src/expressions/column_names.rs:97:12
   |
97 |     pub fn into_inner(self) -> Vec<String> {
   |            ^^^^^^^^^^
   |
   = help: for further information visit https://rust-lang.github.io/rust-clippy/master/index.html#must_use_candidate
help: add the attribute
   |
97 ~     #[must_use] 
98 ~     pub fn into_inner(self) -> Vec<String> {
   |

warning: redundant closure
   --> kernel/src/expressions/column_names.rs:106:41
    |
106 |         let path = iter.into_iter().map(|s| s.into()).collect();
    |                                         ^^^^^^^^^^^^ help: replace the closure with the method itself: `std::convert::Into::into`
    |
    = help: for further information visit https://rust-lang.github.io/rust-clippy/master/index.html#redundant_closure_for_method_calls

warning: redundant closure
   --> kernel/src/expressions/column_names.rs:114:46
    |
114 |         let path = iter.into_iter().flat_map(|c| c.into_iter()).collect();
    |                                              ^^^^^^^^^^^^^^^^^ help: replace the closure with the method itself: `std::iter::IntoIterator::into_iter`
    |
    = help: for further information visit https://rust-lang.github.io/rust-clippy/master/index.html#redundant_closure_for_method_calls

warning: consider adding a `;` to the last statement for consistent formatting
   --> kernel/src/expressions/column_names.rs:157:9
    |
157 |         (**self).hash(hasher)
    |         ^^^^^^^^^^^^^^^^^^^^^ help: add a `;` here: `(**self).hash(hasher);`
    |
    = help: for further information visit https://rust-lang.github.io/rust-clippy/master/index.html#semicolon_if_nothing_returned
    = note: `-W clippy::semicolon-if-nothing-returned` implied by `-W clippy::pedantic`
    = help: to override `-W clippy::pedantic` add `#[allow(clippy::semicolon_if_nothing_returned)]`

warning: docs for function returning `Result` missing `# Errors` section
  --> kernel/src/expressions/scalars.rs:20:5
   |
20 |     pub fn try_new(bits: impl Into<i128>, ty: DecimalType) -> DeltaResult<Self> {
   |     ^^^^^^^^^^^^^^^^^^^^^^^^^^^^^^^^^^^^^^^^^^^^^^^^^^^^^^^^^^^^^^^^^^^^^^^^^^^
   |
   = help: for further information visit https://rust-lang.github.io/rust-clippy/master/index.html#missing_errors_doc

warning: this method could have a `#[must_use]` attribute
  --> kernel/src/expressions/scalars.rs:33:12
   |
33 |     pub fn bits(&self) -> i128 {
   |            ^^^^
   |
   = help: for further information visit https://rust-lang.github.io/rust-clippy/master/index.html#must_use_candidate
help: add the attribute
   |
33 ~     #[must_use] 
34 ~     pub fn bits(&self) -> i128 {
   |

warning: this method could have a `#[must_use]` attribute
  --> kernel/src/expressions/scalars.rs:37:12
   |
37 |     pub fn ty(&self) -> &DecimalType {
   |            ^^
   |
   = help: for further information visit https://rust-lang.github.io/rust-clippy/master/index.html#must_use_candidate
help: add the attribute
   |
37 ~     #[must_use] 
38 ~     pub fn ty(&self) -> &DecimalType {
   |

warning: this method could have a `#[must_use]` attribute
  --> kernel/src/expressions/scalars.rs:41:12
   |
41 |     pub fn precision(&self) -> u8 {
   |            ^^^^^^^^^
   |
   = help: for further information visit https://rust-lang.github.io/rust-clippy/master/index.html#must_use_candidate
help: add the attribute
   |
41 ~     #[must_use] 
42 ~     pub fn precision(&self) -> u8 {
   |

warning: this method could have a `#[must_use]` attribute
  --> kernel/src/expressions/scalars.rs:45:12
   |
45 |     pub fn scale(&self) -> u8 {
   |            ^^^^^
   |
   = help: for further information visit https://rust-lang.github.io/rust-clippy/master/index.html#must_use_candidate
help: add the attribute
   |
45 ~     #[must_use] 
46 ~     pub fn scale(&self) -> u8 {
   |

warning: item in documentation is missing backticks
  --> kernel/src/expressions/scalars.rs:50:91
   |
50 | /// Computes the decimal precision of a 128-bit number. The largest possible magnitude is i128::MIN
   |                                                                                           ^^^^^^^^^
   |
   = help: for further information visit https://rust-lang.github.io/rust-clippy/master/index.html#doc_markdown
help: try
   |
50 - /// Computes the decimal precision of a 128-bit number. The largest possible magnitude is i128::MIN
50 + /// Computes the decimal precision of a 128-bit number. The largest possible magnitude is `i128::MIN`
   |

warning: casting `u32` to `u8` may truncate the value
  --> kernel/src/expressions/scalars.rs:54:5
   |
54 |     value.unsigned_abs().checked_ilog10().map_or(0, |p| p + 1) as _
   |     ^^^^^^^^^^^^^^^^^^^^^^^^^^^^^^^^^^^^^^^^^^^^^^^^^^^^^^^^^^^^^^^
   |
   = help: if this is intentional allow the lint with `#[allow(clippy::cast_possible_truncation)]` ...
   = help: for further information visit https://rust-lang.github.io/rust-clippy/master/index.html#cast_possible_truncation
help: ... or use `try_from` and handle the error accordingly
   |
54 -     value.unsigned_abs().checked_ilog10().map_or(0, |p| p + 1) as _
54 +     value.unsigned_abs().checked_ilog10().map_or(0, |p| p + 1).try_into()
   |

warning: docs for function returning `Result` missing `# Errors` section
  --> kernel/src/expressions/scalars.rs:65:5
   |
65 | /     pub fn try_new(
66 | |         tpe: ArrayType,
67 | |         elements: impl IntoIterator<Item = impl Into<Scalar>>,
68 | |     ) -> DeltaResult<Self> {
   | |__________________________^
   |
   = help: for further information visit https://rust-lang.github.io/rust-clippy/master/index.html#missing_errors_doc

warning: this method could have a `#[must_use]` attribute
  --> kernel/src/expressions/scalars.rs:93:12
   |
93 |     pub fn array_type(&self) -> &ArrayType {
   |            ^^^^^^^^^^
   |
   = help: for further information visit https://rust-lang.github.io/rust-clippy/master/index.html#must_use_candidate
help: add the attribute
   |
93 ~     #[must_use] 
94 ~     pub fn array_type(&self) -> &ArrayType {
   |

warning: this method could have a `#[must_use]` attribute
  --> kernel/src/expressions/scalars.rs:97:12
   |
97 |     pub fn array_elements(&self) -> &[Scalar] {
   |            ^^^^^^^^^^^^^^
   |
   = help: for further information visit https://rust-lang.github.io/rust-clippy/master/index.html#must_use_candidate
help: add the attribute
   |
97 ~     #[must_use] 
98 ~     pub fn array_elements(&self) -> &[Scalar] {
   |

warning: docs for function returning `Result` missing `# Errors` section
   --> kernel/src/expressions/scalars.rs:109:5
    |
109 | /     pub fn try_new(
110 | |         data_type: MapType,
111 | |         values: impl IntoIterator<Item = (impl Into<Scalar>, impl Into<Scalar>)>,
112 | |     ) -> DeltaResult<Self> {
    | |__________________________^
    |
    = help: for further information visit https://rust-lang.github.io/rust-clippy/master/index.html#missing_errors_doc

warning: this method could have a `#[must_use]` attribute
   --> kernel/src/expressions/scalars.rs:151:12
    |
151 |     pub fn pairs(&self) -> &[(Scalar, Scalar)] {
    |            ^^^^^
    |
    = help: for further information visit https://rust-lang.github.io/rust-clippy/master/index.html#must_use_candidate
help: add the attribute
    |
151 ~     #[must_use] 
152 ~     pub fn pairs(&self) -> &[(Scalar, Scalar)] {
    |

warning: this method could have a `#[must_use]` attribute
   --> kernel/src/expressions/scalars.rs:155:12
    |
155 |     pub fn map_type(&self) -> &MapType {
    |            ^^^^^^^^
    |
    = help: for further information visit https://rust-lang.github.io/rust-clippy/master/index.html#must_use_candidate
help: add the attribute
    |
155 ~     #[must_use] 
156 ~     pub fn map_type(&self) -> &MapType {
    |

warning: docs for function returning `Result` missing `# Errors` section
   --> kernel/src/expressions/scalars.rs:173:5
    |
173 |     pub fn try_new(fields: Vec<StructField>, values: Vec<Scalar>) -> DeltaResult<Self> {
    |     ^^^^^^^^^^^^^^^^^^^^^^^^^^^^^^^^^^^^^^^^^^^^^^^^^^^^^^^^^^^^^^^^^^^^^^^^^^^^^^^^^^
    |
    = help: for further information visit https://rust-lang.github.io/rust-clippy/master/index.html#missing_errors_doc

warning: this method could have a `#[must_use]` attribute
   --> kernel/src/expressions/scalars.rs:207:12
    |
207 |     pub fn fields(&self) -> &[StructField] {
    |            ^^^^^^
    |
    = help: for further information visit https://rust-lang.github.io/rust-clippy/master/index.html#must_use_candidate
help: add the attribute
    |
207 ~     #[must_use] 
208 ~     pub fn fields(&self) -> &[StructField] {
    |

warning: this method could have a `#[must_use]` attribute
   --> kernel/src/expressions/scalars.rs:211:12
    |
211 |     pub fn values(&self) -> &[Scalar] {
    |            ^^^^^^
    |
    = help: for further information visit https://rust-lang.github.io/rust-clippy/master/index.html#must_use_candidate
help: add the attribute
    |
211 ~     #[must_use] 
212 ~     pub fn values(&self) -> &[Scalar] {
    |

warning: this method could have a `#[must_use]` attribute
   --> kernel/src/expressions/scalars.rs:257:12
    |
257 |     pub fn data_type(&self) -> DataType {
    |            ^^^^^^^^^
    |
    = help: for further information visit https://rust-lang.github.io/rust-clippy/master/index.html#must_use_candidate
help: add the attribute
    |
257 ~     #[must_use] 
258 ~     pub fn data_type(&self) -> DataType {
    |

warning: this method could have a `#[must_use]` attribute
   --> kernel/src/expressions/scalars.rs:280:12
    |
280 |     pub fn is_null(&self) -> bool {
    |            ^^^^^^^
    |
    = help: for further information visit https://rust-lang.github.io/rust-clippy/master/index.html#must_use_candidate
help: add the attribute
    |
280 ~     #[must_use] 
281 ~     pub fn is_null(&self) -> bool {
    |

warning: docs for function returning `Result` missing `# Errors` section
   --> kernel/src/expressions/scalars.rs:285:5
    |
285 |     pub fn decimal(bits: impl Into<i128>, precision: u8, scale: u8) -> DeltaResult<Self> {
    |     ^^^^^^^^^^^^^^^^^^^^^^^^^^^^^^^^^^^^^^^^^^^^^^^^^^^^^^^^^^^^^^^^^^^^^^^^^^^^^^^^^^^^
    |
    = help: for further information visit https://rust-lang.github.io/rust-clippy/master/index.html#missing_errors_doc

warning: this method could have a `#[must_use]` attribute
   --> kernel/src/expressions/scalars.rs:302:12
    |
302 |     pub fn try_add(&self, other: &Scalar) -> Option<Scalar> {
    |            ^^^^^^^
    |
    = help: for further information visit https://rust-lang.github.io/rust-clippy/master/index.html#must_use_candidate
help: add the attribute
    |
302 ~     #[must_use] 
303 ~     pub fn try_add(&self, other: &Scalar) -> Option<Scalar> {
    |

warning: usage of wildcard import for enum variants
   --> kernel/src/expressions/scalars.rs:303:13
    |
303 |         use Scalar::*;
    |             ^^^^^^^^^ help: try: `Scalar::{Integer, Long, Short, Byte}`
    |
    = help: for further information visit https://rust-lang.github.io/rust-clippy/master/index.html#enum_glob_use
    = note: `-W clippy::enum-glob-use` implied by `-W clippy::pedantic`
    = help: to override `-W clippy::pedantic` add `#[allow(clippy::enum_glob_use)]`

warning: this method could have a `#[must_use]` attribute
   --> kernel/src/expressions/scalars.rs:315:12
    |
315 |     pub fn try_sub(&self, other: &Scalar) -> Option<Scalar> {
    |            ^^^^^^^
    |
    = help: for further information visit https://rust-lang.github.io/rust-clippy/master/index.html#must_use_candidate
help: add the attribute
    |
315 ~     #[must_use] 
316 ~     pub fn try_sub(&self, other: &Scalar) -> Option<Scalar> {
    |

warning: usage of wildcard import for enum variants
   --> kernel/src/expressions/scalars.rs:316:13
    |
316 |         use Scalar::*;
    |             ^^^^^^^^^ help: try: `Scalar::{Integer, Long, Short, Byte}`
    |
    = help: for further information visit https://rust-lang.github.io/rust-clippy/master/index.html#enum_glob_use

warning: this method could have a `#[must_use]` attribute
   --> kernel/src/expressions/scalars.rs:328:12
    |
328 |     pub fn try_mul(&self, other: &Scalar) -> Option<Scalar> {
    |            ^^^^^^^
    |
    = help: for further information visit https://rust-lang.github.io/rust-clippy/master/index.html#must_use_candidate
help: add the attribute
    |
328 ~     #[must_use] 
329 ~     pub fn try_mul(&self, other: &Scalar) -> Option<Scalar> {
    |

warning: usage of wildcard import for enum variants
   --> kernel/src/expressions/scalars.rs:329:13
    |
329 |         use Scalar::*;
    |             ^^^^^^^^^ help: try: `Scalar::{Integer, Long, Short, Byte}`
    |
    = help: for further information visit https://rust-lang.github.io/rust-clippy/master/index.html#enum_glob_use

warning: this method could have a `#[must_use]` attribute
   --> kernel/src/expressions/scalars.rs:341:12
    |
341 |     pub fn try_div(&self, other: &Scalar) -> Option<Scalar> {
    |            ^^^^^^^
    |
    = help: for further information visit https://rust-lang.github.io/rust-clippy/master/index.html#must_use_candidate
help: add the attribute
    |
341 ~     #[must_use] 
342 ~     pub fn try_div(&self, other: &Scalar) -> Option<Scalar> {
    |

warning: usage of wildcard import for enum variants
   --> kernel/src/expressions/scalars.rs:342:13
    |
342 |         use Scalar::*;
    |             ^^^^^^^^^ help: try: `Scalar::{Integer, Long, Short, Byte}`
    |
    = help: for further information visit https://rust-lang.github.io/rust-clippy/master/index.html#enum_glob_use

warning: these match arms have identical bodies
   --> kernel/src/expressions/scalars.rs:365:13
    |
365 |             Self::Timestamp(ts) => write!(f, "{ts}"),
    |             ^^^^^^^^^^^^^^^^^^^^^^^^^^^^^^^^^^^^^^^^
366 |             Self::TimestampNtz(ts) => write!(f, "{ts}"),
    |             ^^^^^^^^^^^^^^^^^^^^^^^^^^^^^^^^^^^^^^^^^^^
    |
    = help: if this is unintentional make the arms return different values
    = help: for further information visit https://rust-lang.github.io/rust-clippy/master/index.html#match_same_arms
    = note: `-W clippy::match-same-arms` implied by `-W clippy::pedantic`
    = help: to override `-W clippy::pedantic` add `#[allow(clippy::match_same_arms)]`
help: otherwise merge the patterns into a single arm
    |
365 ~             Self::Timestamp(ts) | Self::TimestampNtz(ts) => write!(f, "{ts}"),
366 ~             Self::Date(d) => write!(f, "{d}"),
    |

warning: casts from `u8` to `u32` can be expressed infallibly using `From`
   --> kernel/src/expressions/scalars.rs:375:55
    |
375 |                     let scalar_multiple = 10_i128.pow(scale as u32);
    |                                                       ^^^^^^^^^^^^
    |
    = help: an `as` cast can become silently lossy if the types change in the future
    = help: for further information visit https://rust-lang.github.io/rust-clippy/master/index.html#cast_lossless
    = note: `-W clippy::cast-lossless` implied by `-W clippy::pedantic`
    = help: to override `-W clippy::pedantic` add `#[allow(clippy::cast_lossless)]`
help: use `u32::from` instead
    |
375 -                     let scalar_multiple = 10_i128.pow(scale as u32);
375 +                     let scalar_multiple = 10_i128.pow(u32::from(scale));
    |

warning: usage of wildcard import for enum variants
   --> kernel/src/expressions/scalars.rs:434:13
    |
434 |         use Scalar::*;
    |             ^^^^^^^^^ help: try: `Scalar::{Integer, Long, Short, Byte, Float, Double, String, Boolean, Timestamp, TimestampNtz, Date, Binary, Decimal, Null, Struct, Array, Map}`
    |
    = help: for further information visit https://rust-lang.github.io/rust-clippy/master/index.html#enum_glob_use

warning: these match arms have identical bodies
   --> kernel/src/expressions/scalars.rs:438:13
    |
438 |             (Integer(a), Integer(b)) => a.partial_cmp(b),
    |             ^^^^^^^^^^^^^^^^^^^^^^^^^^^^^^^^^^^^^^^^^^^^
...
458 |             (Date(a), Date(b)) => a.partial_cmp(b),
    |             ^^^^^^^^^^^^^^^^^^^^^^^^^^^^^^^^^^^^^^
    |
    = help: if this is unintentional make the arms return different values
    = help: for further information visit https://rust-lang.github.io/rust-clippy/master/index.html#match_same_arms
help: otherwise merge the patterns into a single arm
    |
438 ~             (Integer(a), Integer(b)) | (Date(a), Date(b)) => a.partial_cmp(b),
439 |             (Integer(_), _) => None,
...
457 |             (TimestampNtz(_), _) => None,
458 ~             (Date(_), _) => None,
    |

warning: these match arms have identical bodies
   --> kernel/src/expressions/scalars.rs:440:13
    |
440 |             (Long(a), Long(b)) => a.partial_cmp(b),
    |             ^^^^^^^^^^^^^^^^^^^^^^^^^^^^^^^^^^^^^^
...
454 |             (Timestamp(a), Timestamp(b)) => a.partial_cmp(b),
    |             ^^^^^^^^^^^^^^^^^^^^^^^^^^^^^^^^^^^^^^^^^^^^^^^^
455 |             (Timestamp(_), _) => None,
456 |             (TimestampNtz(a), TimestampNtz(b)) => a.partial_cmp(b),
    |             ^^^^^^^^^^^^^^^^^^^^^^^^^^^^^^^^^^^^^^^^^^^^^^^^^^^^^^
    |
    = help: if this is unintentional make the arms return different values
    = help: for further information visit https://rust-lang.github.io/rust-clippy/master/index.html#match_same_arms
help: otherwise merge the patterns into a single arm
    |
440 ~             (Long(a), Long(b)) | (Timestamp(a), Timestamp(b)) | (TimestampNtz(a), TimestampNtz(b)) => a.partial_cmp(b),
441 |             (Long(_), _) => None,
...
453 |             (Boolean(_), _) => None,
454 ~             (Timestamp(_), _) => None,
455 ~             (TimestampNtz(_), _) => None,
    |

warning: these match arms have identical bodies
   --> kernel/src/expressions/scalars.rs:439:13
    |
439 |             (Integer(_), _) => None,
    |             ^^^^^^^^^^^^^^^^^^^^^^^
440 |             (Long(a), Long(b)) => a.partial_cmp(b),
441 |             (Long(_), _) => None,
    |             ^^^^^^^^^^^^^^^^^^^^
442 |             (Short(a), Short(b)) => a.partial_cmp(b),
443 |             (Short(_), _) => None,
    |             ^^^^^^^^^^^^^^^^^^^^^
444 |             (Byte(a), Byte(b)) => a.partial_cmp(b),
445 |             (Byte(_), _) => None,
    |             ^^^^^^^^^^^^^^^^^^^^
446 |             (Float(a), Float(b)) => a.partial_cmp(b),
447 |             (Float(_), _) => None,
    |             ^^^^^^^^^^^^^^^^^^^^^
448 |             (Double(a), Double(b)) => a.partial_cmp(b),
449 |             (Double(_), _) => None,
    |             ^^^^^^^^^^^^^^^^^^^^^^
450 |             (String(a), String(b)) => a.partial_cmp(b),
451 |             (String(_), _) => None,
    |             ^^^^^^^^^^^^^^^^^^^^^^
452 |             (Boolean(a), Boolean(b)) => a.partial_cmp(b),
453 |             (Boolean(_), _) => None,
    |             ^^^^^^^^^^^^^^^^^^^^^^^
454 |             (Timestamp(a), Timestamp(b)) => a.partial_cmp(b),
455 |             (Timestamp(_), _) => None,
    |             ^^^^^^^^^^^^^^^^^^^^^^^^^
456 |             (TimestampNtz(a), TimestampNtz(b)) => a.partial_cmp(b),
457 |             (TimestampNtz(_), _) => None,
    |             ^^^^^^^^^^^^^^^^^^^^^^^^^^^^
458 |             (Date(a), Date(b)) => a.partial_cmp(b),
459 |             (Date(_), _) => None,
    |             ^^^^^^^^^^^^^^^^^^^^
460 |             (Binary(a), Binary(b)) => a.partial_cmp(b),
461 |             (Binary(_), _) => None,
    |             ^^^^^^^^^^^^^^^^^^^^^^
...
465 |             (Decimal(_), _) => None,
    |             ^^^^^^^^^^^^^^^^^^^^^^^
466 |             (Null(_), _) => None, // NOTE: NULL values are incomparable by definition
    |             ^^^^^^^^^^^^^^^^^^^^
467 |             (Struct(_), _) => None, // TODO: Support Struct?
    |             ^^^^^^^^^^^^^^^^^^^^^^
468 |             (Array(_), _) => None, // TODO: Support Array?
    |             ^^^^^^^^^^^^^^^^^^^^^
469 |             (Map(_), _) => None,  // TODO: Support Map?
    |             ^^^^^^^^^^^^^^^^^^^
    |
    = help: if this is unintentional make the arms return different values
    = help: for further information visit https://rust-lang.github.io/rust-clippy/master/index.html#match_same_arms
help: otherwise merge the patterns into a single arm
    |
439 ~             (Integer(_), _) | (Long(_), _) | (Short(_), _) | (Byte(_), _) | (Float(_), _) | (Double(_), _) | (String(_), _) | (Boolean(_), _) | (Timestamp(_), _) | (TimestampNtz(_), _) | (Date(_), _) | (Binary(_), _) | (Decimal(_), _) | (Null(_), _) | (Struct(_), _) | (Array(_), _) | (Map(_), _) => None,
440 |             (Long(a), Long(b)) => a.partial_cmp(b),
441 ~             (Short(a), Short(b)) => a.partial_cmp(b),
442 ~             (Byte(a), Byte(b)) => a.partial_cmp(b),
443 ~             (Float(a), Float(b)) => a.partial_cmp(b),
444 ~             (Double(a), Double(b)) => a.partial_cmp(b),
445 ~             (String(a), String(b)) => a.partial_cmp(b),
446 ~             (Boolean(a), Boolean(b)) => a.partial_cmp(b),
447 ~             (Timestamp(a), Timestamp(b)) => a.partial_cmp(b),
448 ~             (TimestampNtz(a), TimestampNtz(b)) => a.partial_cmp(b),
449 ~             (Date(a), Date(b)) => a.partial_cmp(b),
450 ~             (Binary(a), Binary(b)) => a.partial_cmp(b),
451 ~             (Decimal(d1), Decimal(d2)) => (d1.ty() == d2.ty())
452 |                 .then(|| d1.bits().partial_cmp(&d2.bits()))
453 |                 .flatten(),
454 ~             // NOTE: NULL values are incomparable by definition
455 ~             // TODO: Support Struct?
456 ~             // TODO: Support Array?
457 ~             // TODO: Support Map?
    |

warning: docs for function returning `Result` missing `# Errors` section
   --> kernel/src/expressions/scalars.rs:635:5
    |
635 |     pub fn parse_scalar(&self, raw: &str) -> Result<Scalar, Error> {
    |     ^^^^^^^^^^^^^^^^^^^^^^^^^^^^^^^^^^^^^^^^^^^^^^^^^^^^^^^^^^^^^^
    |
    = help: for further information visit https://rust-lang.github.io/rust-clippy/master/index.html#missing_errors_doc

warning: usage of wildcard import for enum variants
   --> kernel/src/expressions/scalars.rs:636:13
    |
636 |         use PrimitiveType::*;
    |             ^^^^^^^^^^^^^^^^ help: try: `PrimitiveType::{String, Binary, Byte, Decimal, Short, Integer, Long, Float, Double, Boolean, Date, TimestampNtz, Timestamp}`
    |
    = help: for further information visit https://rust-lang.github.io/rust-clippy/master/index.html#enum_glob_use

warning: casting `i64` to `i32` may truncate the value
   --> kernel/src/expressions/scalars.rs:667:28
    |
667 |                 let days = date.signed_duration_since(DateTime::UNIX_EPOCH).num_days() as i32;
    |                            ^^^^^^^^^^^^^^^^^^^^^^^^^^^^^^^^^^^^^^^^^^^^^^^^^^^^^^^^^^^^^^^^^^
    |
    = help: if this is intentional allow the lint with `#[allow(clippy::cast_possible_truncation)]` ...
    = help: for further information visit https://rust-lang.github.io/rust-clippy/master/index.html#cast_possible_truncation
help: ... or use `try_from` and handle the error accordingly
    |
667 -                 let days = date.signed_duration_since(DateTime::UNIX_EPOCH).num_days() as i32;
667 +                 let days = i32::try_from(date.signed_duration_since(DateTime::UNIX_EPOCH).num_days());
    |

warning: this method could have a `#[must_use]` attribute
   --> kernel/src/expressions/transforms.rs:398:12
    |
398 |     pub fn check_expr(expr: &Expression, depth_limit: usize) -> usize {
    |            ^^^^^^^^^^
    |
    = help: for further information visit https://rust-lang.github.io/rust-clippy/master/index.html#must_use_candidate
help: add the attribute
    |
398 ~     #[must_use] 
399 ~     pub fn check_expr(expr: &Expression, depth_limit: usize) -> usize {
    |

warning: this method could have a `#[must_use]` attribute
   --> kernel/src/expressions/transforms.rs:405:12
    |
405 |     pub fn check_pred(pred: &Predicate, depth_limit: usize) -> usize {
    |            ^^^^^^^^^^
    |
    = help: for further information visit https://rust-lang.github.io/rust-clippy/master/index.html#must_use_candidate
help: add the attribute
    |
405 ~     #[must_use] 
406 ~     pub fn check_pred(pred: &Predicate, depth_limit: usize) -> usize {
    |

warning: docs for function returning `Result` missing `# Errors` section
   --> kernel/src/expressions/mod.rs:115:5
    |
115 | /     fn eval_expr_scalar(
116 | |         &self,
117 | |         eval_expr: &ScalarExpressionEvaluator<'_>,
118 | |         exprs: &[Expression],
119 | |     ) -> DeltaResult<Scalar>;
    | |_____________________________^
    |
    = help: for further information visit https://rust-lang.github.io/rust-clippy/master/index.html#missing_errors_doc

warning: docs for function returning `Result` missing `# Errors` section
   --> kernel/src/expressions/mod.rs:139:5
    |
139 | /     fn eval_pred_scalar(
140 | |         &self,
141 | |         eval_expr: &ScalarExpressionEvaluator<'_>,
142 | |         eval_pred: &DirectPredicateEvaluator<'_>,
143 | |         exprs: &[Expression],
144 | |         inverted: bool,
145 | |     ) -> DeltaResult<Option<bool>>;
    | |___________________________________^
    |
    = help: for further information visit https://rust-lang.github.io/rust-clippy/master/index.html#missing_errors_doc

warning: this method could have a `#[must_use]` attribute
   --> kernel/src/expressions/mod.rs:308:12
    |
308 |     pub fn new_top_level() -> Self {
    |            ^^^^^^^^^^^^^
    |
    = help: for further information visit https://rust-lang.github.io/rust-clippy/master/index.html#must_use_candidate
help: add the attribute
    |
308 ~     #[must_use] 
309 ~     pub fn new_top_level() -> Self {
    |

warning: missing `#[must_use]` attribute on a method returning `Self`
   --> kernel/src/expressions/mod.rs:325:5
    |
325 | /     pub fn with_dropped_field(mut self, name: impl Into<String>) -> Self {
326 | |         let field_transform = self.field_transform(name);
327 | |         field_transform.is_replace = true;
328 | |         self
329 | |     }
    | |_____^
    |
    = help: consider adding the `#[must_use]` attribute to the method or directly to the `Self` type
    = help: for further information visit https://rust-lang.github.io/rust-clippy/master/index.html#return_self_not_must_use

warning: missing `#[must_use]` attribute on a method returning `Self`
   --> kernel/src/expressions/mod.rs:332:5
    |
332 | /     pub fn with_replaced_field(mut self, name: impl Into<String>, expr: ExpressionRef) -> Self {
333 | |         let field_transform = self.field_transform(name);
334 | |         field_transform.exprs.push(expr);
335 | |         field_transform.is_replace = true;
336 | |         self
337 | |     }
    | |_____^
    |
    = help: consider adding the `#[must_use]` attribute to the method or directly to the `Self` type
    = help: for further information visit https://rust-lang.github.io/rust-clippy/master/index.html#return_self_not_must_use

warning: missing `#[must_use]` attribute on a method returning `Self`
   --> kernel/src/expressions/mod.rs:342:5
    |
342 | /     pub fn with_inserted_field(
343 | |         mut self,
344 | |         after: Option<impl Into<String>>,
345 | |         expr: ExpressionRef,
...   |
351 | |         self
352 | |     }
    | |_____^
    |
    = help: consider adding the `#[must_use]` attribute to the method or directly to the `Self` type
    = help: for further information visit https://rust-lang.github.io/rust-clippy/master/index.html#return_self_not_must_use

warning: this method could have a `#[must_use]` attribute
   --> kernel/src/expressions/mod.rs:356:12
    |
356 |     pub fn is_identity(&self) -> bool {
    |            ^^^^^^^^^^^
    |
    = help: for further information visit https://rust-lang.github.io/rust-clippy/master/index.html#must_use_candidate
help: add the attribute
    |
356 ~     #[must_use] 
357 ~     pub fn is_identity(&self) -> bool {
    |

warning: this method could have a `#[must_use]` attribute
   --> kernel/src/expressions/mod.rs:361:12
    |
361 |     pub fn input_path(&self) -> Option<&ColumnName> {
    |            ^^^^^^^^^^
    |
    = help: for further information visit https://rust-lang.github.io/rust-clippy/master/index.html#must_use_candidate
help: add the attribute
    |
361 ~     #[must_use] 
362 ~     pub fn input_path(&self) -> Option<&ColumnName> {
    |

warning: item in documentation is missing backticks
   --> kernel/src/expressions/mod.rs:387:73
    |
387 |     /// where only a few fields change, achieving O(changes) instead of O(schema_width) complexity.
    |                                                                         ^^^^^^^^^^^^^^^
    |
    = help: for further information visit https://rust-lang.github.io/rust-clippy/master/index.html#doc_markdown
help: try
    |
387 -     /// where only a few fields change, achieving O(changes) instead of O(schema_width) complexity.
387 +     /// where only a few fields change, achieving O(changes) instead of `O(schema_width)` complexity.
    |

warning: this argument (1 byte) is passed by reference, but would be more efficient if passed by value (limit: 8 byte)
   --> kernel/src/expressions/mod.rs:451:38
    |
451 |     pub(crate) fn is_null_intolerant(&self) -> bool {
    |                                      ^^^^^ help: consider passing by value instead: `self`
    |
    = help: for further information visit https://rust-lang.github.io/rust-clippy/master/index.html#trivially_copy_pass_by_ref
    = note: `-W clippy::trivially-copy-pass-by-ref` implied by `-W clippy::pedantic`
    = help: to override `-W clippy::pedantic` add `#[allow(clippy::trivially_copy_pass_by_ref)]`

warning: usage of wildcard import for enum variants
   --> kernel/src/expressions/mod.rs:452:13
    |
452 |         use BinaryPredicateOp::*;
    |             ^^^^^^^^^^^^^^^^^^^^ help: try: `BinaryPredicateOp::{LessThan, GreaterThan, Equal, Distinct, In}`
    |
    = help: for further information visit https://rust-lang.github.io/rust-clippy/master/index.html#enum_glob_use

warning: this argument (1 byte) is passed by reference, but would be more efficient if passed by value (limit: 8 byte)
   --> kernel/src/expressions/mod.rs:461:26
    |
461 |     pub(crate) fn invert(&self) -> JunctionPredicateOp {
    |                          ^^^^^ help: consider passing by value instead: `self`
    |
    = help: for further information visit https://rust-lang.github.io/rust-clippy/master/index.html#trivially_copy_pass_by_ref

warning: usage of wildcard import for enum variants
   --> kernel/src/expressions/mod.rs:462:13
    |
462 |         use JunctionPredicateOp::*;
    |             ^^^^^^^^^^^^^^^^^^^^^^ help: try: `JunctionPredicateOp::{And, Or}`
    |
    = help: for further information visit https://rust-lang.github.io/rust-clippy/master/index.html#enum_glob_use

warning: this method could have a `#[must_use]` attribute
   --> kernel/src/expressions/mod.rs:526:12
    |
526 |     pub fn references(&self) -> HashSet<&ColumnName> {
    |            ^^^^^^^^^^
    |
    = help: for further information visit https://rust-lang.github.io/rust-clippy/master/index.html#must_use_candidate
help: add the attribute
    |
526 ~     #[must_use] 
527 ~     pub fn references(&self) -> HashSet<&ColumnName> {
    |

warning: this method could have a `#[must_use]` attribute
   --> kernel/src/expressions/mod.rs:546:18
    |
546 |     pub const fn null_literal(data_type: DataType) -> Self {
    |                  ^^^^^^^^^^^^
    |
    = help: for further information visit https://rust-lang.github.io/rust-clippy/master/index.html#must_use_candidate
help: add the attribute
    |
546 ~     #[must_use] 
547 ~     pub const fn null_literal(data_type: DataType) -> Self {
    |

warning: this method could have a `#[must_use]` attribute
   --> kernel/src/expressions/mod.rs:551:12
    |
551 |     pub fn from_pred(value: Predicate) -> Self {
    |            ^^^^^^^^^
    |
    = help: for further information visit https://rust-lang.github.io/rust-clippy/master/index.html#must_use_candidate
help: add the attribute
    |
551 ~     #[must_use] 
552 ~     pub fn from_pred(value: Predicate) -> Self {
    |

warning: this method could have a `#[must_use]` attribute
   --> kernel/src/expressions/mod.rs:564:12
    |
564 |     pub fn transform(transform: Transform) -> Self {
    |            ^^^^^^^^^
    |
    = help: for further information visit https://rust-lang.github.io/rust-clippy/master/index.html#must_use_candidate
help: add the attribute
    |
564 ~     #[must_use] 
565 ~     pub fn transform(transform: Transform) -> Self {
    |

warning: this method could have a `#[must_use]` attribute
   --> kernel/src/expressions/mod.rs:569:12
    |
569 |     pub fn is_null(self) -> Predicate {
    |            ^^^^^^^
    |
    = help: for further information visit https://rust-lang.github.io/rust-clippy/master/index.html#must_use_candidate
help: add the attribute
    |
569 ~     #[must_use] 
570 ~     pub fn is_null(self) -> Predicate {
    |

warning: this method could have a `#[must_use]` attribute
   --> kernel/src/expressions/mod.rs:574:12
    |
574 |     pub fn is_not_null(self) -> Predicate {
    |            ^^^^^^^^^^^
    |
    = help: for further information visit https://rust-lang.github.io/rust-clippy/master/index.html#must_use_candidate
help: add the attribute
    |
574 ~     #[must_use] 
575 ~     pub fn is_not_null(self) -> Predicate {
    |

warning: this method could have a `#[must_use]` attribute
   --> kernel/src/expressions/mod.rs:651:12
    |
651 |     pub fn references(&self) -> HashSet<&ColumnName> {
    |            ^^^^^^^^^^
    |
    = help: for further information visit https://rust-lang.github.io/rust-clippy/master/index.html#must_use_candidate
help: add the attribute
    |
651 ~     #[must_use] 
652 ~     pub fn references(&self) -> HashSet<&ColumnName> {
    |

warning: this method could have a `#[must_use]` attribute
   --> kernel/src/expressions/mod.rs:666:18
    |
666 |     pub const fn literal(value: bool) -> Self {
    |                  ^^^^^^^
    |
    = help: for further information visit https://rust-lang.github.io/rust-clippy/master/index.html#must_use_candidate
help: add the attribute
    |
666 ~     #[must_use] 
667 ~     pub const fn literal(value: bool) -> Self {
    |

warning: this method could have a `#[must_use]` attribute
   --> kernel/src/expressions/mod.rs:671:18
    |
671 |     pub const fn null_literal() -> Self {
    |                  ^^^^^^^^^^^^
    |
    = help: for further information visit https://rust-lang.github.io/rust-clippy/master/index.html#must_use_candidate
help: add the attribute
    |
671 ~     #[must_use] 
672 ~     pub const fn null_literal() -> Self {
    |

warning: usage of wildcard import for enum variants
   --> kernel/src/expressions/mod.rs:807:13
    |
807 |         use UnaryExpressionOp::*;
    |             ^^^^^^^^^^^^^^^^^^^^ help: try: `UnaryExpressionOp::ToJson`
    |
    = help: for further information visit https://rust-lang.github.io/rust-clippy/master/index.html#enum_glob_use

warning: usage of wildcard import for enum variants
   --> kernel/src/expressions/mod.rs:816:13
    |
816 |         use BinaryExpressionOp::*;
    |             ^^^^^^^^^^^^^^^^^^^^^ help: try: `BinaryExpressionOp::{Plus, Minus, Multiply, Divide}`
    |
    = help: for further information visit https://rust-lang.github.io/rust-clippy/master/index.html#enum_glob_use

warning: usage of wildcard import for enum variants
   --> kernel/src/expressions/mod.rs:828:13
    |
828 |         use VariadicExpressionOp::*;
    |             ^^^^^^^^^^^^^^^^^^^^^^^ help: try: `VariadicExpressionOp::Coalesce`
    |
    = help: for further information visit https://rust-lang.github.io/rust-clippy/master/index.html#enum_glob_use

warning: usage of wildcard import for enum variants
   --> kernel/src/expressions/mod.rs:837:13
    |
837 |         use BinaryPredicateOp::*;
    |             ^^^^^^^^^^^^^^^^^^^^ help: try: `BinaryPredicateOp::{LessThan, GreaterThan, Equal, Distinct, In}`
    |
    = help: for further information visit https://rust-lang.github.io/rust-clippy/master/index.html#enum_glob_use

warning: usage of wildcard import for enum variants
   --> kernel/src/expressions/mod.rs:858:13
    |
858 |         use Expression::*;
    |             ^^^^^^^^^^^^^ help: try: `Expression::{Literal, Column, Predicate, Struct, Transform, Unary, Binary, Variadic, Opaque, Unknown}`
    |
    = help: for further information visit https://rust-lang.github.io/rust-clippy/master/index.html#enum_glob_use

warning: usage of wildcard import for enum variants
   --> kernel/src/expressions/mod.rs:907:13
    |
907 |         use Predicate::*;
    |             ^^^^^^^^^^^^ help: try: `Predicate::{BooleanExpression, Not, Binary, Unary, Junction, Opaque, Unknown}`
    |
    = help: for further information visit https://rust-lang.github.io/rust-clippy/master/index.html#enum_glob_use

warning: item in documentation is missing backticks
  --> kernel/src/log_compaction/mod.rs:12:55
   |
12 | //! Only commit/compaction files that intersect with [start_version, end_version] are processed.
   |                                                       ^^^^^^^^^^^^^
   |
   = help: for further information visit https://rust-lang.github.io/rust-clippy/master/index.html#doc_markdown
help: try
   |
12 - //! Only commit/compaction files that intersect with [start_version, end_version] are processed.
12 + //! Only commit/compaction files that intersect with [`start_version`, end_version] are processed.
   |

warning: item in documentation is missing backticks
  --> kernel/src/log_compaction/mod.rs:12:70
   |
12 | //! Only commit/compaction files that intersect with [start_version, end_version] are processed.
   |                                                                      ^^^^^^^^^^^
   |
   = help: for further information visit https://rust-lang.github.io/rust-clippy/master/index.html#doc_markdown
help: try
   |
12 - //! Only commit/compaction files that intersect with [start_version, end_version] are processed.
12 + //! Only commit/compaction files that intersect with [start_version, `end_version`] are processed.
   |

warning: item in documentation is missing backticks
  --> kernel/src/log_compaction/mod.rs:21:21
   |
21 | //!    from a given start_version to end_version (inclusive)
   |                     ^^^^^^^^^^^^^
   |
   = help: for further information visit https://rust-lang.github.io/rust-clippy/master/index.html#doc_markdown
help: try
   |
21 - //!    from a given start_version to end_version (inclusive)
21 + //!    from a given `start_version` to end_version (inclusive)
   |

warning: item in documentation is missing backticks
  --> kernel/src/log_compaction/mod.rs:21:38
   |
21 | //!    from a given start_version to end_version (inclusive)
   |                                      ^^^^^^^^^^^
   |
   = help: for further information visit https://rust-lang.github.io/rust-clippy/master/index.html#doc_markdown
help: try
   |
21 - //!    from a given start_version to end_version (inclusive)
21 + //!    from a given start_version to `end_version` (inclusive)
   |

warning: this function could have a `#[must_use]` attribute
  --> kernel/src/log_compaction/writer.rs:14:8
   |
14 | pub fn should_compact(commit_version: Version, compaction_interval: Version) -> bool {
   |        ^^^^^^^^^^^^^^
   |
   = help: for further information visit https://rust-lang.github.io/rust-clippy/master/index.html#must_use_candidate
help: add the attribute
   |
14 + #[must_use] 
15 | pub fn should_compact(commit_version: Version, compaction_interval: Version) -> bool {
   |

warning: this method could have a `#[must_use]` attribute
  --> kernel/src/log_compaction/writer.rs:70:12
   |
70 |     pub fn compaction_path(&self) -> &Url {
   |            ^^^^^^^^^^^^^^^
   |
   = help: for further information visit https://rust-lang.github.io/rust-clippy/master/index.html#must_use_candidate
help: add the attribute
   |
70 ~     #[must_use] 
71 ~     pub fn compaction_path(&self) -> &Url {
   |

warning: docs for function returning `Result` missing `# Errors` section
  --> kernel/src/log_compaction/writer.rs:77:5
   |
77 | /     pub fn compaction_data(
78 | |         &mut self,
79 | |         engine: &dyn Engine,
80 | |     ) -> DeltaResult<ActionReconciliationIterator> {
   | |__________________________________________________^
   |
   = help: for further information visit https://rust-lang.github.io/rust-clippy/master/index.html#missing_errors_doc

warning: item in documentation is missing backticks
  --> kernel/src/log_compaction/mod.rs:93:5
   |
93 | /// CommitInfo is excluded as it's not needed in compaction files.
   |     ^^^^^^^^^^
   |
   = help: for further information visit https://rust-lang.github.io/rust-clippy/master/index.html#doc_markdown
help: try
   |
93 - /// CommitInfo is excluded as it's not needed in compaction files.
93 + /// `CommitInfo` is excluded as it's not needed in compaction files.
   |

warning: docs for function returning `Result` missing `# Errors` section
  --> kernel/src/log_path.rs:26:5
   |
26 |     pub fn try_new(file_meta: FileMeta) -> DeltaResult<Self> {
   |     ^^^^^^^^^^^^^^^^^^^^^^^^^^^^^^^^^^^^^^^^^^^^^^^^^^^^^^^^
   |
   = help: for further information visit https://rust-lang.github.io/rust-clippy/master/index.html#missing_errors_doc

warning: this argument is passed by value, but not consumed in the function body
  --> kernel/src/log_path.rs:26:31
   |
26 |     pub fn try_new(file_meta: FileMeta) -> DeltaResult<Self> {
   |                               ^^^^^^^^
   |
   = help: for further information visit https://rust-lang.github.io/rust-clippy/master/index.html#needless_pass_by_value
help: consider taking a reference instead
   |
26 |     pub fn try_new(file_meta: &FileMeta) -> DeltaResult<Self> {
   |                               +

warning: item in documentation is missing backticks
  --> kernel/src/log_path.rs:40:9
   |
40 |     /// table_root must point to the root of the table and end with a '/'.
   |         ^^^^^^^^^^
   |
   = help: for further information visit https://rust-lang.github.io/rust-clippy/master/index.html#doc_markdown
help: try
   |
40 -     /// table_root must point to the root of the table and end with a '/'.
40 +     /// `table_root` must point to the root of the table and end with a '/'.
   |

warning: docs for function returning `Result` missing `# Errors` section
  --> kernel/src/log_path.rs:41:5
   |
41 | /     pub fn staged_commit(
42 | |         table_root: Url,
43 | |         filename: &str,
44 | |         last_modified: i64,
45 | |         size: FileSize,
46 | |     ) -> DeltaResult<LogPath> {
   | |_____________________________^
   |
   = help: for further information visit https://rust-lang.github.io/rust-clippy/master/index.html#missing_errors_doc

warning: item in documentation is missing backticks
  --> kernel/src/log_path.rs:56:88
   |
56 |     /// Create the URL for a staged commit file given the table root and filename. The table_root
   |                                                                                        ^^^^^^^^^^
   |
   = help: for further information visit https://rust-lang.github.io/rust-clippy/master/index.html#doc_markdown
help: try
   |
56 -     /// Create the URL for a staged commit file given the table root and filename. The table_root
56 +     /// Create the URL for a staged commit file given the table root and filename. The `table_root`
   |

warning: docs for function returning `Result` missing `# Errors` section
  --> kernel/src/log_path.rs:58:5
   |
58 |     pub fn staged_commit_url(table_root: Url, filename: &str) -> DeltaResult<Url> {
   |     ^^^^^^^^^^^^^^^^^^^^^^^^^^^^^^^^^^^^^^^^^^^^^^^^^^^^^^^^^^^^^^^^^^^^^^^^^^^^^
   |
   = help: for further information visit https://rust-lang.github.io/rust-clippy/master/index.html#missing_errors_doc

warning: adding items after statements is confusing, since items exist from the start of the scope
  --> kernel/src/scan/data_skipping.rs:81:9
   |
81 |         struct NullableStatsTransform;
   |         ^^^^^^^^^^^^^^^^^^^^^^^^^^^^^^
   |
   = help: for further information visit https://rust-lang.github.io/rust-clippy/master/index.html#items_after_statements

warning: adding items after statements is confusing, since items exist from the start of the scope
  --> kernel/src/scan/data_skipping.rs:82:9
   |
82 | /         impl<'a> SchemaTransform<'a> for NullableStatsTransform {
83 | |             fn transform_struct_field(
84 | |                 &mut self,
85 | |                 field: &'a StructField,
...  |
99 | |         }
   | |_________^
   |
   = help: for further information visit https://rust-lang.github.io/rust-clippy/master/index.html#items_after_statements

warning: adding items after statements is confusing, since items exist from the start of the scope
   --> kernel/src/scan/data_skipping.rs:102:9
    |
102 |         struct NullCountStatsTransform;
    |         ^^^^^^^^^^^^^^^^^^^^^^^^^^^^^^^
    |
    = help: for further information visit https://rust-lang.github.io/rust-clippy/master/index.html#items_after_statements

warning: adding items after statements is confusing, since items exist from the start of the scope
   --> kernel/src/scan/data_skipping.rs:103:9
    |
103 | /         impl<'a> SchemaTransform<'a> for NullCountStatsTransform {
104 | |             fn transform_primitive(
105 | |                 &mut self,
106 | |                 _ptype: &'a PrimitiveType,
...   |
110 | |         }
    | |_________^
    |
    = help: for further information visit https://rust-lang.github.io/rust-clippy/master/index.html#items_after_statements

warning: usage of wildcard import for enum variants
  --> kernel/src/scan/data_skipping.rs:87:21
   |
87 |                 use Cow::*;
   |                     ^^^^^^ help: try: `Cow::{Borrowed, Owned}`
   |
   = help: for further information visit https://rust-lang.github.io/rust-clippy/master/index.html#enum_glob_use

warning: item in documentation is missing backticks
   --> kernel/src/scan/data_skipping.rs:177:19
    |
177 |     /// Apply the DataSkippingFilter to an EngineData batch of actions. Returns a selection vector
    |                   ^^^^^^^^^^^^^^^^^^
    |
    = help: for further information visit https://rust-lang.github.io/rust-clippy/master/index.html#doc_markdown
help: try
    |
177 -     /// Apply the DataSkippingFilter to an EngineData batch of actions. Returns a selection vector
177 +     /// Apply the `DataSkippingFilter` to an EngineData batch of actions. Returns a selection vector
    |

warning: item in documentation is missing backticks
   --> kernel/src/scan/data_skipping.rs:177:44
    |
177 |     /// Apply the DataSkippingFilter to an EngineData batch of actions. Returns a selection vector
    |                                            ^^^^^^^^^^
    |
    = help: for further information visit https://rust-lang.github.io/rust-clippy/master/index.html#doc_markdown
help: try
    |
177 -     /// Apply the DataSkippingFilter to an EngineData batch of actions. Returns a selection vector
177 +     /// Apply the DataSkippingFilter to an `EngineData` batch of actions. Returns a selection vector
    |

warning: `match` on a boolean expression
   --> kernel/src/scan/data_skipping.rs:270:28
    |
270 |           let safe_to_skip = match inverted {
    |  ____________________________^
271 | |             true => self.get_rowcount_stat()?, // all-null
272 | |             false => Expr::literal(0i64),      // no-null
273 | |         };
    | |_________^ help: consider using an `if`/`else` expression: `if inverted { self.get_rowcount_stat()? } else { Expr::literal(0i64) }`
    |
    = help: for further information visit https://rust-lang.github.io/rust-clippy/master/index.html#match_bool
    = note: `-W clippy::match-bool` implied by `-W clippy::pedantic`
    = help: to override `-W clippy::pedantic` add `#[allow(clippy::match_bool)]`

warning: used `flat_map` where `filter_map` could be used instead
   --> kernel/src/scan/data_skipping.rs:314:14
    |
314 |             .flat_map(|p| match p {
    |              ^^^^^^^^ help: try: `filter_map`
    |
    = help: for further information visit https://rust-lang.github.io/rust-clippy/master/index.html#flat_map_option
    = note: `-W clippy::flat-map-option` implied by `-W clippy::pedantic`
    = help: to override `-W clippy::pedantic` add `#[allow(clippy::flat_map_option)]`

warning: item in documentation is missing backticks
 --> kernel/src/scan/field_classifiers.rs:9:41
  |
9 | /// Trait for classifying fields during StateInfo construction.  Allows different scan types
  |                                         ^^^^^^^^^
  |
  = help: for further information visit https://rust-lang.github.io/rust-clippy/master/index.html#doc_markdown
help: try
  |
9 - /// Trait for classifying fields during StateInfo construction.  Allows different scan types
9 + /// Trait for classifying fields during `StateInfo` construction.  Allows different scan types
  |

warning: it is more idiomatic to use `Option<&T>` instead of `&Option<T>`
  --> kernel/src/scan/field_classifiers.rs:17:5
   |
17 | /     fn classify_field(
18 | |         &self,
19 | |         field: &StructField,
20 | |         field_index: usize,
21 | |         last_physical_field: &Option<String>,
   | |                              --------------- help: change this to: `Option<&String>`
22 | |     ) -> Option<FieldTransformSpec>;
   | |____________________________________^
   |
   = help: for further information visit https://rust-lang.github.io/rust-clippy/master/index.html#ref_option
   = note: `-W clippy::ref-option` implied by `-W clippy::pedantic`
   = help: to override `-W clippy::pedantic` add `#[allow(clippy::ref_option)]`

warning: item in documentation is missing backticks
  --> kernel/src/scan/field_classifiers.rs:38:14
   |
38 | /// Handles _change_type as Dynamic and CDF metadata columns (_commit_version, _commit_timestamp).
   |              ^^^^^^^^^^^
   |
   = help: for further information visit https://rust-lang.github.io/rust-clippy/master/index.html#doc_markdown
help: try
   |
38 - /// Handles _change_type as Dynamic and CDF metadata columns (_commit_version, _commit_timestamp).
38 + /// Handles _`change_type` as Dynamic and CDF metadata columns (_commit_version, _commit_timestamp).
   |

warning: item in documentation is missing backticks
  --> kernel/src/scan/field_classifiers.rs:38:64
   |
38 | /// Handles _change_type as Dynamic and CDF metadata columns (_commit_version, _commit_timestamp).
   |                                                                ^^^^^^^^^^^^^^
   |
   = help: for further information visit https://rust-lang.github.io/rust-clippy/master/index.html#doc_markdown
help: try
   |
38 - /// Handles _change_type as Dynamic and CDF metadata columns (_commit_version, _commit_timestamp).
38 + /// Handles _change_type as Dynamic and CDF metadata columns (_`commit_version`, _commit_timestamp).
   |

warning: item in documentation is missing backticks
  --> kernel/src/scan/field_classifiers.rs:38:81
   |
38 | /// Handles _change_type as Dynamic and CDF metadata columns (_commit_version, _commit_timestamp).
   |                                                                                 ^^^^^^^^^^^^^^^^
   |
   = help: for further information visit https://rust-lang.github.io/rust-clippy/master/index.html#doc_markdown
help: try
   |
38 - /// Handles _change_type as Dynamic and CDF metadata columns (_commit_version, _commit_timestamp).
38 + /// Handles _change_type as Dynamic and CDF metadata columns (_commit_version, _`commit_timestamp`).
   |

warning: item in documentation is missing backticks
  --> kernel/src/scan/log_replay.rs:48:35
   |
48 |     /// A set of (data file path, dv_unique_id) pairs that have been seen thus
   |                                   ^^^^^^^^^^^^
   |
   = help: for further information visit https://rust-lang.github.io/rust-clippy/master/index.html#doc_markdown
help: try
   |
48 -     /// A set of (data file path, dv_unique_id) pairs that have been seen thus
48 +     /// A set of (data file path, `dv_unique_id`) pairs that have been seen thus
   |

warning: calling `HashSet::default()` is more clear than this expression
  --> kernel/src/scan/log_replay.rs:83:29
   |
83 |             seen_file_keys: Default::default(),
   |                             ^^^^^^^^^^^^^^^^^^ help: try: `HashSet::default()`
   |
   = help: for further information visit https://rust-lang.github.io/rust-clippy/master/index.html#default_trait_access

warning: calling `HashMap::default()` is more clear than this expression
   --> kernel/src/scan/log_replay.rs:191:18
    |
191 |             _ => Default::default(),
    |                  ^^^^^^^^^^^^^^^^^^ help: try: `HashMap::default()`
    |
    = help: for further information visit https://rust-lang.github.io/rust-clippy/master/index.html#default_trait_access

warning: item in documentation is missing backticks
   --> kernel/src/scan/log_replay.rs:397:47
    |
397 | /// Note: The iterator of [`ActionsBatch`]s ('action_iter' parameter) must be sorted by the order of
    |                                               ^^^^^^^^^^^
    |
    = help: for further information visit https://rust-lang.github.io/rust-clippy/master/index.html#doc_markdown
help: try
    |
397 - /// Note: The iterator of [`ActionsBatch`]s ('action_iter' parameter) must be sorted by the order of
397 + /// Note: The iterator of [`ActionsBatch`]s ('`action_iter`' parameter) must be sorted by the order of
    |

warning: item in documentation is missing backticks
  --> kernel/src/scan/state.rs:49:23
   |
49 |     /// Check if this DvInfo contains a Deletion Vector. This is mostly used to know if the
   |                       ^^^^^^
   |
   = help: for further information visit https://rust-lang.github.io/rust-clippy/master/index.html#doc_markdown
help: try
   |
49 -     /// Check if this DvInfo contains a Deletion Vector. This is mostly used to know if the
49 +     /// Check if this `DvInfo` contains a Deletion Vector. This is mostly used to know if the
   |

warning: this method could have a `#[must_use]` attribute
  --> kernel/src/scan/state.rs:51:12
   |
51 |     pub fn has_vector(&self) -> bool {
   |            ^^^^^^^^^^
   |
   = help: for further information visit https://rust-lang.github.io/rust-clippy/master/index.html#must_use_candidate
help: add the attribute
   |
51 ~     #[must_use] 
52 ~     pub fn has_vector(&self) -> bool {
   |

warning: docs for function returning `Result` missing `# Errors` section
  --> kernel/src/scan/state.rs:69:5
   |
69 | /     pub fn get_selection_vector(
70 | |         &self,
71 | |         engine: &dyn Engine,
72 | |         table_root: &url::Url,
73 | |     ) -> DeltaResult<Option<Vec<bool>>> {
   | |_______________________________________^
   |
   = help: for further information visit https://rust-lang.github.io/rust-clippy/master/index.html#missing_errors_doc

warning: docs for function returning `Result` missing `# Errors` section
  --> kernel/src/scan/state.rs:79:5
   |
79 | /     pub fn get_row_indexes(
80 | |         &self,
81 | |         engine: &dyn Engine,
82 | |         table_root: &url::Url,
83 | |     ) -> DeltaResult<Option<Vec<u64>>> {
   | |______________________________________^
   |
   = help: for further information visit https://rust-lang.github.io/rust-clippy/master/index.html#missing_errors_doc

warning: docs for function returning `Result` missing `# Errors` section
   --> kernel/src/scan/state.rs:96:1
    |
 96 | / pub fn transform_to_logical(
 97 | |     engine: &dyn Engine,
 98 | |     physical_data: Box<dyn EngineData>,
 99 | |     physical_schema: &SchemaRef,
100 | |     logical_schema: &Schema,
101 | |     transform: Option<ExpressionRef>,
102 | | ) -> DeltaResult<Box<dyn EngineData>> {
    | |_____________________________________^
    |
    = help: for further information visit https://rust-lang.github.io/rust-clippy/master/index.html#missing_errors_doc

warning: docs for function returning `Result` missing `# Errors` section
   --> kernel/src/scan/state.rs:156:5
    |
156 |     pub fn visit_scan_files<T>(&self, context: T, callback: ScanCallback<T>) -> DeltaResult<T> {
    |     ^^^^^^^^^^^^^^^^^^^^^^^^^^^^^^^^^^^^^^^^^^^^^^^^^^^^^^^^^^^^^^^^^^^^^^^^^^^^^^^^^^^^^^^^^^
    |
    = help: for further information visit https://rust-lang.github.io/rust-clippy/master/index.html#missing_errors_doc

warning: consider adding a `;` to the last statement for consistent formatting
   --> kernel/src/scan/state.rs:213:17
    |
213 | /                 (self.callback)(
214 | |                     &mut self.context,
215 | |                     path,
216 | |                     size,
...   |
220 | |                     partition_values,
221 | |                 )
    | |_________________^
    |
    = help: for further information visit https://rust-lang.github.io/rust-clippy/master/index.html#semicolon_if_nothing_returned
help: add a `;` here
    |
221 |                 (self.callback)(
...
228 |                     partition_values,
229 ~                 );
    |

warning: item in documentation is missing backticks
 --> kernel/src/scan/state_info.rs:1:5
  |
1 | //! StateInfo handles the state that we use through log-replay in order to correctly construct all
  |     ^^^^^^^^^
  |
  = help: for further information visit https://rust-lang.github.io/rust-clippy/master/index.html#doc_markdown
help: try
  |
1 - //! StateInfo handles the state that we use through log-replay in order to correctly construct all
1 + //! `StateInfo` handles the state that we use through log-replay in order to correctly construct all
  |

warning: these match arms have identical bodies
  --> kernel/src/scan/state_info.rs:83:13
   |
83 |             Some(MetadataColumnSpec::RowCommitVersion) => {}
   |             ^^^^^^^^^^^^^^^^^^^^^^^^^^^^^^^^^^^^^^^^^^^^^^^^
84 |             None => {}
   |             ^^^^^^^^^^
   |
   = help: if this is unintentional make the arms return different values
   = help: for further information visit https://rust-lang.github.io/rust-clippy/master/index.html#match_same_arms
help: otherwise merge the patterns into a single arm
   |
83 ~             Some(MetadataColumnSpec::RowCommitVersion) | None => {}
84 ~             }
   |

warning: item in documentation is missing backticks
  --> kernel/src/scan/state_info.rs:94:16
   |
94 |     /// Create StateInfo with a custom field classifier for different scan types.
   |                ^^^^^^^^^
   |
   = help: for further information visit https://rust-lang.github.io/rust-clippy/master/index.html#doc_markdown
help: try
   |
94 -     /// Create StateInfo with a custom field classifier for different scan types.
94 +     /// Create `StateInfo` with a custom field classifier for different scan types.
   |

warning: item in documentation is missing backticks
  --> kernel/src/scan/state_info.rs:98:37
   |
98 |     /// `table_configuration` - The TableConfiguration for this table
   |                                     ^^^^^^^^^^^^^^^^^^
   |
   = help: for further information visit https://rust-lang.github.io/rust-clippy/master/index.html#doc_markdown
help: try
   |
98 -     /// `table_configuration` - The TableConfiguration for this table
98 +     /// `table_configuration` - The `TableConfiguration` for this table
   |

warning: this argument is passed by value, but not consumed in the function body
   --> kernel/src/scan/state_info.rs:105:21
    |
105 |         classifier: C,
    |                     ^
    |
    = help: for further information visit https://rust-lang.github.io/rust-clippy/master/index.html#needless_pass_by_value
help: consider taking a reference instead
    |
105 |         classifier: &C,
    |                     +

warning: you seem to be trying to use `match` for destructuring a single pattern. Consider using `if let`
   --> kernel/src/scan/state_info.rs:132:49
    |
132 |                           let index_column_name = match metadata_info.selected_row_index_col_name {
    |  _________________________________________________^
133 | |                             Some(index_column_name) => index_column_name.to_string(),
134 | |                             None => {
...   |
155 | |                         };
    | |_________________________^
    |
    = help: for further information visit https://rust-lang.github.io/rust-clippy/master/index.html#single_match_else
    = note: `-W clippy::single-match-else` implied by `-W clippy::pedantic`
    = help: to override `-W clippy::pedantic` add `#[allow(clippy::single_match_else)]`
help: try
    |
132 ~                         let index_column_name = if let Some(index_column_name) = metadata_info.selected_row_index_col_name { index_column_name.to_string() } else {
133 +                             // the index column isn't being explicitly requested, so add it to
134 +                             // `read_fields` so the parquet_reader will generate it, and add a
135 +                             // transform to drop it before returning logical data
136 + 
137 +                             // ensure we have a column name that isn't already in our schema
138 +                             let index_column_name = (0..)
139 +                                 .map(|i| format!("row_indexes_for_row_id_{}", i))
140 +                                 .find(|name| logical_schema.field(name).is_none())
141 +                                 .ok_or(Error::generic(
142 +                                     "Couldn't generate row index column name",
143 +                                 ))?;
144 +                             read_fields.push(StructField::create_metadata_column(
145 +                                 &index_column_name,
146 +                                 MetadataColumnSpec::RowIndex,
147 +                             ));
148 +                             transform_spec.push(FieldTransformSpec::StaticDrop {
149 +                                 field_name: index_column_name.clone(),
150 +                             });
151 +                             index_column_name
152 ~                         };
    |

warning: possible infinite iteration detected
   --> kernel/src/scan/state_info.rs:140:57
    |
140 |   ...                   let index_column_name = (0..)
    |  _______________________________________________^
141 | | ...                       .map(|i| format!("row_indexes_for_row_id_{}", i))
142 | | ...                       .find(|name| logical_schema.field(name).is_none())
    | |____________________________________________________________________________^
    |
    = help: for further information visit https://rust-lang.github.io/rust-clippy/master/index.html#maybe_infinite_iter
    = note: `-W clippy::maybe-infinite-iter` implied by `-W clippy::pedantic`
    = help: to override `-W clippy::pedantic` add `#[allow(clippy::maybe_infinite_iter)]`

warning: variables can be used directly in the `format!` string
   --> kernel/src/scan/state_info.rs:141:46
    |
141 | ...                   .map(|i| format!("row_indexes_for_row_id_{}", i))
    |                                ^^^^^^^^^^^^^^^^^^^^^^^^^^^^^^^^^^^^^^^
    |
    = help: for further information visit https://rust-lang.github.io/rust-clippy/master/index.html#uninlined_format_args
help: change this to
    |
141 -                                     .map(|i| format!("row_indexes_for_row_id_{}", i))
141 +                                     .map(|i| format!("row_indexes_for_row_id_{i}"))
    |

warning: manual `Debug` impl does not include all fields
  --> kernel/src/scan/mod.rs:61:1
   |
61 | / impl std::fmt::Debug for ScanBuilder {
62 | |     fn fmt(&self, f: &mut std::fmt::Formatter<'_>) -> Result<(), std::fmt::Error> {
63 | |         f.debug_struct("ScanBuilder")
64 | |             .field("schema", &self.schema)
...  |
68 | | }
   | |_^
   |
note: this field is unused
  --> kernel/src/scan/mod.rs:56:5
   |
56 |     snapshot: SnapshotRef,
   |     ^^^^^^^^^^^^^^^^^^^^^
   = help: consider including all fields in this `Debug` impl
   = help: consider calling `.finish_non_exhaustive()` if you intend to ignore fields
   = help: for further information visit https://rust-lang.github.io/rust-clippy/master/index.html#missing_fields_in_debug

warning: this method could have a `#[must_use]` attribute
  --> kernel/src/scan/mod.rs:87:12
   |
87 |     pub fn with_schema(mut self, schema: SchemaRef) -> Self {
   |            ^^^^^^^^^^^
   |
   = help: for further information visit https://rust-lang.github.io/rust-clippy/master/index.html#must_use_candidate
help: add the attribute
   |
87 ~     #[must_use] 
88 ~     pub fn with_schema(mut self, schema: SchemaRef) -> Self {
   |

warning: missing `#[must_use]` attribute on a method returning `Self`
  --> kernel/src/scan/mod.rs:87:5
   |
87 | /     pub fn with_schema(mut self, schema: SchemaRef) -> Self {
88 | |         self.schema = Some(schema);
89 | |         self
90 | |     }
   | |_____^
   |
   = help: consider adding the `#[must_use]` attribute to the method or directly to the `Self` type
   = help: for further information visit https://rust-lang.github.io/rust-clippy/master/index.html#return_self_not_must_use

warning: this method could have a `#[must_use]` attribute
  --> kernel/src/scan/mod.rs:96:12
   |
96 |     pub fn with_schema_opt(self, schema_opt: Option<SchemaRef>) -> Self {
   |            ^^^^^^^^^^^^^^^
   |
   = help: for further information visit https://rust-lang.github.io/rust-clippy/master/index.html#must_use_candidate
help: add the attribute
   |
96 ~     #[must_use] 
97 ~     pub fn with_schema_opt(self, schema_opt: Option<SchemaRef>) -> Self {
   |

warning: missing `#[must_use]` attribute on a method returning `Self`
   --> kernel/src/scan/mod.rs:96:5
    |
 96 | /     pub fn with_schema_opt(self, schema_opt: Option<SchemaRef>) -> Self {
 97 | |         match schema_opt {
 98 | |             Some(schema) => self.with_schema(schema),
 99 | |             None => self,
100 | |         }
101 | |     }
    | |_____^
    |
    = help: consider adding the `#[must_use]` attribute to the method or directly to the `Self` type
    = help: for further information visit https://rust-lang.github.io/rust-clippy/master/index.html#return_self_not_must_use

warning: missing `#[must_use]` attribute on a method returning `Self`
   --> kernel/src/scan/mod.rs:109:5
    |
109 | /     pub fn with_predicate(mut self, predicate: impl Into<Option<PredicateRef>>) -> Self {
110 | |         self.predicate = predicate.into();
111 | |         self
112 | |     }
    | |_____^
    |
    = help: consider adding the `#[must_use]` attribute to the method or directly to the `Self` type
    = help: for further information visit https://rust-lang.github.io/rust-clippy/master/index.html#return_self_not_must_use

warning: docs for function returning `Result` missing `# Errors` section
   --> kernel/src/scan/mod.rs:120:5
    |
120 |     pub fn build(self) -> DeltaResult<Scan> {
    |     ^^^^^^^^^^^^^^^^^^^^^^^^^^^^^^^^^^^^^^^
    |
    = help: for further information visit https://rust-lang.github.io/rust-clippy/master/index.html#missing_errors_doc

warning: this function could have a `#[must_use]` attribute
   --> kernel/src/scan/mod.rs:269:8
    |
269 | pub fn get_transform_for_row(
    |        ^^^^^^^^^^^^^^^^^^^^^
    |
    = help: for further information visit https://rust-lang.github.io/rust-clippy/master/index.html#must_use_candidate
help: add the attribute
    |
269 + #[must_use] 
270 | pub fn get_transform_for_row(
    |

warning: manual `Debug` impl does not include all fields
   --> kernel/src/scan/mod.rs:324:1
    |
324 | / impl std::fmt::Debug for Scan {
325 | |     fn fmt(&self, f: &mut std::fmt::Formatter<'_>) -> Result<(), std::fmt::Error> {
326 | |         f.debug_struct("Scan")
327 | |             .field("schema", &self.state_info.logical_schema)
...   |
331 | | }
    | |_^
    |
note: this field is unused
   --> kernel/src/scan/mod.rs:320:5
    |
320 |     snapshot: SnapshotRef,
    |     ^^^^^^^^^^^^^^^^^^^^^
    = help: consider including all fields in this `Debug` impl
    = help: consider calling `.finish_non_exhaustive()` if you intend to ignore fields
    = help: for further information visit https://rust-lang.github.io/rust-clippy/master/index.html#missing_fields_in_debug

warning: this method could have a `#[must_use]` attribute
   --> kernel/src/scan/mod.rs:340:12
    |
340 |     pub fn table_root(&self) -> &Url {
    |            ^^^^^^^^^^
    |
    = help: for further information visit https://rust-lang.github.io/rust-clippy/master/index.html#must_use_candidate
help: add the attribute
    |
340 ~     #[must_use] 
341 ~     pub fn table_root(&self) -> &Url {
    |

warning: this method could have a `#[must_use]` attribute
   --> kernel/src/scan/mod.rs:347:12
    |
347 |     pub fn snapshot(&self) -> &SnapshotRef {
    |            ^^^^^^^^
    |
    = help: for further information visit https://rust-lang.github.io/rust-clippy/master/index.html#must_use_candidate
help: add the attribute
    |
347 ~     #[must_use] 
348 ~     pub fn snapshot(&self) -> &SnapshotRef {
    |

warning: this method could have a `#[must_use]` attribute
   --> kernel/src/scan/mod.rs:356:12
    |
356 |     pub fn logical_schema(&self) -> &SchemaRef {
    |            ^^^^^^^^^^^^^^
    |
    = help: for further information visit https://rust-lang.github.io/rust-clippy/master/index.html#must_use_candidate
help: add the attribute
    |
356 ~     #[must_use] 
357 ~     pub fn logical_schema(&self) -> &SchemaRef {
    |

warning: this method could have a `#[must_use]` attribute
   --> kernel/src/scan/mod.rs:364:12
    |
364 |     pub fn physical_schema(&self) -> &SchemaRef {
    |            ^^^^^^^^^^^^^^^
    |
    = help: for further information visit https://rust-lang.github.io/rust-clippy/master/index.html#must_use_candidate
help: add the attribute
    |
364 ~     #[must_use] 
365 ~     pub fn physical_schema(&self) -> &SchemaRef {
    |

warning: this method could have a `#[must_use]` attribute
   --> kernel/src/scan/mod.rs:369:12
    |
369 |     pub fn physical_predicate(&self) -> Option<PredicateRef> {
    |            ^^^^^^^^^^^^^^^^^^
    |
    = help: for further information visit https://rust-lang.github.io/rust-clippy/master/index.html#must_use_candidate
help: add the attribute
    |
369 ~     #[must_use] 
370 ~     pub fn physical_predicate(&self) -> Option<PredicateRef> {
    |

warning: docs for function returning `Result` missing `# Errors` section
   --> kernel/src/scan/mod.rs:396:5
    |
396 | /     pub fn scan_metadata(
397 | |         &self,
398 | |         engine: &dyn Engine,
399 | |     ) -> DeltaResult<impl Iterator<Item = DeltaResult<ScanMetadata>>> {
    | |_____________________________________________________________________^
    |
    = help: for further information visit https://rust-lang.github.io/rust-clippy/master/index.html#missing_errors_doc

warning: docs for function returning `Result` missing `# Errors` section
   --> kernel/src/scan/mod.rs:579:5
    |
579 | /     pub fn execute(
580 | |         &self,
581 | |         engine: Arc<dyn Engine>,
582 | |     ) -> DeltaResult<impl Iterator<Item = DeltaResult<Box<dyn EngineData>>>> {
    | |____________________________________________________________________________^
    |
    = help: for further information visit https://rust-lang.github.io/rust-clippy/master/index.html#missing_errors_doc

warning: docs for function returning `Result` missing `# Errors` section
   --> kernel/src/scan/mod.rs:716:1
    |
716 | / pub fn selection_vector(
717 | |     engine: &dyn Engine,
718 | |     descriptor: &DeletionVectorDescriptor,
719 | |     table_root: &Url,
720 | | ) -> DeltaResult<Vec<bool>> {
    | |___________________________^
    |
    = help: for further information visit https://rust-lang.github.io/rust-clippy/master/index.html#missing_errors_doc

warning: unnecessary semicolon
   --> kernel/src/schema/compare.rs:172:10
    |
172 |         };
    |          ^ help: remove
    |
    = help: for further information visit https://rust-lang.github.io/rust-clippy/master/index.html#unnecessary_semicolon
    = note: `-W clippy::unnecessary-semicolon` implied by `-W clippy::pedantic`
    = help: to override `-W clippy::pedantic` add `#[allow(clippy::unnecessary_semicolon)]`

warning: consider adding a `;` to the last statement for consistent formatting
   --> kernel/src/schema/compare.rs:159:17
    |
159 |                 self_struct.can_read_as(read_struct)?
    |                 ^^^^^^^^^^^^^^^^^^^^^^^^^^^^^^^^^^^^^ help: add a `;` here: `self_struct.can_read_as(read_struct)?;`
    |
    = help: for further information visit https://rust-lang.github.io/rust-clippy/master/index.html#semicolon_if_nothing_returned

warning: impl for `HashSet` should be generalized over different hashers
  --> kernel/src/schema/derive_macro_utils.rs:56:36
   |
56 | impl<T: ToDataType> ToDataType for HashSet<T> {
   |                                    ^^^^^^^^^^
   |
   = help: for further information visit https://rust-lang.github.io/rust-clippy/master/index.html#implicit_hasher
   = note: `-W clippy::implicit-hasher` implied by `-W clippy::pedantic`
   = help: to override `-W clippy::pedantic` add `#[allow(clippy::implicit_hasher)]`
help: add a type parameter for `BuildHasher`
   |
56 | impl<T: ToDataType, S: ::std::hash::BuildHasher> ToDataType for HashSet<T, S> {
   |                   +++++++++++++++++++++++++++++                          +++

warning: impl for `HashMap` should be generalized over different hashers
  --> kernel/src/schema/derive_macro_utils.rs:63:51
   |
63 | impl<K: ToDataType, V: ToDataType> ToDataType for HashMap<K, V> {
   |                                                   ^^^^^^^^^^^^^
   |
   = help: for further information visit https://rust-lang.github.io/rust-clippy/master/index.html#implicit_hasher
help: add a type parameter for `BuildHasher`
   |
63 | impl<K: ToDataType, V: ToDataType, S: ::std::hash::BuildHasher> ToDataType for HashMap<K, V, S> {
   |                                  +++++++++++++++++++++++++++++                             +++

warning: impl for `HashMap` should be generalized over different hashers
  --> kernel/src/schema/derive_macro_utils.rs:70:51
   |
70 | impl<K: ToDataType, V: ToDataType> ToDataType for HashMap<K, Option<V>> {
   |                                                   ^^^^^^^^^^^^^^^^^^^^^
   |
   = help: for further information visit https://rust-lang.github.io/rust-clippy/master/index.html#implicit_hasher
help: add a type parameter for `BuildHasher`
   |
70 | impl<K: ToDataType, V: ToDataType, S: ::std::hash::BuildHasher> ToDataType for HashMap<K, Option<V>, S> {
   |                                  +++++++++++++++++++++++++++++                                     +++

warning: this method could have a `#[must_use]` attribute
   --> kernel/src/schema/mod.rs:139:12
    |
139 |     pub fn text_value(&self) -> &'static str {
    |            ^^^^^^^^^^
    |
    = help: for further information visit https://rust-lang.github.io/rust-clippy/master/index.html#must_use_candidate
help: add the attribute
    |
139 ~     #[must_use] 
140 ~     pub fn text_value(&self) -> &'static str {
    |

warning: this method could have a `#[must_use]` attribute
   --> kernel/src/schema/mod.rs:148:12
    |
148 |     pub fn data_type(&self) -> DataType {
    |            ^^^^^^^^^
    |
    = help: for further information visit https://rust-lang.github.io/rust-clippy/master/index.html#must_use_candidate
help: add the attribute
    |
148 ~     #[must_use] 
149 ~     pub fn data_type(&self) -> DataType {
    |

warning: these match arms have identical bodies
   --> kernel/src/schema/mod.rs:150:13
    |
150 |             Self::RowIndex => DataType::LONG,
    |             ^^^^^^^^^^^^^^^^^^^^^^^^^^^^^^^^
151 |             Self::RowId => DataType::LONG,
    |             ^^^^^^^^^^^^^^^^^^^^^^^^^^^^^
152 |             Self::RowCommitVersion => DataType::LONG,
    |             ^^^^^^^^^^^^^^^^^^^^^^^^^^^^^^^^^^^^^^^^
    |
    = help: if this is unintentional make the arms return different values
    = help: for further information visit https://rust-lang.github.io/rust-clippy/master/index.html#match_same_arms
help: otherwise merge the patterns into a single arm
    |
150 -             Self::RowIndex => DataType::LONG,
151 -             Self::RowId => DataType::LONG,
150 +             Self::RowIndex | Self::RowId | Self::RowCommitVersion => DataType::LONG,
    |

warning: this method could have a `#[must_use]` attribute
   --> kernel/src/schema/mod.rs:157:12
    |
157 |     pub fn nullable(&self) -> bool {
    |            ^^^^^^^^
    |
    = help: for further information visit https://rust-lang.github.io/rust-clippy/master/index.html#must_use_candidate
help: add the attribute
    |
157 ~     #[must_use] 
158 ~     pub fn nullable(&self) -> bool {
    |

warning: these match arms have identical bodies
   --> kernel/src/schema/mod.rs:159:13
    |
159 |             Self::RowIndex => false,
    |             ^^^^^^^^^^^^^^^^^^^^^^^
160 |             Self::RowId => false,
    |             ^^^^^^^^^^^^^^^^^^^^
161 |             Self::RowCommitVersion => false,
    |             ^^^^^^^^^^^^^^^^^^^^^^^^^^^^^^^
    |
    = help: if this is unintentional make the arms return different values
    = help: for further information visit https://rust-lang.github.io/rust-clippy/master/index.html#match_same_arms
help: otherwise merge the patterns into a single arm
    |
159 -             Self::RowIndex => false,
160 -             Self::RowId => false,
159 +             Self::RowIndex | Self::RowId | Self::RowCommitVersion => false,
    |

warning: this method could have a `#[must_use]` attribute
   --> kernel/src/schema/mod.rs:239:12
    |
239 |     pub fn default_row_index_column() -> &'static StructField {
    |            ^^^^^^^^^^^^^^^^^^^^^^^^
    |
    = help: for further information visit https://rust-lang.github.io/rust-clippy/master/index.html#must_use_candidate
help: add the attribute
    |
239 ~     #[must_use] 
240 ~     pub fn default_row_index_column() -> &'static StructField {
    |

warning: missing `#[must_use]` attribute on a method returning `Self`
   --> kernel/src/schema/mod.rs:254:5
    |
254 | /     pub fn with_metadata(
255 | |         mut self,
256 | |         metadata: impl IntoIterator<Item = (impl Into<String>, impl Into<MetadataValue>)>,
257 | |     ) -> Self {
...   |
262 | |         self
263 | |     }
    | |_____^
    |
    = help: consider adding the `#[must_use]` attribute to the method or directly to the `Self` type
    = help: for further information visit https://rust-lang.github.io/rust-clippy/master/index.html#return_self_not_must_use

warning: missing `#[must_use]` attribute on a method returning `Self`
   --> kernel/src/schema/mod.rs:266:5
    |
266 | /     pub fn add_metadata(
267 | |         mut self,
268 | |         metadata: impl IntoIterator<Item = (impl Into<String>, impl Into<MetadataValue>)>,
269 | |     ) -> Self {
...   |
272 | |         self
273 | |     }
    | |_____^
    |
    = help: consider adding the `#[must_use]` attribute to the method or directly to the `Self` type
    = help: for further information visit https://rust-lang.github.io/rust-clippy/master/index.html#return_self_not_must_use

warning: this method could have a `#[must_use]` attribute
   --> kernel/src/schema/mod.rs:276:12
    |
276 |     pub fn is_metadata_column(&self) -> bool {
    |            ^^^^^^^^^^^^^^^^^^
    |
    = help: for further information visit https://rust-lang.github.io/rust-clippy/master/index.html#must_use_candidate
help: add the attribute
    |
276 ~     #[must_use] 
277 ~     pub fn is_metadata_column(&self) -> bool {
    |

warning: this method could have a `#[must_use]` attribute
   --> kernel/src/schema/mod.rs:282:12
    |
282 |     pub fn get_metadata_column_spec(&self) -> Option<MetadataColumnSpec> {
    |            ^^^^^^^^^^^^^^^^^^^^^^^^
    |
    = help: for further information visit https://rust-lang.github.io/rust-clippy/master/index.html#must_use_candidate
help: add the attribute
    |
282 ~     #[must_use] 
283 ~     pub fn get_metadata_column_spec(&self) -> Option<MetadataColumnSpec> {
    |

warning: this method could have a `#[must_use]` attribute
   --> kernel/src/schema/mod.rs:295:12
    |
295 |     pub fn is_internal_column(&self) -> bool {
    |            ^^^^^^^^^^^^^^^^^^
    |
    = help: for further information visit https://rust-lang.github.io/rust-clippy/master/index.html#must_use_candidate
help: add the attribute
    |
295 ~     #[must_use] 
296 ~     pub fn is_internal_column(&self) -> bool {
    |

warning: this method could have a `#[must_use]` attribute
   --> kernel/src/schema/mod.rs:304:12
    |
304 |     pub fn as_internal_column(self) -> Self {
    |            ^^^^^^^^^^^^^^^^^^
    |
    = help: for further information visit https://rust-lang.github.io/rust-clippy/master/index.html#must_use_candidate
help: add the attribute
    |
304 ~     #[must_use] 
305 ~     pub fn as_internal_column(self) -> Self {
    |

warning: missing `#[must_use]` attribute on a method returning `Self`
   --> kernel/src/schema/mod.rs:304:5
    |
304 | /     pub fn as_internal_column(self) -> Self {
305 | |         self.add_metadata(vec![(
306 | |             ColumnMetadataKey::InternalColumn.as_ref().to_string(),
307 | |             MetadataValue::Boolean(true),
308 | |         )])
309 | |     }
    | |_____^
    |
    = help: consider adding the `#[must_use]` attribute to the method or directly to the `Self` type
    = help: for further information visit https://rust-lang.github.io/rust-clippy/master/index.html#return_self_not_must_use

warning: this method could have a `#[must_use]` attribute
   --> kernel/src/schema/mod.rs:311:12
    |
311 |     pub fn get_config_value(&self, key: &ColumnMetadataKey) -> Option<&MetadataValue> {
    |            ^^^^^^^^^^^^^^^^
    |
    = help: for further information visit https://rust-lang.github.io/rust-clippy/master/index.html#must_use_candidate
help: add the attribute
    |
311 ~     #[must_use] 
312 ~     pub fn get_config_value(&self, key: &ColumnMetadataKey) -> Option<&MetadataValue> {
    |

warning: missing `#[must_use]` attribute on a method returning `Self`
   --> kernel/src/schema/mod.rs:342:5
    |
342 | /     pub fn with_name(&self, new_name: impl Into<String>) -> Self {
343 | |         StructField {
344 | |             name: new_name.into(),
345 | |             data_type: self.data_type().clone(),
...   |
349 | |     }
    | |_____^
    |
    = help: consider adding the `#[must_use]` attribute to the method or directly to the `Self` type
    = help: for further information visit https://rust-lang.github.io/rust-clippy/master/index.html#return_self_not_must_use

warning: this method could have a `#[must_use]` attribute
   --> kernel/src/schema/mod.rs:352:12
    |
352 |     pub fn name(&self) -> &String {
    |            ^^^^
    |
    = help: for further information visit https://rust-lang.github.io/rust-clippy/master/index.html#must_use_candidate
help: add the attribute
    |
352 ~     #[must_use] 
353 ~     pub fn name(&self) -> &String {
    |

warning: this method could have a `#[must_use]` attribute
   --> kernel/src/schema/mod.rs:357:12
    |
357 |     pub fn is_nullable(&self) -> bool {
    |            ^^^^^^^^^^^
    |
    = help: for further information visit https://rust-lang.github.io/rust-clippy/master/index.html#must_use_candidate
help: add the attribute
    |
357 ~     #[must_use] 
358 ~     pub fn is_nullable(&self) -> bool {
    |

warning: this method could have a `#[must_use]` attribute
   --> kernel/src/schema/mod.rs:362:18
    |
362 |     pub const fn data_type(&self) -> &DataType {
    |                  ^^^^^^^^^
    |
    = help: for further information visit https://rust-lang.github.io/rust-clippy/master/index.html#must_use_candidate
help: add the attribute
    |
362 ~     #[must_use] 
363 ~     pub const fn data_type(&self) -> &DataType {
    |

warning: this method could have a `#[must_use]` attribute
   --> kernel/src/schema/mod.rs:367:18
    |
367 |     pub const fn metadata(&self) -> &HashMap<String, MetadataValue> {
    |                  ^^^^^^^^
    |
    = help: for further information visit https://rust-lang.github.io/rust-clippy/master/index.html#must_use_candidate
help: add the attribute
    |
367 ~     #[must_use] 
368 ~     pub const fn metadata(&self) -> &HashMap<String, MetadataValue> {
    |

warning: item in documentation is missing backticks
   --> kernel/src/schema/mod.rs:371:37
    |
371 |     /// Convert our metadata into a HashMap<String, String>. Note this copies all the data so can be
    |                                     ^^^^^^^
    |
    = help: for further information visit https://rust-lang.github.io/rust-clippy/master/index.html#doc_markdown
help: try
    |
371 -     /// Convert our metadata into a HashMap<String, String>. Note this copies all the data so can be
371 +     /// Convert our metadata into a `HashMap`<String, String>. Note this copies all the data so can be
    |

warning: this method could have a `#[must_use]` attribute
   --> kernel/src/schema/mod.rs:373:12
    |
373 |     pub fn metadata_with_string_values(&self) -> HashMap<String, String> {
    |            ^^^^^^^^^^^^^^^^^^^^^^^^^^^
    |
    = help: for further information visit https://rust-lang.github.io/rust-clippy/master/index.html#must_use_candidate
help: add the attribute
    |
373 ~     #[must_use] 
374 ~     pub fn metadata_with_string_values(&self) -> HashMap<String, String> {
    |

warning: item in documentation is missing backticks
   --> kernel/src/schema/mod.rs:386:23
    |
386 |     /// If a physical StructField contains a field ID, the reader must resolve columns
    |                       ^^^^^^^^^^^
    |
    = help: for further information visit https://rust-lang.github.io/rust-clippy/master/index.html#doc_markdown
help: try
    |
386 -     /// If a physical StructField contains a field ID, the reader must resolve columns
386 +     /// If a physical `StructField` contains a field ID, the reader must resolve columns
    |

warning: item in documentation is missing backticks
   --> kernel/src/schema/mod.rs:387:47
    |
387 |     /// with that ID. Otherwise, the physical StructField's name is used. For details,
    |                                               ^^^^^^^^^^^
    |
    = help: for further information visit https://rust-lang.github.io/rust-clippy/master/index.html#doc_markdown
help: try
    |
387 -     /// with that ID. Otherwise, the physical StructField's name is used. For details,
387 +     /// with that ID. Otherwise, the physical `StructField`'s name is used. For details,
    |

warning: `match` on a boolean expression
   --> kernel/src/schema/mod.rs:420:25
    |
420 | /                         match field.is_metadata_column() {
421 | |                             true => {
422 | |                                 debug_assert!(
423 | |                                     false,
...   |
433 | |                         }
    | |_________________________^
    |
    = help: for further information visit https://rust-lang.github.io/rust-clippy/master/index.html#match_bool
help: consider using an `if`/`else` expression
    |
420 ~                         if field.is_metadata_column() {
421 +                             debug_assert!(
422 +                                 false,
423 +                                 "Metadata column should not have a physical name"
424 +                             );
425 +                         } else {
426 +                             debug_assert!(field
427 +                                 .metadata
428 +                                 .get(ColumnMetadataKey::ColumnMappingPhysicalName.as_ref())
429 +                                 .is_some_and(|x| matches!(x, MetadataValue::String(_))));
430 +                         }
    |

warning: item in documentation is missing backticks
   --> kernel/src/schema/mod.rs:462:33
    |
462 |     /// Converts logical schema StructField metadata to physical schema metadata
    |                                 ^^^^^^^^^^^
    |
    = help: for further information visit https://rust-lang.github.io/rust-clippy/master/index.html#doc_markdown
help: try
    |
462 -     /// Converts logical schema StructField metadata to physical schema metadata
462 +     /// Converts logical schema `StructField` metadata to physical schema metadata
    |

warning: it is more concise to loop over references to containers instead of using explicit iteration methods
   --> kernel/src/schema/mod.rs:518:23
    |
518 |         for (k, v) in self.metadata.iter() {
    |                       ^^^^^^^^^^^^^^^^^^^^ help: to write this more concisely, try: `&self.metadata`
    |
    = help: for further information visit https://rust-lang.github.io/rust-clippy/master/index.html#explicit_iter_loop

warning: `format!(..)` appended to existing `String`
   --> kernel/src/schema/mod.rs:523:13
    |
523 |             metadata_str.push_str(&format!("{}: {:?}", k, v));
    |             ^^^^^^^^^^^^^^^^^^^^^^^^^^^^^^^^^^^^^^^^^^^^^^^^^
    |
    = help: consider using `write!` to avoid the extra allocation
    = help: for further information visit https://rust-lang.github.io/rust-clippy/master/index.html#format_push_string
    = note: `-W clippy::format-push-string` implied by `-W clippy::pedantic`
    = help: to override `-W clippy::pedantic` add `#[allow(clippy::format_push_string)]`

warning: variables can be used directly in the `format!` string
   --> kernel/src/schema/mod.rs:523:36
    |
523 |             metadata_str.push_str(&format!("{}: {:?}", k, v));
    |                                    ^^^^^^^^^^^^^^^^^^^^^^^^^
    |
    = help: for further information visit https://rust-lang.github.io/rust-clippy/master/index.html#uninlined_format_args
help: change this to
    |
523 -             metadata_str.push_str(&format!("{}: {:?}", k, v));
523 +             metadata_str.push_str(&format!("{k}: {v:?}"));
    |

warning: this method could have a `#[must_use]` attribute
   --> kernel/src/schema/mod.rs:561:12
    |
561 |     pub fn new() -> Self {
    |            ^^^
    |
    = help: for further information visit https://rust-lang.github.io/rust-clippy/master/index.html#must_use_candidate
help: add the attribute
    |
561 ~     #[must_use] 
562 ~     pub fn new() -> Self {
    |

warning: this method could have a `#[must_use]` attribute
   --> kernel/src/schema/mod.rs:567:12
    |
567 |     pub fn from_schema(schema: &StructType) -> Self {
    |            ^^^^^^^^^^^
    |
    = help: for further information visit https://rust-lang.github.io/rust-clippy/master/index.html#must_use_candidate
help: add the attribute
    |
567 ~     #[must_use] 
568 ~     pub fn from_schema(schema: &StructType) -> Self {
    |

warning: this method could have a `#[must_use]` attribute
   --> kernel/src/schema/mod.rs:573:12
    |
573 |     pub fn add_field(mut self, field: StructField) -> Self {
    |            ^^^^^^^^^
    |
    = help: for further information visit https://rust-lang.github.io/rust-clippy/master/index.html#must_use_candidate
help: add the attribute
    |
573 ~     #[must_use] 
574 ~     pub fn add_field(mut self, field: StructField) -> Self {
    |

warning: missing `#[must_use]` attribute on a method returning `Self`
   --> kernel/src/schema/mod.rs:573:5
    |
573 | /     pub fn add_field(mut self, field: StructField) -> Self {
574 | |         self.fields.insert(field.name.clone(), field);
575 | |         self
576 | |     }
    | |_____^
    |
    = help: consider adding the `#[must_use]` attribute to the method or directly to the `Self` type
    = help: for further information visit https://rust-lang.github.io/rust-clippy/master/index.html#return_self_not_must_use

warning: docs for function returning `Result` missing `# Errors` section
   --> kernel/src/schema/mod.rs:578:5
    |
578 |     pub fn build(self) -> DeltaResult<StructType> {
    |     ^^^^^^^^^^^^^^^^^^^^^^^^^^^^^^^^^^^^^^^^^^^^^
    |
    = help: for further information visit https://rust-lang.github.io/rust-clippy/master/index.html#missing_errors_doc

warning: this method could have a `#[must_use]` attribute
   --> kernel/src/schema/mod.rs:582:12
    |
582 |     pub fn build_arc_unchecked(self) -> Arc<StructType> {
    |            ^^^^^^^^^^^^^^^^^^^
    |
    = help: for further information visit https://rust-lang.github.io/rust-clippy/master/index.html#must_use_candidate
help: add the attribute
    |
582 ~     #[must_use] 
583 ~     pub fn build_arc_unchecked(self) -> Arc<StructType> {
    |

warning: docs for function returning `Result` missing `# Errors` section
   --> kernel/src/schema/mod.rs:594:5
    |
594 |     pub fn try_new(fields: impl IntoIterator<Item = StructField>) -> DeltaResult<Self> {
    |     ^^^^^^^^^^^^^^^^^^^^^^^^^^^^^^^^^^^^^^^^^^^^^^^^^^^^^^^^^^^^^^^^^^^^^^^^^^^^^^^^^^
    |
    = help: for further information visit https://rust-lang.github.io/rust-clippy/master/index.html#missing_errors_doc

warning: docs for function returning `Result` missing `# Errors` section
   --> kernel/src/schema/mod.rs:631:5
    |
631 | /     pub fn try_from_results<E: Into<Error>>(
632 | |         fields: impl IntoIterator<Item = Result<StructField, E>>,
633 | |     ) -> DeltaResult<Self> {
    | |__________________________^
    |
    = help: for further information visit https://rust-lang.github.io/rust-clippy/master/index.html#missing_errors_doc

warning: this method could have a `#[must_use]` attribute
   --> kernel/src/schema/mod.rs:640:12
    |
640 |     pub fn builder() -> StructTypeBuilder {
    |            ^^^^^^^
    |
    = help: for further information visit https://rust-lang.github.io/rust-clippy/master/index.html#must_use_candidate
help: add the attribute
    |
640 ~     #[must_use] 
641 ~     pub fn builder() -> StructTypeBuilder {
    |

warning: docs for function returning `Result` missing `# Errors` section
   --> kernel/src/schema/mod.rs:670:5
    |
670 |     pub fn project_as_struct(&self, names: &[impl AsRef<str>]) -> DeltaResult<StructType> {
    |     ^^^^^^^^^^^^^^^^^^^^^^^^^^^^^^^^^^^^^^^^^^^^^^^^^^^^^^^^^^^^^^^^^^^^^^^^^^^^^^^^^^^^^
    |
    = help: for further information visit https://rust-lang.github.io/rust-clippy/master/index.html#missing_errors_doc

warning: docs for function returning `Result` missing `# Errors` section
   --> kernel/src/schema/mod.rs:683:5
    |
683 |     pub fn project(&self, names: &[impl AsRef<str>]) -> DeltaResult<SchemaRef> {
    |     ^^^^^^^^^^^^^^^^^^^^^^^^^^^^^^^^^^^^^^^^^^^^^^^^^^^^^^^^^^^^^^^^^^^^^^^^^^
    |
    = help: for further information visit https://rust-lang.github.io/rust-clippy/master/index.html#missing_errors_doc

warning: docs for function returning `Result` missing `# Errors` section
   --> kernel/src/schema/mod.rs:689:5
    |
689 |     pub fn add(&self, fields: impl IntoIterator<Item = StructField>) -> DeltaResult<Self> {
    |     ^^^^^^^^^^^^^^^^^^^^^^^^^^^^^^^^^^^^^^^^^^^^^^^^^^^^^^^^^^^^^^^^^^^^^^^^^^^^^^^^^^^^^
    |
    = help: for further information visit https://rust-lang.github.io/rust-clippy/master/index.html#missing_errors_doc

warning: docs for function returning `Result` missing `# Errors` section
   --> kernel/src/schema/mod.rs:694:5
    |
694 | /     pub fn add_metadata_column(
695 | |         &self,
696 | |         name: impl Into<String>,
697 | |         spec: MetadataColumnSpec,
698 | |     ) -> DeltaResult<Self> {
    | |__________________________^
    |
    = help: for further information visit https://rust-lang.github.io/rust-clippy/master/index.html#missing_errors_doc

warning: this method could have a `#[must_use]` attribute
   --> kernel/src/schema/mod.rs:708:12
    |
708 |     pub fn index_of_metadata_column(&self, spec: &MetadataColumnSpec) -> Option<&usize> {
    |            ^^^^^^^^^^^^^^^^^^^^^^^^
    |
    = help: for further information visit https://rust-lang.github.io/rust-clippy/master/index.html#must_use_candidate
help: add the attribute
    |
708 ~     #[must_use] 
709 ~     pub fn index_of_metadata_column(&self, spec: &MetadataColumnSpec) -> Option<&usize> {
    |

warning: this method could have a `#[must_use]` attribute
   --> kernel/src/schema/mod.rs:718:12
    |
718 |     pub fn contains_metadata_column(&self, spec: &MetadataColumnSpec) -> bool {
    |            ^^^^^^^^^^^^^^^^^^^^^^^^
    |
    = help: for further information visit https://rust-lang.github.io/rust-clippy/master/index.html#must_use_candidate
help: add the attribute
    |
718 ~     #[must_use] 
719 ~     pub fn contains_metadata_column(&self, spec: &MetadataColumnSpec) -> bool {
    |

warning: this method could have a `#[must_use]` attribute
   --> kernel/src/schema/mod.rs:735:12
    |
735 |     pub fn field_at_index(&self, index: usize) -> Option<&StructField> {
    |            ^^^^^^^^^^^^^^
    |
    = help: for further information visit https://rust-lang.github.io/rust-clippy/master/index.html#must_use_candidate
help: add the attribute
    |
735 ~     #[must_use] 
736 ~     pub fn field_at_index(&self, index: usize) -> Option<&StructField> {
    |

warning: this method could have a `#[must_use]` attribute
   --> kernel/src/schema/mod.rs:740:12
    |
740 |     pub fn fields(
    |            ^^^^^^
    |
    = help: for further information visit https://rust-lang.github.io/rust-clippy/master/index.html#must_use_candidate
help: add the attribute
    |
740 ~     #[must_use] 
741 ~     pub fn fields(
    |

warning: this method could have a `#[must_use]` attribute
   --> kernel/src/schema/mod.rs:747:12
    |
747 |     pub fn into_fields(
    |            ^^^^^^^^^^^
    |
    = help: for further information visit https://rust-lang.github.io/rust-clippy/master/index.html#must_use_candidate
help: add the attribute
    |
747 ~     #[must_use] 
748 ~     pub fn into_fields(
    |

warning: this method could have a `#[must_use]` attribute
   --> kernel/src/schema/mod.rs:754:12
    |
754 |     pub fn field_names(&self) -> impl ExactSizeIterator<Item = &String> {
    |            ^^^^^^^^^^^
    |
    = help: for further information visit https://rust-lang.github.io/rust-clippy/master/index.html#must_use_candidate
help: add the attribute
    |
754 ~     #[must_use] 
755 ~     pub fn field_names(&self) -> impl ExactSizeIterator<Item = &String> {
    |

warning: this method could have a `#[must_use]` attribute
   --> kernel/src/schema/mod.rs:759:12
    |
759 |     pub fn num_fields(&self) -> usize {
    |            ^^^^^^^^^^
    |
    = help: for further information visit https://rust-lang.github.io/rust-clippy/master/index.html#must_use_candidate
help: add the attribute
    |
759 ~     #[must_use] 
760 ~     pub fn num_fields(&self) -> usize {
    |

warning: this method could have a `#[must_use]` attribute
   --> kernel/src/schema/mod.rs:765:12
    |
765 |     pub fn metadata_column(&self, spec: &MetadataColumnSpec) -> Option<&StructField> {
    |            ^^^^^^^^^^^^^^^
    |
    = help: for further information visit https://rust-lang.github.io/rust-clippy/master/index.html#must_use_candidate
help: add the attribute
    |
765 ~     #[must_use] 
766 ~     pub fn metadata_column(&self, spec: &MetadataColumnSpec) -> Option<&StructField> {
    |

warning: item in documentation is missing backticks
   --> kernel/src/schema/mod.rs:793:46
    |
793 |     /// [`ColumnMappingMode::Id`], then each StructField will have its parquet field id in the
    |                                              ^^^^^^^^^^^
    |
    = help: for further information visit https://rust-lang.github.io/rust-clippy/master/index.html#doc_markdown
help: try
    |
793 -     /// [`ColumnMappingMode::Id`], then each StructField will have its parquet field id in the
793 +     /// [`ColumnMappingMode::Id`], then each `StructField` will have its parquet field id in the
    |

warning: unnecessary semicolon
   --> kernel/src/schema/mod.rs:848:10
    |
848 |         };
    |          ^ help: remove
    |
    = help: for further information visit https://rust-lang.github.io/rust-clippy/master/index.html#unnecessary_semicolon

warning: variables can be used directly in the `format!` string
   --> kernel/src/schema/mod.rs:883:9
    |
883 |         writeln!(f, "{}", field)?;
    |         ^^^^^^^^^^^^^^^^^^^^^^^^
    |
    = help: for further information visit https://rust-lang.github.io/rust-clippy/master/index.html#uninlined_format_args
help: change this to
    |
883 -         writeln!(f, "{}", field)?;
883 +         writeln!(f, "{field}")?;
    |

warning: `IntoIterator` implemented for a reference type without an `iter` method
   --> kernel/src/schema/mod.rs:911:1
    |
911 | / impl<'a> IntoIterator for &'a StructType {
912 | |     type Item = &'a StructField;
913 | |     type IntoIter = StructFieldRefIter<'a>;
...   |
920 | | }
    | |_^
    |
    = help: for further information visit https://rust-lang.github.io/rust-clippy/master/index.html#into_iter_without_iter
    = note: `-W clippy::into-iter-without-iter` implied by `-W clippy::pedantic`
    = help: to override `-W clippy::pedantic` add `#[allow(clippy::into_iter_without_iter)]`
help: consider implementing `iter`
    |
911 + 
912 + impl StructType {
913 +     fn iter(&self) -> StructFieldRefIter<'a> {
914 +         <&Self as IntoIterator>::into_iter(self)
915 +     }
916 + }
    |

warning: item in documentation is missing backticks
    --> kernel/src/schema/mod.rs:1089:16
     |
1089 | /// Helper for RowVisitor implementations
     |                ^^^^^^^^^^
     |
     = help: for further information visit https://rust-lang.github.io/rust-clippy/master/index.html#doc_markdown
help: try
     |
1089 - /// Helper for RowVisitor implementations
1089 + /// Helper for `RowVisitor` implementations
     |

warning: this method could have a `#[must_use]` attribute
    --> kernel/src/schema/mod.rs:1155:12
     |
1155 |     pub fn new(element_type: DataType, contains_null: bool) -> Self {
     |            ^^^
     |
     = help: for further information visit https://rust-lang.github.io/rust-clippy/master/index.html#must_use_candidate
help: add the attribute
     |
1155 ~     #[must_use] 
1156 ~     pub fn new(element_type: DataType, contains_null: bool) -> Self {
     |

warning: this method could have a `#[must_use]` attribute
    --> kernel/src/schema/mod.rs:1164:18
     |
1164 |     pub const fn element_type(&self) -> &DataType {
     |                  ^^^^^^^^^^^^
     |
     = help: for further information visit https://rust-lang.github.io/rust-clippy/master/index.html#must_use_candidate
help: add the attribute
     |
1164 ~     #[must_use] 
1165 ~     pub const fn element_type(&self) -> &DataType {
     |

warning: this method could have a `#[must_use]` attribute
    --> kernel/src/schema/mod.rs:1169:18
     |
1169 |     pub const fn contains_null(&self) -> bool {
     |                  ^^^^^^^^^^^^^
     |
     = help: for further information visit https://rust-lang.github.io/rust-clippy/master/index.html#must_use_candidate
help: add the attribute
     |
1169 ~     #[must_use] 
1170 ~     pub const fn contains_null(&self) -> bool {
     |

warning: this method could have a `#[must_use]` attribute
    --> kernel/src/schema/mod.rs:1203:18
     |
1203 |     pub const fn key_type(&self) -> &DataType {
     |                  ^^^^^^^^
     |
     = help: for further information visit https://rust-lang.github.io/rust-clippy/master/index.html#must_use_candidate
help: add the attribute
     |
1203 ~     #[must_use] 
1204 ~     pub const fn key_type(&self) -> &DataType {
     |

warning: this method could have a `#[must_use]` attribute
    --> kernel/src/schema/mod.rs:1208:18
     |
1208 |     pub const fn value_type(&self) -> &DataType {
     |                  ^^^^^^^^^^
     |
     = help: for further information visit https://rust-lang.github.io/rust-clippy/master/index.html#must_use_candidate
help: add the attribute
     |
1208 ~     #[must_use] 
1209 ~     pub const fn value_type(&self) -> &DataType {
     |

warning: this method could have a `#[must_use]` attribute
    --> kernel/src/schema/mod.rs:1213:18
     |
1213 |     pub const fn value_contains_null(&self) -> bool {
     |                  ^^^^^^^^^^^^^^^^^^^
     |
     = help: for further information visit https://rust-lang.github.io/rust-clippy/master/index.html#must_use_candidate
help: add the attribute
     |
1213 ~     #[must_use] 
1214 ~     pub const fn value_contains_null(&self) -> bool {
     |

warning: this method could have a `#[must_use]` attribute
    --> kernel/src/schema/mod.rs:1218:12
     |
1218 |     pub fn as_struct_schema(&self, key_name: String, val_name: String) -> Schema {
     |            ^^^^^^^^^^^^^^^^
     |
     = help: for further information visit https://rust-lang.github.io/rust-clippy/master/index.html#must_use_candidate
help: add the attribute
     |
1218 ~     #[must_use] 
1219 ~     pub fn as_struct_schema(&self, key_name: String, val_name: String) -> Schema {
     |

warning: docs for function returning `Result` missing `# Errors` section
    --> kernel/src/schema/mod.rs:1238:5
     |
1238 |     pub fn try_new(precision: u8, scale: u8) -> DeltaResult<Self> {
     |     ^^^^^^^^^^^^^^^^^^^^^^^^^^^^^^^^^^^^^^^^^^^^^^^^^^^^^^^^^^^^^
     |
     = help: for further information visit https://rust-lang.github.io/rust-clippy/master/index.html#missing_errors_doc

warning: this method could have a `#[must_use]` attribute
    --> kernel/src/schema/mod.rs:1254:12
     |
1254 |     pub fn precision(&self) -> u8 {
     |            ^^^^^^^^^
     |
     = help: for further information visit https://rust-lang.github.io/rust-clippy/master/index.html#must_use_candidate
help: add the attribute
     |
1254 ~     #[must_use] 
1255 ~     pub fn precision(&self) -> u8 {
     |

warning: this method could have a `#[must_use]` attribute
    --> kernel/src/schema/mod.rs:1258:12
     |
1258 |     pub fn scale(&self) -> u8 {
     |            ^^^^^
     |
     = help: for further information visit https://rust-lang.github.io/rust-clippy/master/index.html#must_use_candidate
help: add the attribute
     |
1258 ~     #[must_use] 
1259 ~     pub fn scale(&self) -> u8 {
     |

warning: docs for function returning `Result` missing `# Errors` section
    --> kernel/src/schema/mod.rs:1297:5
     |
1297 |     pub fn decimal(precision: u8, scale: u8) -> DeltaResult<Self> {
     |     ^^^^^^^^^^^^^^^^^^^^^^^^^^^^^^^^^^^^^^^^^^^^^^^^^^^^^^^^^^^^^
     |
     = help: for further information visit https://rust-lang.github.io/rust-clippy/master/index.html#missing_errors_doc

warning: this argument (2 byte) is passed by reference, but would be more efficient if passed by value (limit: 8 byte)
    --> kernel/src/schema/mod.rs:1303:12
     |
1303 |     dtype: &DecimalType,
     |            ^^^^^^^^^^^^ help: consider passing by value instead: `DecimalType`
     |
     = help: for further information visit https://rust-lang.github.io/rust-clippy/master/index.html#trivially_copy_pass_by_ref

warning: docs for function returning `Result` missing `# Errors` section
    --> kernel/src/schema/mod.rs:1459:5
     |
1459 |     pub fn decimal(precision: u8, scale: u8) -> DeltaResult<Self> {
     |     ^^^^^^^^^^^^^^^^^^^^^^^^^^^^^^^^^^^^^^^^^^^^^^^^^^^^^^^^^^^^^
     |
     = help: for further information visit https://rust-lang.github.io/rust-clippy/master/index.html#missing_errors_doc

warning: docs for function returning `Result` missing `# Errors` section
    --> kernel/src/schema/mod.rs:1464:5
     |
1464 |     pub fn try_struct_type(fields: impl IntoIterator<Item = StructField>) -> DeltaResult<Self> {
     |     ^^^^^^^^^^^^^^^^^^^^^^^^^^^^^^^^^^^^^^^^^^^^^^^^^^^^^^^^^^^^^^^^^^^^^^^^^^^^^^^^^^^^^^^^^^
     |
     = help: for further information visit https://rust-lang.github.io/rust-clippy/master/index.html#missing_errors_doc

warning: docs for function returning `Result` missing `# Errors` section
    --> kernel/src/schema/mod.rs:1469:5
     |
1469 | /     pub fn try_struct_type_from_results<E: Into<Error>>(
1470 | |         fields: impl IntoIterator<Item = Result<StructField, E>>,
1471 | |     ) -> DeltaResult<Self> {
     | |__________________________^
     |
     = help: for further information visit https://rust-lang.github.io/rust-clippy/master/index.html#missing_errors_doc

warning: this method could have a `#[must_use]` attribute
    --> kernel/src/schema/mod.rs:1482:12
     |
1482 |     pub fn unshredded_variant() -> Self {
     |            ^^^^^^^^^^^^^^^^^^
     |
     = help: for further information visit https://rust-lang.github.io/rust-clippy/master/index.html#must_use_candidate
help: add the attribute
     |
1482 ~     #[must_use] 
1483 ~     pub fn unshredded_variant() -> Self {
     |

warning: docs for function returning `Result` missing `# Errors` section
    --> kernel/src/schema/mod.rs:1491:5
     |
1491 |     pub fn variant_type(fields: impl IntoIterator<Item = StructField>) -> DeltaResult<Self> {
     |     ^^^^^^^^^^^^^^^^^^^^^^^^^^^^^^^^^^^^^^^^^^^^^^^^^^^^^^^^^^^^^^^^^^^^^^^^^^^^^^^^^^^^^^^
     |
     = help: for further information visit https://rust-lang.github.io/rust-clippy/master/index.html#missing_errors_doc

warning: this method could have a `#[must_use]` attribute
    --> kernel/src/schema/mod.rs:1509:12
     |
1509 |     pub fn as_primitive_opt(&self) -> Option<&PrimitiveType> {
     |            ^^^^^^^^^^^^^^^^
     |
     = help: for further information visit https://rust-lang.github.io/rust-clippy/master/index.html#must_use_candidate
help: add the attribute
     |
1509 ~     #[must_use] 
1510 ~     pub fn as_primitive_opt(&self) -> Option<&PrimitiveType> {
     |

warning: usage of wildcard import for enum variants
    --> kernel/src/schema/mod.rs:1647:13
     |
1647 |         use DataType::*;
     |             ^^^^^^^^^^^ help: try: `DataType::{Primitive, Array, Struct, Map, Variant}`
     |
     = help: for further information visit https://rust-lang.github.io/rust-clippy/master/index.html#enum_glob_use

warning: usage of wildcard import for enum variants
    --> kernel/src/schema/mod.rs:1687:13
     |
1687 |         use Cow::*;
     |             ^^^^^^ help: try: `Cow::{Borrowed, Owned}`
     |
     = help: for further information visit https://rust-lang.github.io/rust-clippy/master/index.html#enum_glob_use

warning: redundant closure
    --> kernel/src/schema/mod.rs:1704:40
     |
1704 |                 fields.into_iter().map(|f| f.into_owned()),
     |                                        ^^^^^^^^^^^^^^^^^^ help: replace the closure with the method itself: `std::borrow::Cow::into_owned`
     |
     = help: for further information visit https://rust-lang.github.io/rust-clippy/master/index.html#redundant_closure_for_method_calls

warning: redundant closure
    --> kernel/src/schema/mod.rs:1746:44
     |
1746 |             path: own_name.into_iter().map(|s| s.to_string()).collect(),
     |                                            ^^^^^^^^^^^^^^^^^ help: replace the closure with the method itself: `std::string::ToString::to_string`
     |
     = help: for further information visit https://rust-lang.github.io/rust-clippy/master/index.html#redundant_closure_for_method_calls

warning: this method could have a `#[must_use]` attribute
    --> kernel/src/schema/mod.rs:1780:12
     |
1780 |     pub fn check(data_type: &DataType, depth_limit: usize) -> usize {
     |            ^^^^^
     |
     = help: for further information visit https://rust-lang.github.io/rust-clippy/master/index.html#must_use_candidate
help: add the attribute
     |
1780 ~     #[must_use] 
1781 ~     pub fn check(data_type: &DataType, depth_limit: usize) -> usize {
     |

warning: this method could have a `#[must_use]` attribute
  --> kernel/src/snapshot/builder.rs:60:12
   |
60 |     pub fn at_version(mut self, version: Version) -> Self {
   |            ^^^^^^^^^^
   |
   = help: for further information visit https://rust-lang.github.io/rust-clippy/master/index.html#must_use_candidate
help: add the attribute
   |
60 ~     #[must_use] 
61 ~     pub fn at_version(mut self, version: Version) -> Self {
   |

warning: missing `#[must_use]` attribute on a method returning `Self`
  --> kernel/src/snapshot/builder.rs:60:5
   |
60 | /     pub fn at_version(mut self, version: Version) -> Self {
61 | |         self.version = Some(version);
62 | |         self
63 | |     }
   | |_____^
   |
   = help: consider adding the `#[must_use]` attribute to the method or directly to the `Self` type
   = help: for further information visit https://rust-lang.github.io/rust-clippy/master/index.html#return_self_not_must_use

warning: this method could have a `#[must_use]` attribute
  --> kernel/src/snapshot/builder.rs:71:12
   |
71 |     pub fn with_log_tail(mut self, log_tail: Vec<LogPath>) -> Self {
   |            ^^^^^^^^^^^^^
   |
   = help: for further information visit https://rust-lang.github.io/rust-clippy/master/index.html#must_use_candidate
help: add the attribute
   |
71 ~     #[must_use] 
72 ~     pub fn with_log_tail(mut self, log_tail: Vec<LogPath>) -> Self {
   |

warning: missing `#[must_use]` attribute on a method returning `Self`
  --> kernel/src/snapshot/builder.rs:71:5
   |
71 | /     pub fn with_log_tail(mut self, log_tail: Vec<LogPath>) -> Self {
72 | |         self.log_tail = log_tail;
73 | |         self
74 | |     }
   | |_____^
   |
   = help: consider adding the `#[must_use]` attribute to the method or directly to the `Self` type
   = help: for further information visit https://rust-lang.github.io/rust-clippy/master/index.html#return_self_not_must_use

warning: docs for function returning `Result` missing `# Errors` section
  --> kernel/src/snapshot/builder.rs:83:5
   |
83 |     pub fn build(self, engine: &dyn Engine) -> DeltaResult<SnapshotRef> {
   |     ^^^^^^^^^^^^^^^^^^^^^^^^^^^^^^^^^^^^^^^^^^^^^^^^^^^^^^^^^^^^^^^^^^^
   |
   = help: for further information visit https://rust-lang.github.io/rust-clippy/master/index.html#missing_errors_doc

warning: manual `Debug` impl does not include all fields
  --> kernel/src/snapshot.rs:52:1
   |
52 | / impl std::fmt::Debug for Snapshot {
53 | |     fn fmt(&self, f: &mut std::fmt::Formatter<'_>) -> std::fmt::Result {
54 | |         f.debug_struct("Snapshot")
55 | |             .field("path", &self.log_segment.log_root.as_str())
...  |
60 | | }
   | |_^
   |
note: this field is unused
  --> kernel/src/snapshot.rs:43:5
   |
43 |     table_configuration: TableConfiguration,
   |     ^^^^^^^^^^^^^^^^^^^^^^^^^^^^^^^^^^^^^^^
   = help: consider including all fields in this `Debug` impl
   = help: consider calling `.finish_non_exhaustive()` if you intend to ignore fields
   = help: for further information visit https://rust-lang.github.io/rust-clippy/master/index.html#missing_fields_in_debug

warning: this method could have a `#[must_use]` attribute
  --> kernel/src/snapshot.rs:66:12
   |
66 |     pub fn builder_for(table_root: Url) -> SnapshotBuilder {
   |            ^^^^^^^^^^^
   |
   = help: for further information visit https://rust-lang.github.io/rust-clippy/master/index.html#must_use_candidate
help: add the attribute
   |
66 ~     #[must_use] 
67 ~     pub fn builder_for(table_root: Url) -> SnapshotBuilder {
   |

warning: this method could have a `#[must_use]` attribute
  --> kernel/src/snapshot.rs:89:12
   |
89 |     pub fn builder_from(existing_snapshot: SnapshotRef) -> SnapshotBuilder {
   |            ^^^^^^^^^^^^
   |
   = help: for further information visit https://rust-lang.github.io/rust-clippy/master/index.html#must_use_candidate
help: add the attribute
   |
89 ~     #[must_use] 
90 ~     pub fn builder_from(existing_snapshot: SnapshotRef) -> SnapshotBuilder {
   |

warning: this argument is passed by value, but not consumed in the function body
   --> kernel/src/snapshot.rs:105:28
    |
105 |         existing_snapshot: Arc<Snapshot>,
    |                            ^^^^^^^^^^^^^
    |
    = help: for further information visit https://rust-lang.github.io/rust-clippy/master/index.html#needless_pass_by_value
help: consider taking a reference instead
    |
105 |         existing_snapshot: &Arc<Snapshot>,
    |                            +

warning: docs for function returning `Result` missing `# Errors` section
   --> kernel/src/snapshot.rs:273:5
    |
273 |     pub fn checkpoint(self: Arc<Self>) -> DeltaResult<CheckpointWriter> {
    |     ^^^^^^^^^^^^^^^^^^^^^^^^^^^^^^^^^^^^^^^^^^^^^^^^^^^^^^^^^^^^^^^^^^^
    |
    = help: for further information visit https://rust-lang.github.io/rust-clippy/master/index.html#missing_errors_doc

warning: docs for function returning `Result` missing `# Errors` section
   --> kernel/src/snapshot.rs:288:5
    |
288 | /     pub fn log_compaction_writer(
289 | |         self: Arc<Self>,
290 | |         start_version: Version,
291 | |         end_version: Version,
292 | |     ) -> DeltaResult<LogCompactionWriter> {
    | |_________________________________________^
    |
    = help: for further information visit https://rust-lang.github.io/rust-clippy/master/index.html#missing_errors_doc

warning: this method could have a `#[must_use]` attribute
   --> kernel/src/snapshot.rs:302:12
    |
302 |     pub fn table_root(&self) -> &Url {
    |            ^^^^^^^^^^
    |
    = help: for further information visit https://rust-lang.github.io/rust-clippy/master/index.html#must_use_candidate
help: add the attribute
    |
302 ~     #[must_use] 
303 ~     pub fn table_root(&self) -> &Url {
    |

warning: this method could have a `#[must_use]` attribute
   --> kernel/src/snapshot.rs:307:12
    |
307 |     pub fn version(&self) -> Version {
    |            ^^^^^^^
    |
    = help: for further information visit https://rust-lang.github.io/rust-clippy/master/index.html#must_use_candidate
help: add the attribute
    |
307 ~     #[must_use] 
308 ~     pub fn version(&self) -> Version {
    |

warning: this method could have a `#[must_use]` attribute
   --> kernel/src/snapshot.rs:314:12
    |
314 |     pub fn schema(&self) -> SchemaRef {
    |            ^^^^^^
    |
    = help: for further information visit https://rust-lang.github.io/rust-clippy/master/index.html#must_use_candidate
help: add the attribute
    |
314 ~     #[must_use] 
315 ~     pub fn schema(&self) -> SchemaRef {
    |

warning: this method could have a `#[must_use]` attribute
   --> kernel/src/snapshot.rs:319:12
    |
319 |     pub fn table_properties(&self) -> &TableProperties {
    |            ^^^^^^^^^^^^^^^^
    |
    = help: for further information visit https://rust-lang.github.io/rust-clippy/master/index.html#must_use_candidate
help: add the attribute
    |
319 ~     #[must_use] 
320 ~     pub fn table_properties(&self) -> &TableProperties {
    |

warning: this method could have a `#[must_use]` attribute
   --> kernel/src/snapshot.rs:330:12
    |
330 |     pub fn scan_builder(self: Arc<Self>) -> ScanBuilder {
    |            ^^^^^^^^^^^^
    |
    = help: for further information visit https://rust-lang.github.io/rust-clippy/master/index.html#must_use_candidate
help: add the attribute
    |
330 ~     #[must_use] 
331 ~     pub fn scan_builder(self: Arc<Self>) -> ScanBuilder {
    |

warning: docs for function returning `Result` missing `# Errors` section
   --> kernel/src/snapshot.rs:335:5
    |
335 |     pub fn transaction(self: Arc<Self>, committer: Box<dyn Committer>) -> DeltaResult<Transaction> {
    |     ^^^^^^^^^^^^^^^^^^^^^^^^^^^^^^^^^^^^^^^^^^^^^^^^^^^^^^^^^^^^^^^^^^^^^^^^^^^^^^^^^^^^^^^^^^^^^^
    |
    = help: for further information visit https://rust-lang.github.io/rust-clippy/master/index.html#missing_errors_doc

warning: item in documentation is missing backticks
   --> kernel/src/snapshot.rs:339:115
    |
339 | ...d` for this snapshot. Filters the txn based on the SetTransactionRetentionDuration property and lastUpdated
    |                                                       ^^^^^^^^^^^^^^^^^^^^^^^^^^^^^^^
    |
    = help: for further information visit https://rust-lang.github.io/rust-clippy/master/index.html#doc_markdown
help: try
    |
339 -     /// Fetch the latest version of the provided `application_id` for this snapshot. Filters the txn based on the SetTransactionRetentionDuration property and lastUpdated
339 +     /// Fetch the latest version of the provided `application_id` for this snapshot. Filters the txn based on the `SetTransactionRetentionDuration` property and lastUpdated
    |

warning: docs for function returning `Result` missing `# Errors` section
   --> kernel/src/snapshot.rs:343:5
    |
343 | /     pub fn get_app_id_version(
344 | |         self: Arc<Self>,
345 | |         application_id: &str,
346 | |         engine: &dyn Engine,
347 | |     ) -> DeltaResult<Option<i64>> {
    | |_________________________________^
    |
    = help: for further information visit https://rust-lang.github.io/rust-clippy/master/index.html#missing_errors_doc

warning: docs for function returning `Result` missing `# Errors` section
   --> kernel/src/snapshot.rs:363:5
    |
363 | /     pub fn get_domain_metadata(
364 | |         &self,
365 | |         domain: &str,
366 | |         engine: &dyn Engine,
367 | |     ) -> DeltaResult<Option<String>> {
    | |____________________________________^
    |
    = help: for further information visit https://rust-lang.github.io/rust-clippy/master/index.html#missing_errors_doc

warning: item in documentation is missing backticks
   --> kernel/src/snapshot.rs:392:50
    |
392 |     /// Returns the `inCommitTimestamp` from the CommitInfo action of the commit that created this snapshot.
    |                                                  ^^^^^^^^^^
    |
    = help: for further information visit https://rust-lang.github.io/rust-clippy/master/index.html#doc_markdown
help: try
    |
392 -     /// Returns the `inCommitTimestamp` from the CommitInfo action of the commit that created this snapshot.
392 +     /// Returns the `inCommitTimestamp` from the `CommitInfo` action of the commit that created this snapshot.
    |

warning: this function's return value is unnecessarily wrapped by `Result`
  --> kernel/src/table_changes/log_replay.rs:53:1
   |
53 | / pub(crate) fn table_changes_action_iter(
54 | |     engine: Arc<dyn Engine>,
55 | |     commit_files: impl IntoIterator<Item = ParsedLogPath>,
56 | |     table_schema: SchemaRef,
57 | |     physical_predicate: Option<(PredicateRef, SchemaRef)>,
58 | | ) -> DeltaResult<impl Iterator<Item = DeltaResult<TableChangesScanMetadata>>> {
   | |_____________________________________________________________________________^
   |
   = help: for further information visit https://rust-lang.github.io/rust-clippy/master/index.html#unnecessary_wraps
   = note: `-W clippy::unnecessary-wraps` implied by `-W clippy::pedantic`
   = help: to override `-W clippy::pedantic` add `#[allow(clippy::unnecessary_wraps)]`
help: remove `Result` from the return type...
   |
58 - ) -> DeltaResult<impl Iterator<Item = DeltaResult<TableChangesScanMetadata>>> {
58 + ) -> impl std::iter::Iterator<Item = std::result::Result<table_changes::log_replay::TableChangesScanMetadata, error::Error>> {
   |
help: ...and then remove the surrounding `Ok()` from returning expressions
   |
68 -     Ok(result)
68 +     result
   |

warning: item in documentation is missing backticks
  --> kernel/src/table_changes/log_replay.rs:94:62
   |
94 | /// allowed to contain deletion vectors. [`TableProperties`].enable_deletion_vectors only
   |                                                              ^^^^^^^^^^^^^^^^^^^^^^^
   |
   = help: for further information visit https://rust-lang.github.io/rust-clippy/master/index.html#doc_markdown
help: try
   |
94 - /// allowed to contain deletion vectors. [`TableProperties`].enable_deletion_vectors only
94 + /// allowed to contain deletion vectors. [`TableProperties`].`enable_deletion_vectors` only
   |

warning: you should put bare URLs between `<`/`>` or make a proper Markdown link
  --> kernel/src/table_changes/log_replay.rs:98:9
   |
98 | /// See https://github.com/delta-io/delta/blob/master/PROTOCOL.md#deletion-vectors
   |         ^^^^^^^^^^^^^^^^^^^^^^^^^^^^^^^^^^^^^^^^^^^^^^^^^^^^^^^^^^^^^^^^^^^^^^^^^^ help: try: `<https://github.com/delta-io/delta/blob/master/PROTOCOL.md#deletion-vectors>`
   |
   = help: for further information visit https://rust-lang.github.io/rust-clippy/master/index.html#doc_markdown

warning: item in documentation is missing backticks
   --> kernel/src/table_changes/log_replay.rs:100:87
    |
100 | /// TODO: When the kernel supports in-commit timestamps, we will also have to inspect CommitInfo
    |                                                                                       ^^^^^^^^^^
    |
    = help: for further information visit https://rust-lang.github.io/rust-clippy/master/index.html#doc_markdown
help: try
    |
100 - /// TODO: When the kernel supports in-commit timestamps, we will also have to inspect CommitInfo
100 + /// TODO: When the kernel supports in-commit timestamps, we will also have to inspect `CommitInfo`
    |

warning: you should put bare URLs between `<`/`>` or make a proper Markdown link
   --> kernel/src/table_changes/log_replay.rs:104:9
    |
104 | /// See https://github.com/delta-io/delta-kernel-rs/issues/559
    |         ^^^^^^^^^^^^^^^^^^^^^^^^^^^^^^^^^^^^^^^^^^^^^^^^^^^^^^ help: try: `<https://github.com/delta-io/delta-kernel-rs/issues/559>`
    |
    = help: for further information visit https://rust-lang.github.io/rust-clippy/master/index.html#doc_markdown

warning: item in documentation is missing backticks
   --> kernel/src/table_changes/log_replay.rs:113:47
    |
113 | /// Note: As a consequence of the two phases, LogReplayScanner will iterate over each action in the
    |                                               ^^^^^^^^^^^^^^^^
    |
    = help: for further information visit https://rust-lang.github.io/rust-clippy/master/index.html#doc_markdown
help: try
    |
113 - /// Note: As a consequence of the two phases, LogReplayScanner will iterate over each action in the
113 + /// Note: As a consequence of the two phases, `LogReplayScanner` will iterate over each action in the
    |

warning: item in documentation is missing backticks
   --> kernel/src/table_changes/log_replay.rs:137:22
    |
137 |     /// Constructs a LogReplayScanner, performing the Prepare phase detailed in [`LogReplayScanner`].
    |                      ^^^^^^^^^^^^^^^^
    |
    = help: for further information visit https://rust-lang.github.io/rust-clippy/master/index.html#doc_markdown
help: try
    |
137 -     /// Constructs a LogReplayScanner, performing the Prepare phase detailed in [`LogReplayScanner`].
137 +     /// Constructs a `LogReplayScanner`, performing the Prepare phase detailed in [`LogReplayScanner`].
    |

warning: this argument is passed by value, but not consumed in the function body
   --> kernel/src/table_changes/log_replay.rs:222:17
    |
222 |         engine: Arc<dyn Engine>,
    |                 ^^^^^^^^^^^^^^^
    |
    = help: for further information visit https://rust-lang.github.io/rust-clippy/master/index.html#needless_pass_by_value
help: consider taking a reference instead
    |
222 |         engine: &Arc<dyn Engine>,
    |                 +

warning: consider adding a `;` to the last statement for consistent formatting
   --> kernel/src/table_changes/log_replay.rs:428:17
    |
428 |                 self.selection_vector[i] = getters[0].get_str(i, "cdc.path")?.is_some()
    |                 ^^^^^^^^^^^^^^^^^^^^^^^^^^^^^^^^^^^^^^^^^^^^^^^^^^^^^^^^^^^^^^^^^^^^^^^ help: add a `;` here: `self.selection_vector[i] = getters[0].get_str(i, "cdc.path")?.is_some();`
    |
    = help: for further information visit https://rust-lang.github.io/rust-clippy/master/index.html#semicolon_if_nothing_returned

warning: consider adding a `;` to the last statement for consistent formatting
   --> kernel/src/table_changes/log_replay.rs:433:17
    |
433 |                 self.selection_vector[i] = data_change && !self.remove_dvs.contains_key(path)
    |                 ^^^^^^^^^^^^^^^^^^^^^^^^^^^^^^^^^^^^^^^^^^^^^^^^^^^^^^^^^^^^^^^^^^^^^^^^^^^^^ help: add a `;` here: `self.selection_vector[i] = data_change && !self.remove_dvs.contains_key(path);`
    |
    = help: for further information visit https://rust-lang.github.io/rust-clippy/master/index.html#semicolon_if_nothing_returned

warning: consider adding a `;` to the last statement for consistent formatting
   --> kernel/src/table_changes/log_replay.rs:435:17
    |
435 |                 self.selection_vector[i] = false
    |                 ^^^^^^^^^^^^^^^^^^^^^^^^^^^^^^^^ help: add a `;` here: `self.selection_vector[i] = false;`
    |
    = help: for further information visit https://rust-lang.github.io/rust-clippy/master/index.html#semicolon_if_nothing_returned

warning: called `map(<f>).unwrap_or(<a>)` on an `Option` value
  --> kernel/src/table_changes/physical_to_logical.rs:94:26
   |
94 |       let transform_spec = state_info
   |  __________________________^
95 | |         .transform_spec
96 | |         .as_ref()
97 | |         .map(|ts| ts.as_ref())
98 | |         .unwrap_or(&empty_spec);
   | |_______________________________^
   |
   = help: for further information visit https://rust-lang.github.io/rust-clippy/master/index.html#map_unwrap_or
   = note: `-W clippy::map-unwrap-or` implied by `-W clippy::pedantic`
   = help: to override `-W clippy::pedantic` add `#[allow(clippy::map_unwrap_or)]`
help: use `map_or(<a>, <f>)` instead
   |
97 -         .map(|ts| ts.as_ref())
97 +         .map_or(&empty_spec, |ts| ts.as_ref());
   |

warning: redundant closure
  --> kernel/src/table_changes/physical_to_logical.rs:97:14
   |
97 |         .map(|ts| ts.as_ref())
   |              ^^^^^^^^^^^^^^^^ help: replace the closure with the method itself: `std::convert::AsRef::as_ref`
   |
   = help: for further information visit https://rust-lang.github.io/rust-clippy/master/index.html#redundant_closure_for_method_calls

warning: missing `#[must_use]` attribute on a method returning `Self`
  --> kernel/src/table_changes/scan.rs:87:5
   |
87 | /     pub fn with_schema(mut self, schema: impl Into<Option<SchemaRef>>) -> Self {
88 | |         self.schema = schema.into();
89 | |         self
90 | |     }
   | |_____^
   |
   = help: consider adding the `#[must_use]` attribute to the method or directly to the `Self` type
   = help: for further information visit https://rust-lang.github.io/rust-clippy/master/index.html#return_self_not_must_use

warning: missing `#[must_use]` attribute on a method returning `Self`
   --> kernel/src/table_changes/scan.rs:98:5
    |
 98 | /     pub fn with_predicate(mut self, predicate: impl Into<Option<PredicateRef>>) -> Self {
 99 | |         self.predicate = predicate.into();
100 | |         self
101 | |     }
    | |_____^
    |
    = help: consider adding the `#[must_use]` attribute to the method or directly to the `Self` type
    = help: for further information visit https://rust-lang.github.io/rust-clippy/master/index.html#return_self_not_must_use

warning: docs for function returning `Result` missing `# Errors` section
   --> kernel/src/table_changes/scan.rs:109:5
    |
109 |     pub fn build(self) -> DeltaResult<TableChangesScan> {
    |     ^^^^^^^^^^^^^^^^^^^^^^^^^^^^^^^^^^^^^^^^^^^^^^^^^^^
    |
    = help: for further information visit https://rust-lang.github.io/rust-clippy/master/index.html#missing_errors_doc

warning: this method could have a `#[must_use]` attribute
   --> kernel/src/table_changes/scan.rs:160:12
    |
160 |     pub fn logical_schema(&self) -> &SchemaRef {
    |            ^^^^^^^^^^^^^^
    |
    = help: for further information visit https://rust-lang.github.io/rust-clippy/master/index.html#must_use_candidate
help: add the attribute
    |
160 ~     #[must_use] 
161 ~     pub fn logical_schema(&self) -> &SchemaRef {
    |

warning: this method could have a `#[must_use]` attribute
   --> kernel/src/table_changes/scan.rs:167:12
    |
167 |     pub fn physical_schema(&self) -> &SchemaRef {
    |            ^^^^^^^^^^^^^^^
    |
    = help: for further information visit https://rust-lang.github.io/rust-clippy/master/index.html#must_use_candidate
help: add the attribute
    |
167 ~     #[must_use] 
168 ~     pub fn physical_schema(&self) -> &SchemaRef {
    |

warning: this method could have a `#[must_use]` attribute
   --> kernel/src/table_changes/scan.rs:171:12
    |
171 |     pub fn table_root(&self) -> &Url {
    |            ^^^^^^^^^^
    |
    = help: for further information visit https://rust-lang.github.io/rust-clippy/master/index.html#must_use_candidate
help: add the attribute
    |
171 ~     #[must_use] 
172 ~     pub fn table_root(&self) -> &Url {
    |

warning: docs for function returning `Result` missing `# Errors` section
   --> kernel/src/table_changes/scan.rs:187:5
    |
187 | /     pub fn execute(
188 | |         &self,
189 | |         engine: Arc<dyn Engine>,
190 | |     ) -> DeltaResult<impl Iterator<Item = DeltaResult<Box<dyn EngineData>>>> {
    | |____________________________________________________________________________^
    |
    = help: for further information visit https://rust-lang.github.io/rust-clippy/master/index.html#missing_errors_doc

warning: consider adding a `;` to the last statement for consistent formatting
   --> kernel/src/table_changes/scan_file.rs:173:13
    |
173 |             (self.callback)(&mut self.context, scan_file)
    |             ^^^^^^^^^^^^^^^^^^^^^^^^^^^^^^^^^^^^^^^^^^^^^ help: add a `;` here: `(self.callback)(&mut self.context, scan_file);`
    |
    = help: for further information visit https://rust-lang.github.io/rust-clippy/master/index.html#semicolon_if_nothing_returned

warning: backticks are unbalanced
  --> kernel/src/table_changes/mod.rs:74:7
   |
74 |   ///   Currently, in-commit timestamps (ICT) is not supported. In the future when ICT is enabled, the
   |  _______^
75 | | ///   timestamp will be retrieved from the `inCommitTimestamp` field of the CommitInfo` action.
76 | | ///   See issue [#559](https://github.com/delta-io/delta-kernel-rs/issues/559)
77 | | ///   For details on In-Commit Timestamps, see the [Protocol](https://github.com/delta-io/delta/blob/master/PROTOCOL.md#in-commit-timestamps).
   | |______________________________________________________________________________________________________________________________________________^
   |
   = help: a backtick may be missing a pair
   = help: for further information visit https://rust-lang.github.io/rust-clippy/master/index.html#doc_markdown

warning: docs for function returning `Result` missing `# Errors` section
   --> kernel/src/table_changes/mod.rs:133:5
    |
133 | /     pub fn try_new(
134 | |         table_root: Url,
135 | |         engine: &dyn Engine,
136 | |         start_version: Version,
137 | |         end_version: Option<Version>,
138 | |     ) -> DeltaResult<Self> {
    | |__________________________^
    |
    = help: for further information visit https://rust-lang.github.io/rust-clippy/master/index.html#missing_errors_doc

warning: struct constructor field order is inconsistent with struct definition field order
   --> kernel/src/table_changes/mod.rs:214:13
    |
214 | /             table_root,
215 | |             end_snapshot,
216 | |             log_segment,
217 | |             start_version,
218 | |             schema,
    | |__________________^
    |
    = help: for further information visit https://rust-lang.github.io/rust-clippy/master/index.html#inconsistent_struct_constructor
    = note: `-W clippy::inconsistent-struct-constructor` implied by `-W clippy::pedantic`
    = help: to override `-W clippy::pedantic` add `#[allow(clippy::inconsistent_struct_constructor)]`
help: try
    |
214 ~             log_segment,
215 +             table_root,
216 +             end_snapshot,
217 +             start_version,
218 ~             schema,
    |

warning: this method could have a `#[must_use]` attribute
   --> kernel/src/table_changes/mod.rs:223:12
    |
223 |     pub fn start_version(&self) -> Version {
    |            ^^^^^^^^^^^^^
    |
    = help: for further information visit https://rust-lang.github.io/rust-clippy/master/index.html#must_use_candidate
help: add the attribute
    |
223 ~     #[must_use] 
224 ~     pub fn start_version(&self) -> Version {
    |

warning: this method could have a `#[must_use]` attribute
   --> kernel/src/table_changes/mod.rs:228:12
    |
228 |     pub fn end_version(&self) -> Version {
    |            ^^^^^^^^^^^
    |
    = help: for further information visit https://rust-lang.github.io/rust-clippy/master/index.html#must_use_candidate
help: add the attribute
    |
228 ~     #[must_use] 
229 ~     pub fn end_version(&self) -> Version {
    |

warning: this method could have a `#[must_use]` attribute
   --> kernel/src/table_changes/mod.rs:233:12
    |
233 |     pub fn schema(&self) -> &Schema {
    |            ^^^^^^
    |
    = help: for further information visit https://rust-lang.github.io/rust-clippy/master/index.html#must_use_candidate
help: add the attribute
    |
233 ~     #[must_use] 
234 ~     pub fn schema(&self) -> &Schema {
    |

warning: this method could have a `#[must_use]` attribute
   --> kernel/src/table_changes/mod.rs:237:12
    |
237 |     pub fn table_root(&self) -> &Url {
    |            ^^^^^^^^^^
    |
    = help: for further information visit https://rust-lang.github.io/rust-clippy/master/index.html#must_use_candidate
help: add the attribute
    |
237 ~     #[must_use] 
238 ~     pub fn table_root(&self) -> &Url {
    |

warning: this method could have a `#[must_use]` attribute
   --> kernel/src/table_changes/mod.rs:242:12
    |
242 |     pub fn scan_builder(self: Arc<Self>) -> TableChangesScanBuilder {
    |            ^^^^^^^^^^^^
    |
    = help: for further information visit https://rust-lang.github.io/rust-clippy/master/index.html#must_use_candidate
help: add the attribute
    |
242 ~     #[must_use] 
243 ~     pub fn scan_builder(self: Arc<Self>) -> TableChangesScanBuilder {
    |

warning: this method could have a `#[must_use]` attribute
   --> kernel/src/table_changes/mod.rs:247:12
    |
247 |     pub fn into_scan_builder(self) -> TableChangesScanBuilder {
    |            ^^^^^^^^^^^^^^^^^
    |
    = help: for further information visit https://rust-lang.github.io/rust-clippy/master/index.html#must_use_candidate
help: add the attribute
    |
247 ~     #[must_use] 
248 ~     pub fn into_scan_builder(self) -> TableChangesScanBuilder {
    |

warning: struct constructor field order is inconsistent with struct definition field order
   --> kernel/src/table_configuration.rs:102:13
    |
102 | /             schema,
103 | |             metadata,
104 | |             protocol,
105 | |             table_properties,
106 | |             column_mapping_mode,
107 | |             table_root,
108 | |             version,
    | |___________________^
    |
    = help: for further information visit https://rust-lang.github.io/rust-clippy/master/index.html#inconsistent_struct_constructor
help: try
    |
102 ~             metadata,
103 +             protocol,
104 +             schema,
105 +             table_properties,
106 +             column_mapping_mode,
107 +             table_root,
108 ~             version,
    |

warning: variables can be used directly in the `format!` string
   --> kernel/src/table_configuration.rs:195:49
    |
195 |                           Error::invalid_protocol(format!(
    |  _________________________________________________^
196 | |                             "{} requires {} to be supported",
197 | |                             feature_name, dep
198 | |                         ))
    | |_________________________^
    |
    = help: for further information visit https://rust-lang.github.io/rust-clippy/master/index.html#uninlined_format_args

warning: variables can be used directly in the `format!` string
   --> kernel/src/table_configuration.rs:204:49
    |
204 |                           Error::invalid_protocol(format!(
    |  _________________________________________________^
205 | |                             "{} requires {} to be enabled",
206 | |                             feature_name, dep
207 | |                         ))
    | |_________________________^
    |
    = help: for further information visit https://rust-lang.github.io/rust-clippy/master/index.html#uninlined_format_args

warning: variables can be used directly in the `format!` string
   --> kernel/src/table_configuration.rs:213:49
    |
213 |                           Error::invalid_protocol(format!(
    |  _________________________________________________^
214 | |                             "{} requires {} to not be supported",
215 | |                             feature_name, dep
216 | |                         ))
    | |_________________________^
    |
    = help: for further information visit https://rust-lang.github.io/rust-clippy/master/index.html#uninlined_format_args

warning: variables can be used directly in the `format!` string
   --> kernel/src/table_configuration.rs:222:49
    |
222 |                           Error::invalid_protocol(format!(
    |  _________________________________________________^
223 | |                             "{} requires {} to not be enabled",
224 | |                             feature_name, dep
225 | |                         ))
    | |_________________________^
    |
    = help: for further information visit https://rust-lang.github.io/rust-clippy/master/index.html#uninlined_format_args

warning: item in documentation is missing backticks
   --> kernel/src/table_configuration.rs:237:64
    |
237 |     /// For table features protocol (v3), returns the explicit reader_features list.
    |                                                                ^^^^^^^^^^^^^^^
    |
    = help: for further information visit https://rust-lang.github.io/rust-clippy/master/index.html#doc_markdown
help: try
    |
237 -     /// For table features protocol (v3), returns the explicit reader_features list.
237 +     /// For table features protocol (v3), returns the explicit `reader_features` list.
    |

warning: redundant closure
   --> kernel/src/table_configuration.rs:245:26
    |
245 |                     .map(|f| f.to_vec())
    |                          ^^^^^^^^^^^^^^ help: replace the closure with the method itself: `<[table_features::TableFeature]>::to_vec`
    |
    = help: for further information visit https://rust-lang.github.io/rust-clippy/master/index.html#redundant_closure_for_method_calls

warning: called `map(<f>).unwrap_or(false)` on an `Option` value
   --> kernel/src/table_configuration.rs:253:25
    |
253 | /                         f.info()
254 | |                             .map(|info| v >= info.min_reader_version)
255 | |                             .unwrap_or(false)
    | |_____________________________________________^
    |
    = help: for further information visit https://rust-lang.github.io/rust-clippy/master/index.html#map_unwrap_or
help: use `is_some_and(<f>)` instead
    |
254 -                             .map(|info| v >= info.min_reader_version)
254 +                             .is_some_and(|info| v >= info.min_reader_version)
    |

warning: item in documentation is missing backticks
   --> kernel/src/table_configuration.rs:265:64
    |
265 |     /// For table features protocol (v7), returns the explicit writer_features list.
    |                                                                ^^^^^^^^^^^^^^^
    |
    = help: for further information visit https://rust-lang.github.io/rust-clippy/master/index.html#doc_markdown
help: try
    |
265 -     /// For table features protocol (v7), returns the explicit writer_features list.
265 +     /// For table features protocol (v7), returns the explicit `writer_features` list.
    |

warning: redundant closure
   --> kernel/src/table_configuration.rs:273:26
    |
273 |                     .map(|f| f.to_vec())
    |                          ^^^^^^^^^^^^^^ help: replace the closure with the method itself: `<[table_features::TableFeature]>::to_vec`
    |
    = help: for further information visit https://rust-lang.github.io/rust-clippy/master/index.html#redundant_closure_for_method_calls

warning: called `map(<f>).unwrap_or(false)` on an `Option` value
   --> kernel/src/table_configuration.rs:281:25
    |
281 | /                         f.info()
282 | |                             .map(|info| v >= info.min_writer_version)
283 | |                             .unwrap_or(false)
    | |_____________________________________________^
    |
    = help: for further information visit https://rust-lang.github.io/rust-clippy/master/index.html#map_unwrap_or
help: use `is_some_and(<f>)` instead
    |
282 -                             .map(|info| v >= info.min_writer_version)
282 +                             .is_some_and(|info| v >= info.min_writer_version)
    |

warning: variables can be used directly in the `format!` string
   --> kernel/src/table_configuration.rs:309:47
    |
309 |                 return Err(Error::unsupported(format!("Unknown feature '{}'", feature)));
    |                                               ^^^^^^^^^^^^^^^^^^^^^^^^^^^^^^^^^^^^^^^^
    |
    = help: for further information visit https://rust-lang.github.io/rust-clippy/master/index.html#uninlined_format_args
help: change this to
    |
309 -                 return Err(Error::unsupported(format!("Unknown feature '{}'", feature)));
309 +                 return Err(Error::unsupported(format!("Unknown feature '{feature}'")));
    |

warning: unnecessary semicolon
   --> kernel/src/table_configuration.rs:324:14
    |
324 |             };
    |              ^ help: remove
    |
    = help: for further information visit https://rust-lang.github.io/rust-clippy/master/index.html#unnecessary_semicolon

warning: variables can be used directly in the `format!` string
   --> kernel/src/table_configuration.rs:363:47
    |
363 |                 return Err(Error::unsupported(format!("Unknown feature '{}'", feature)));
    |                                               ^^^^^^^^^^^^^^^^^^^^^^^^^^^^^^^^^^^^^^^^
    |
    = help: for further information visit https://rust-lang.github.io/rust-clippy/master/index.html#uninlined_format_args
help: change this to
    |
363 -                 return Err(Error::unsupported(format!("Unknown feature '{}'", feature)));
363 +                 return Err(Error::unsupported(format!("Unknown feature '{feature}'")));
    |

warning: unnecessary semicolon
   --> kernel/src/table_configuration.rs:378:14
    |
378 |             };
    |              ^ help: remove
    |
    = help: for further information visit https://rust-lang.github.io/rust-clippy/master/index.html#unnecessary_semicolon

warning: item in documentation is missing backticks
   --> kernel/src/table_configuration.rs:480:18
    |
480 |     /// - Have a min_writer_version of 7
    |                  ^^^^^^^^^^^^^^^^^^
    |
    = help: for further information visit https://rust-lang.github.io/rust-clippy/master/index.html#doc_markdown
help: try
    |
480 -     /// - Have a min_writer_version of 7
480 +     /// - Have a `min_writer_version` of 7
    |

warning: item in documentation is missing backticks
   --> kernel/src/table_configuration.rs:539:18
    |
539 |     /// - Have a min_writer_version of 7.
    |                  ^^^^^^^^^^^^^^^^^^
    |
    = help: for further information visit https://rust-lang.github.io/rust-clippy/master/index.html#doc_markdown
help: try
    |
539 -     /// - Have a min_writer_version of 7.
539 +     /// - Have a `min_writer_version` of 7.
    |

warning: item in documentation is missing backticks
   --> kernel/src/table_configuration.rs:552:18
    |
552 |     /// - Have a min_writer_version of 7.
    |                  ^^^^^^^^^^^^^^^^^^
    |
    = help: for further information visit https://rust-lang.github.io/rust-clippy/master/index.html#doc_markdown
help: try
    |
552 -     /// - Have a min_writer_version of 7.
552 +     /// - Have a `min_writer_version` of 7.
    |

warning: called `map(<f>).unwrap_or(false)` on an `Option` value
   --> kernel/src/table_configuration.rs:610:9
    |
610 | /         features
611 | |             .map(|features| features.contains(feature))
612 | |             .unwrap_or(false)
    | |_____________________________^
    |
    = help: for further information visit https://rust-lang.github.io/rust-clippy/master/index.html#map_unwrap_or
help: use `is_some_and(<f>)` instead
    |
611 -             .map(|features| features.contains(feature))
611 +             .is_some_and(|features| features.contains(feature))
    |

warning: item in documentation is missing backticks
   --> kernel/src/table_configuration.rs:615:71
    |
615 |     /// Helper method to check if a feature is supported based on its FeatureInfo.
    |                                                                       ^^^^^^^^^^^
    |
    = help: for further information visit https://rust-lang.github.io/rust-clippy/master/index.html#doc_markdown
help: try
    |
615 -     /// Helper method to check if a feature is supported based on its FeatureInfo.
615 +     /// Helper method to check if a feature is supported based on its `FeatureInfo`.
    |

warning: item in documentation is missing backticks
   --> kernel/src/table_configuration.rs:652:69
    |
652 |     /// Helper method to check if a feature is enabled based on its FeatureInfo.
    |                                                                     ^^^^^^^^^^^
    |
    = help: for further information visit https://rust-lang.github.io/rust-clippy/master/index.html#doc_markdown
help: try
    |
652 -     /// Helper method to check if a feature is enabled based on its FeatureInfo.
652 +     /// Helper method to check if a feature is enabled based on its `FeatureInfo`.
    |

warning: item in documentation is missing backticks
  --> kernel/src/table_features/column_mapping.rs:22:37
   |
22 |     /// Columns are mapped by their field_id in parquet
   |                                     ^^^^^^^^
   |
   = help: for further information visit https://rust-lang.github.io/rust-clippy/master/index.html#doc_markdown
help: try
   |
22 -     /// Columns are mapped by their field_id in parquet
22 +     /// Columns are mapped by their `field_id` in parquet
   |

warning: item in documentation is missing backticks
  --> kernel/src/table_features/column_mapping.rs:47:23
   |
47 | /// physical name and field_id; when not enabled, verify that no fields are annotated.
   |                       ^^^^^^^^
   |
   = help: for further information visit https://rust-lang.github.io/rust-clippy/master/index.html#doc_markdown
help: try
   |
47 - /// physical name and field_id; when not enabled, verify that no fields are annotated.
47 + /// physical name and `field_id`; when not enabled, verify that no fields are annotated.
   |

warning: docs for function returning `Result` missing `# Errors` section
  --> kernel/src/table_features/column_mapping.rs:48:1
   |
48 | pub fn validate_schema_column_mapping(schema: &Schema, mode: ColumnMappingMode) -> DeltaResult<()> {
   | ^^^^^^^^^^^^^^^^^^^^^^^^^^^^^^^^^^^^^^^^^^^^^^^^^^^^^^^^^^^^^^^^^^^^^^^^^^^^^^^^^^^^^^^^^^^^^^^^^^
   |
   = help: for further information visit https://rust-lang.github.io/rust-clippy/master/index.html#missing_errors_doc

warning: these match arms have identical bodies
  --> kernel/src/table_features/column_mapping.rs:86:13
   |
86 |             (ColumnMappingMode::None, None) => {}
   |             ^^^^^^^^^^^^^^^^^^^^^^^^^^^^^^^^^^^^^
87 |             (ColumnMappingMode::Name | ColumnMappingMode::Id, Some(MetadataValue::String(_))) => {}
   |             ^^^^^^^^^^^^^^^^^^^^^^^^^^^^^^^^^^^^^^^^^^^^^^^^^^^^^^^^^^^^^^^^^^^^^^^^^^^^^^^^^^^^^^^
   |
   = help: if this is unintentional make the arms return different values
   = help: for further information visit https://rust-lang.github.io/rust-clippy/master/index.html#match_same_arms
help: otherwise merge the patterns into a single arm
   |
86 -             (ColumnMappingMode::None, None) => {}
87 -             (ColumnMappingMode::Name | ColumnMappingMode::Id, Some(MetadataValue::String(_))) => {}
86 +             (ColumnMappingMode::None, None) | (ColumnMappingMode::Name | ColumnMappingMode::Id, Some(MetadataValue::String(_))) => {}
   |

warning: these match arms have identical bodies
   --> kernel/src/table_features/column_mapping.rs:111:13
    |
111 |             (ColumnMappingMode::None, None) => {}
    |             ^^^^^^^^^^^^^^^^^^^^^^^^^^^^^^^^^^^^^
112 |             (ColumnMappingMode::Name | ColumnMappingMode::Id, Some(MetadataValue::Number(_))) => {}
    |             ^^^^^^^^^^^^^^^^^^^^^^^^^^^^^^^^^^^^^^^^^^^^^^^^^^^^^^^^^^^^^^^^^^^^^^^^^^^^^^^^^^^^^^^
    |
    = help: if this is unintentional make the arms return different values
    = help: for further information visit https://rust-lang.github.io/rust-clippy/master/index.html#match_same_arms
help: otherwise merge the patterns into a single arm
    |
111 -             (ColumnMappingMode::None, None) => {}
112 -             (ColumnMappingMode::Name | ColumnMappingMode::Id, Some(MetadataValue::Number(_))) => {}
111 +             (ColumnMappingMode::None, None) | (ColumnMappingMode::Name | ColumnMappingMode::Id, Some(MetadataValue::Number(_))) => {}
    |

warning: item in documentation is missing backticks
 --> kernel/src/table_features/timestamp_ntz.rs:1:20
  |
1 | //! Validation for TIMESTAMP_NTZ feature support
  |                    ^^^^^^^^^^^^^
  |
  = help: for further information visit https://rust-lang.github.io/rust-clippy/master/index.html#doc_markdown
help: try
  |
1 - //! Validation for TIMESTAMP_NTZ feature support
1 + //! Validation for `TIMESTAMP_NTZ` feature support
  |

warning: item in documentation is missing backticks
  --> kernel/src/table_features/timestamp_ntz.rs:11:47
   |
11 | /// Validates that if a table schema contains TIMESTAMP_NTZ columns, the table must have the
   |                                               ^^^^^^^^^^^^^
   |
   = help: for further information visit https://rust-lang.github.io/rust-clippy/master/index.html#doc_markdown
help: try
   |
11 - /// Validates that if a table schema contains TIMESTAMP_NTZ columns, the table must have the
11 + /// Validates that if a table schema contains `TIMESTAMP_NTZ` columns, the table must have the
   |

warning: item in documentation is missing backticks
  --> kernel/src/table_features/timestamp_ntz.rs:12:5
   |
12 | /// TimestampWithoutTimezone feature in both reader and writer features.
   |     ^^^^^^^^^^^^^^^^^^^^^^^^
   |
   = help: for further information visit https://rust-lang.github.io/rust-clippy/master/index.html#doc_markdown
help: try
   |
12 - /// TimestampWithoutTimezone feature in both reader and writer features.
12 + /// `TimestampWithoutTimezone` feature in both reader and writer features.
   |

warning: item in documentation is missing backticks
  --> kernel/src/table_features/timestamp_ntz.rs:30:65
   |
30 | /// Schema visitor that checks if any column in the schema uses TIMESTAMP_NTZ type
   |                                                                 ^^^^^^^^^^^^^
   |
   = help: for further information visit https://rust-lang.github.io/rust-clippy/master/index.html#doc_markdown
help: try
   |
30 - /// Schema visitor that checks if any column in the schema uses TIMESTAMP_NTZ type
30 + /// Schema visitor that checks if any column in the schema uses `TIMESTAMP_NTZ` type
   |

warning: item in documentation is missing backticks
  --> kernel/src/table_features/mod.rs:23:9
   |
23 | /// - **ReaderWriter** (must be supported by both readers and writers), or
   |         ^^^^^^^^^^^^
   |
   = help: for further information visit https://rust-lang.github.io/rust-clippy/master/index.html#doc_markdown
help: try
   |
23 - /// - **ReaderWriter** (must be supported by both readers and writers), or
23 + /// - **`ReaderWriter`** (must be supported by both readers and writers), or
   |

warning: item in documentation is missing backticks
  --> kernel/src/table_features/mod.rs:60:52
   |
60 |     /// Monotonically increasing timestamps in the CommitInfo
   |                                                    ^^^^^^^^^^
   |
   = help: for further information visit https://rust-lang.github.io/rust-clippy/master/index.html#doc_markdown
help: try
   |
60 -     /// Monotonically increasing timestamps in the CommitInfo
60 +     /// Monotonically increasing timestamps in the `CommitInfo`
   |

warning: item in documentation is missing backticks
  --> kernel/src/table_features/mod.rs:79:9
   |
79 |     /// CatalogManaged tables:
   |         ^^^^^^^^^^^^^^
   |
   = help: for further information visit https://rust-lang.github.io/rust-clippy/master/index.html#doc_markdown
help: try
   |
79 -     /// CatalogManaged tables:
79 +     /// `CatalogManaged` tables:
   |

warning: item in documentation is missing backticks
   --> kernel/src/table_features/mod.rs:100:29
    |
100 |     /// vacuumProtocolCheck ReaderWriter feature ensures consistent application of reader and writer
    |                             ^^^^^^^^^^^^
    |
    = help: for further information visit https://rust-lang.github.io/rust-clippy/master/index.html#doc_markdown
help: try
    |
100 -     /// vacuumProtocolCheck ReaderWriter feature ensures consistent application of reader and writer
100 +     /// vacuumProtocolCheck `ReaderWriter` feature ensures consistent application of reader and writer
    |

warning: item in documentation is missing backticks
   --> kernel/src/table_features/mod.rs:117:5
    |
117 | /// ReaderWriter features that can be supported by legacy readers (min_reader_version < 3).
    |     ^^^^^^^^^^^^
    |
    = help: for further information visit https://rust-lang.github.io/rust-clippy/master/index.html#doc_markdown
help: try
    |
117 - /// ReaderWriter features that can be supported by legacy readers (min_reader_version < 3).
117 + /// `ReaderWriter` features that can be supported by legacy readers (min_reader_version < 3).
    |

warning: item in documentation is missing backticks
   --> kernel/src/table_features/mod.rs:117:68
    |
117 | /// ReaderWriter features that can be supported by legacy readers (min_reader_version < 3).
    |                                                                    ^^^^^^^^^^^^^^^^^^
    |
    = help: for further information visit https://rust-lang.github.io/rust-clippy/master/index.html#doc_markdown
help: try
    |
117 - /// ReaderWriter features that can be supported by legacy readers (min_reader_version < 3).
117 + /// ReaderWriter features that can be supported by legacy readers (`min_reader_version` < 3).
    |

warning: item in documentation is missing backticks
   --> kernel/src/table_features/mod.rs:118:10
    |
118 | /// Only ColumnMapping qualifies with min_reader_version = 2.
    |          ^^^^^^^^^^^^^
    |
    = help: for further information visit https://rust-lang.github.io/rust-clippy/master/index.html#doc_markdown
help: try
    |
118 - /// Only ColumnMapping qualifies with min_reader_version = 2.
118 + /// Only `ColumnMapping` qualifies with min_reader_version = 2.
    |

warning: item in documentation is missing backticks
   --> kernel/src/table_features/mod.rs:118:39
    |
118 | /// Only ColumnMapping qualifies with min_reader_version = 2.
    |                                       ^^^^^^^^^^^^^^^^^^
    |
    = help: for further information visit https://rust-lang.github.io/rust-clippy/master/index.html#doc_markdown
help: try
    |
118 - /// Only ColumnMapping qualifies with min_reader_version = 2.
118 + /// Only ColumnMapping qualifies with `min_reader_version` = 2.
    |

warning: item in documentation is missing backticks
   --> kernel/src/table_features/mod.rs:121:16
    |
121 | /// Writer and ReaderWriter features that can be supported by legacy writers (min_writer_version < 7).
    |                ^^^^^^^^^^^^
    |
    = help: for further information visit https://rust-lang.github.io/rust-clippy/master/index.html#doc_markdown
help: try
    |
121 - /// Writer and ReaderWriter features that can be supported by legacy writers (min_writer_version < 7).
121 + /// Writer and `ReaderWriter` features that can be supported by legacy writers (min_writer_version < 7).
    |

warning: item in documentation is missing backticks
   --> kernel/src/table_features/mod.rs:121:79
    |
121 | /// Writer and ReaderWriter features that can be supported by legacy writers (min_writer_version < 7).
    |                                                                               ^^^^^^^^^^^^^^^^^^
    |
    = help: for further information visit https://rust-lang.github.io/rust-clippy/master/index.html#doc_markdown
help: try
    |
121 - /// Writer and ReaderWriter features that can be supported by legacy writers (min_writer_version < 7).
121 + /// Writer and ReaderWriter features that can be supported by legacy writers (`min_writer_version` < 7).
    |

warning: item in documentation is missing backticks
   --> kernel/src/table_features/mod.rs:122:29
    |
122 | /// These are features with min_writer_version in range [1, 6].
    |                             ^^^^^^^^^^^^^^^^^^
    |
    = help: for further information visit https://rust-lang.github.io/rust-clippy/master/index.html#doc_markdown
help: try
    |
122 - /// These are features with min_writer_version in range [1, 6].
122 + /// These are features with `min_writer_version` in range [1, 6].
    |

warning: item in documentation is missing backticks
   --> kernel/src/table_features/mod.rs:176:27
    |
176 |     /// be supported when AppendOnly is true.
    |                           ^^^^^^^^^^
    |
    = help: for further information visit https://rust-lang.github.io/rust-clippy/master/index.html#doc_markdown
help: try
    |
176 -     /// be supported when AppendOnly is true.
176 +     /// be supported when `AppendOnly` is true.
    |

warning: item in documentation is missing backticks
   --> kernel/src/table_features/mod.rs:206:38
    |
206 |     /// The type of feature (Writer, ReaderWriter, or Unknown)
    |                                      ^^^^^^^^^^^^
    |
    = help: for further information visit https://rust-lang.github.io/rust-clippy/master/index.html#doc_markdown
help: try
    |
206 -     /// The type of feature (Writer, ReaderWriter, or Unknown)
206 +     /// The type of feature (Writer, `ReaderWriter`, or Unknown)
    |

warning: usage of wildcard import
 --> kernel/src/table_properties/deserialize.rs:8:5
  |
8 | use super::*;
  |     ^^^^^^^^ help: try: `super::{TableProperties, DataSkippingNumIndexedCols, IsolationLevel, CheckpointPolicy}`
  |
  = help: for further information visit https://rust-lang.github.io/rust-clippy/master/index.html#wildcard_imports
  = note: `-W clippy::wildcard-imports` implied by `-W clippy::pedantic`
  = help: to override `-W clippy::pedantic` add `#[allow(clippy::wildcard_imports)]`

warning: consider adding a `;` to the last statement for consistent formatting
  --> kernel/src/table_properties/deserialize.rs:49:13
   |
49 |             props.checkpoint_write_stats_as_json = Some(parse_bool(v)?)
   |             ^^^^^^^^^^^^^^^^^^^^^^^^^^^^^^^^^^^^^^^^^^^^^^^^^^^^^^^^^^^ help: add a `;` here: `props.checkpoint_write_stats_as_json = Some(parse_bool(v)?);`
   |
   = help: for further information visit https://rust-lang.github.io/rust-clippy/master/index.html#semicolon_if_nothing_returned

warning: consider adding a `;` to the last statement for consistent formatting
  --> kernel/src/table_properties/deserialize.rs:52:13
   |
52 |             props.checkpoint_write_stats_as_struct = Some(parse_bool(v)?)
   |             ^^^^^^^^^^^^^^^^^^^^^^^^^^^^^^^^^^^^^^^^^^^^^^^^^^^^^^^^^^^^^ help: add a `;` here: `props.checkpoint_write_stats_as_struct = Some(parse_bool(v)?);`
   |
   = help: for further information visit https://rust-lang.github.io/rust-clippy/master/index.html#semicolon_if_nothing_returned

warning: consider adding a `;` to the last statement for consistent formatting
  --> kernel/src/table_properties/deserialize.rs:55:13
   |
55 |             props.column_mapping_mode = ColumnMappingMode::try_from(v).ok()
   |             ^^^^^^^^^^^^^^^^^^^^^^^^^^^^^^^^^^^^^^^^^^^^^^^^^^^^^^^^^^^^^^^ help: add a `;` here: `props.column_mapping_mode = ColumnMappingMode::try_from(v).ok();`
   |
   = help: for further information visit https://rust-lang.github.io/rust-clippy/master/index.html#semicolon_if_nothing_returned

warning: consider adding a `;` to the last statement for consistent formatting
  --> kernel/src/table_properties/deserialize.rs:58:13
   |
58 |             props.data_skipping_num_indexed_cols = DataSkippingNumIndexedCols::try_from(v).ok()
   |             ^^^^^^^^^^^^^^^^^^^^^^^^^^^^^^^^^^^^^^^^^^^^^^^^^^^^^^^^^^^^^^^^^^^^^^^^^^^^^^^^^^^ help: add a `;` here: `props.data_skipping_num_indexed_cols = DataSkippingNumIndexedCols::try_from(v).ok();`
   |
   = help: for further information visit https://rust-lang.github.io/rust-clippy/master/index.html#semicolon_if_nothing_returned

warning: consider adding a `;` to the last statement for consistent formatting
  --> kernel/src/table_properties/deserialize.rs:61:13
   |
61 |             props.data_skipping_stats_columns = Some(parse_column_names(v)?)
   |             ^^^^^^^^^^^^^^^^^^^^^^^^^^^^^^^^^^^^^^^^^^^^^^^^^^^^^^^^^^^^^^^^ help: add a `;` here: `props.data_skipping_stats_columns = Some(parse_column_names(v)?);`
   |
   = help: for further information visit https://rust-lang.github.io/rust-clippy/master/index.html#semicolon_if_nothing_returned

warning: consider adding a `;` to the last statement for consistent formatting
  --> kernel/src/table_properties/deserialize.rs:64:13
   |
64 |             props.deleted_file_retention_duration = Some(parse_interval(v)?)
   |             ^^^^^^^^^^^^^^^^^^^^^^^^^^^^^^^^^^^^^^^^^^^^^^^^^^^^^^^^^^^^^^^^ help: add a `;` here: `props.deleted_file_retention_duration = Some(parse_interval(v)?);`
   |
   = help: for further information visit https://rust-lang.github.io/rust-clippy/master/index.html#semicolon_if_nothing_returned

warning: consider adding a `;` to the last statement for consistent formatting
  --> kernel/src/table_properties/deserialize.rs:77:13
   |
77 |             props.set_transaction_retention_duration = Some(parse_interval(v)?)
   |             ^^^^^^^^^^^^^^^^^^^^^^^^^^^^^^^^^^^^^^^^^^^^^^^^^^^^^^^^^^^^^^^^^^^ help: add a `;` here: `props.set_transaction_retention_duration = Some(parse_interval(v)?);`
   |
   = help: for further information visit https://rust-lang.github.io/rust-clippy/master/index.html#semicolon_if_nothing_returned

warning: consider adding a `;` to the last statement for consistent formatting
  --> kernel/src/table_properties/deserialize.rs:81:13
   |
81 |             props.tune_file_sizes_for_rewrites = Some(parse_bool(v)?)
   |             ^^^^^^^^^^^^^^^^^^^^^^^^^^^^^^^^^^^^^^^^^^^^^^^^^^^^^^^^^ help: add a `;` here: `props.tune_file_sizes_for_rewrites = Some(parse_bool(v)?);`
   |
   = help: for further information visit https://rust-lang.github.io/rust-clippy/master/index.html#semicolon_if_nothing_returned

warning: consider adding a `;` to the last statement for consistent formatting
  --> kernel/src/table_properties/deserialize.rs:86:13
   |
86 |             props.materialized_row_id_column_name = Some(v.to_string())
   |             ^^^^^^^^^^^^^^^^^^^^^^^^^^^^^^^^^^^^^^^^^^^^^^^^^^^^^^^^^^^ help: add a `;` here: `props.materialized_row_id_column_name = Some(v.to_string());`
   |
   = help: for further information visit https://rust-lang.github.io/rust-clippy/master/index.html#semicolon_if_nothing_returned

warning: consider adding a `;` to the last statement for consistent formatting
  --> kernel/src/table_properties/deserialize.rs:89:13
   |
89 |             props.materialized_row_commit_version_column_name = Some(v.to_string())
   |             ^^^^^^^^^^^^^^^^^^^^^^^^^^^^^^^^^^^^^^^^^^^^^^^^^^^^^^^^^^^^^^^^^^^^^^^ help: add a `;` here: `props.materialized_row_commit_version_column_name = Some(v.to_string());`
   |
   = help: for further information visit https://rust-lang.github.io/rust-clippy/master/index.html#semicolon_if_nothing_returned

warning: consider adding a `;` to the last statement for consistent formatting
  --> kernel/src/table_properties/deserialize.rs:93:13
   |
93 |             props.enable_in_commit_timestamps = Some(parse_bool(v)?)
   |             ^^^^^^^^^^^^^^^^^^^^^^^^^^^^^^^^^^^^^^^^^^^^^^^^^^^^^^^^ help: add a `;` here: `props.enable_in_commit_timestamps = Some(parse_bool(v)?);`
   |
   = help: for further information visit https://rust-lang.github.io/rust-clippy/master/index.html#semicolon_if_nothing_returned

warning: consider adding a `;` to the last statement for consistent formatting
  --> kernel/src/table_properties/deserialize.rs:96:13
   |
96 |             props.in_commit_timestamp_enablement_version = Some(parse_non_negative(v)?)
   |             ^^^^^^^^^^^^^^^^^^^^^^^^^^^^^^^^^^^^^^^^^^^^^^^^^^^^^^^^^^^^^^^^^^^^^^^^^^^ help: add a `;` here: `props.in_commit_timestamp_enablement_version = Some(parse_non_negative(v)?);`
   |
   = help: for further information visit https://rust-lang.github.io/rust-clippy/master/index.html#semicolon_if_nothing_returned

warning: consider adding a `;` to the last statement for consistent formatting
  --> kernel/src/table_properties/deserialize.rs:99:13
   |
99 |             props.in_commit_timestamp_enablement_timestamp = Some(parse_non_negative(v)?)
   |             ^^^^^^^^^^^^^^^^^^^^^^^^^^^^^^^^^^^^^^^^^^^^^^^^^^^^^^^^^^^^^^^^^^^^^^^^^^^^^ help: add a `;` here: `props.in_commit_timestamp_enablement_timestamp = Some(parse_non_negative(v)?);`
   |
   = help: for further information visit https://rust-lang.github.io/rust-clippy/master/index.html#semicolon_if_nothing_returned

warning: you should put bare URLs between `<`/`>` or make a proper Markdown link
   --> kernel/src/table_properties/deserialize.rs:169:5
    |
169 | /// https://github.com/apache/spark/blob/5a57efdcee9e6569d8de4272bda258788cf349e3/sql/api/src/main/scala/org/apache/spark/sql/catalyst/util/SparkIntervalUtils.scala#L134
    |     ^^^^^^^^^^^^^^^^^^^^^^^^^^^^^^^^^^^^^^^^^^^^^^^^^^^^^^^^^^^^^^^^^^^^^^^^^^^^^^^^^^^^^^^^^^^^^^^^^^^^^^^^^^^^^^^^^^^^^^^^^^^^^^^^^^^^^^^^^^^^^^^^^^^^^^^^^^^^^^^^^^^^^ help: try: `<https://github.com/apache/spark/blob/5a57efdcee9e6569d8de4272bda258788cf349e3/sql/api/src/main/scala/org/apache/spark/sql/catalyst/util/SparkIntervalUtils.scala#L134>`
    |
    = help: for further information visit https://rust-lang.github.io/rust-clippy/master/index.html#doc_markdown

warning: you should put bare URLs between `<`/`>` or make a proper Markdown link
   --> kernel/src/table_properties/deserialize.rs:175:5
    |
175 | /// https://github.com/delta-io/delta-rs/blob/d4f18b3ae9d616e771b5d0e0fa498d0086fd91eb/crates/core/src/table/config.rs#L474
    |     ^^^^^^^^^^^^^^^^^^^^^^^^^^^^^^^^^^^^^^^^^^^^^^^^^^^^^^^^^^^^^^^^^^^^^^^^^^^^^^^^^^^^^^^^^^^^^^^^^^^^^^^^^^^^^^^^^^^^^^^ help: try: `<https://github.com/delta-io/delta-rs/blob/d4f18b3ae9d616e771b5d0e0fa498d0086fd91eb/crates/core/src/table/config.rs#L474>`
    |
    = help: for further information visit https://rust-lang.github.io/rust-clippy/master/index.html#doc_markdown

warning: you should put bare URLs between `<`/`>` or make a proper Markdown link
   --> kernel/src/table_properties/deserialize.rs:177:49
    |
177 | /// See issue delta-kernel-rs/#507 for details: https://github.com/delta-io/delta-kernel-rs/issues/507
    |                                                 ^^^^^^^^^^^^^^^^^^^^^^^^^^^^^^^^^^^^^^^^^^^^^^^^^^^^^^ help: try: `<https://github.com/delta-io/delta-kernel-rs/issues/507>`
    |
    = help: for further information visit https://rust-lang.github.io/rust-clippy/master/index.html#doc_markdown

warning: casting `i64` to `u64` may lose the sign of the value
   --> kernel/src/table_properties/deserialize.rs:197:18
    |
197 |     let number = number as u64; // non-negative i64 => always safe
    |                  ^^^^^^^^^^^^^
    |
    = help: for further information visit https://rust-lang.github.io/rust-clippy/master/index.html#cast_sign_loss
    = note: `-W clippy::cast-sign-loss` implied by `-W clippy::pedantic`
    = help: to override `-W clippy::pedantic` add `#[allow(clippy::cast_sign_loss)]`

warning: item in documentation is missing backticks
  --> kernel/src/table_properties.rs:53:9
   |
53 |     /// stats_parsed column and to write partition values as a struct for partitionValues_parsed.
   |         ^^^^^^^^^^^^
   |
   = help: for further information visit https://rust-lang.github.io/rust-clippy/master/index.html#doc_markdown
help: try
   |
53 -     /// stats_parsed column and to write partition values as a struct for partitionValues_parsed.
53 +     /// `stats_parsed` column and to write partition values as a struct for partitionValues_parsed.
   |

warning: item in documentation is missing backticks
  --> kernel/src/table_properties.rs:53:75
   |
53 |     /// stats_parsed column and to write partition values as a struct for partitionValues_parsed.
   |                                                                           ^^^^^^^^^^^^^^^^^^^^^^
   |
   = help: for further information visit https://rust-lang.github.io/rust-clippy/master/index.html#doc_markdown
help: try
   |
53 -     /// stats_parsed column and to write partition values as a struct for partitionValues_parsed.
53 +     /// stats_parsed column and to write partition values as a struct for `partitionValues_parsed`.
   |

warning: item in documentation is missing backticks
   --> kernel/src/table_properties.rs:133:18
    |
133 |     /// example, SetTransactions). When a new snapshot sees a transaction identifier older than or
    |                  ^^^^^^^^^^^^^^^
    |
    = help: for further information visit https://rust-lang.github.io/rust-clippy/master/index.html#doc_markdown
help: try
    |
133 -     /// example, SetTransactions). When a new snapshot sees a transaction identifier older than or
133 +     /// example, `SetTransactions`). When a new snapshot sees a transaction identifier older than or
    |

warning: item in documentation is missing backticks
   --> kernel/src/table_properties.rs:135:25
    |
135 |     /// ignores it. The SetTransaction identifier is used when making the writes idempotent.
    |                         ^^^^^^^^^^^^^^
    |
    = help: for further information visit https://rust-lang.github.io/rust-clippy/master/index.html#doc_markdown
help: try
    |
135 -     /// ignores it. The SetTransaction identifier is used when making the writes idempotent.
135 +     /// ignores it. The `SetTransaction` identifier is used when making the writes idempotent.
    |

warning: item in documentation is missing backticks
   --> kernel/src/table_properties.rs:220:34
    |
220 |     /// than Snapshot isolation. WriteSerializable is the default isolation level because
    |                                  ^^^^^^^^^^^^^^^^^
    |
    = help: for further information visit https://rust-lang.github.io/rust-clippy/master/index.html#doc_markdown
help: try
    |
220 -     /// than Snapshot isolation. WriteSerializable is the default isolation level because
220 +     /// than Snapshot isolation. `WriteSerializable` is the default isolation level because
    |

warning: item in documentation is missing backticks
   --> kernel/src/table_properties.rs:224:9
    |
224 |     /// SnapshotIsolation is a guarantee that all reads made in a transaction will see a consistent
    |         ^^^^^^^^^^^^^^^^^
    |
    = help: for further information visit https://rust-lang.github.io/rust-clippy/master/index.html#doc_markdown
help: try
    |
224 -     /// SnapshotIsolation is a guarantee that all reads made in a transaction will see a consistent
224 +     /// `SnapshotIsolation` is a guarantee that all reads made in a transaction will see a consistent
    |

warning: item in documentation is missing backticks
  --> kernel/src/transaction/mod.rs:89:63
   |
89 | /// Extend a schema with a statistics column and return a new SchemaRef.
   |                                                               ^^^^^^^^^
   |
   = help: for further information visit https://rust-lang.github.io/rust-clippy/master/index.html#doc_markdown
help: try
   |
89 - /// Extend a schema with a statistics column and return a new SchemaRef.
89 + /// Extend a schema with a statistics column and return a new `SchemaRef`.
   |

warning: item in documentation is missing backticks
   --> kernel/src/transaction/mod.rs:100:64
    |
100 | /// Extend a schema with row tracking columns and return a new SchemaRef.
    |                                                                ^^^^^^^^^
    |
    = help: for further information visit https://rust-lang.github.io/rust-clippy/master/index.html#doc_markdown
help: try
    |
100 - /// Extend a schema with row tracking columns and return a new SchemaRef.
100 + /// Extend a schema with row tracking columns and return a new `SchemaRef`.
    |

warning: item in documentation is missing backticks
   --> kernel/src/transaction/mod.rs:167:10
    |
167 |     /// [Snapshot::transaction](crate::snapshot::Snapshot::transaction) to create a transaction from
    |          ^^^^^^^^^^^^^^^^^^^^^
    |
    = help: for further information visit https://rust-lang.github.io/rust-clippy/master/index.html#doc_markdown
help: try
    |
167 -     /// [Snapshot::transaction](crate::snapshot::Snapshot::transaction) to create a transaction from
167 +     /// [`Snapshot::transaction`](crate::snapshot::Snapshot::transaction) to create a transaction from
    |

warning: this method could have a `#[must_use]` attribute
   --> kernel/src/transaction/mod.rs:206:12
    |
206 |     pub fn with_committer(mut self, committer: Box<dyn Committer>) -> Self {
    |            ^^^^^^^^^^^^^^
    |
    = help: for further information visit https://rust-lang.github.io/rust-clippy/master/index.html#must_use_candidate
help: add the attribute
    |
206 ~     #[must_use] 
207 ~     pub fn with_committer(mut self, committer: Box<dyn Committer>) -> Self {
    |

warning: missing `#[must_use]` attribute on a method returning `Self`
   --> kernel/src/transaction/mod.rs:206:5
    |
206 | /     pub fn with_committer(mut self, committer: Box<dyn Committer>) -> Self {
207 | |         self.committer = committer;
208 | |         self
209 | |     }
    | |_____^
    |
    = help: consider adding the `#[must_use]` attribute to the method or directly to the `Self` type
    = help: for further information visit https://rust-lang.github.io/rust-clippy/master/index.html#return_self_not_must_use

warning: item in documentation is missing backticks
   --> kernel/src/transaction/mod.rs:212:10
    |
212 |     /// [CommitResult] with the following semantics:
    |          ^^^^^^^^^^^^
    |
    = help: for further information visit https://rust-lang.github.io/rust-clippy/master/index.html#doc_markdown
help: try
    |
212 -     /// [CommitResult] with the following semantics:
212 +     /// [`CommitResult`] with the following semantics:
    |

warning: docs for function returning `Result` missing `# Errors` section
   --> kernel/src/transaction/mod.rs:216:5
    |
216 |     pub fn commit(self, engine: &dyn Engine) -> DeltaResult<CommitResult> {
    |     ^^^^^^^^^^^^^^^^^^^^^^^^^^^^^^^^^^^^^^^^^^^^^^^^^^^^^^^^^^^^^^^^^^^^^
    |
    = help: for further information visit https://rust-lang.github.io/rust-clippy/master/index.html#missing_errors_doc

warning: this method could have a `#[must_use]` attribute
   --> kernel/src/transaction/mod.rs:346:12
    |
346 |     pub fn with_data_change(mut self, data_change: bool) -> Self {
    |            ^^^^^^^^^^^^^^^^
    |
    = help: for further information visit https://rust-lang.github.io/rust-clippy/master/index.html#must_use_candidate
help: add the attribute
    |
346 ~     #[must_use] 
347 ~     pub fn with_data_change(mut self, data_change: bool) -> Self {
    |

warning: missing `#[must_use]` attribute on a method returning `Self`
   --> kernel/src/transaction/mod.rs:346:5
    |
346 | /     pub fn with_data_change(mut self, data_change: bool) -> Self {
347 | |         self.data_change = data_change;
348 | |         self
349 | |     }
    | |_____^
    |
    = help: consider adding the `#[must_use]` attribute to the method or directly to the `Self` type
    = help: for further information visit https://rust-lang.github.io/rust-clippy/master/index.html#return_self_not_must_use

warning: this method could have a `#[must_use]` attribute
   --> kernel/src/transaction/mod.rs:361:12
    |
361 |     pub fn with_operation(mut self, operation: String) -> Self {
    |            ^^^^^^^^^^^^^^
    |
    = help: for further information visit https://rust-lang.github.io/rust-clippy/master/index.html#must_use_candidate
help: add the attribute
    |
361 ~     #[must_use] 
362 ~     pub fn with_operation(mut self, operation: String) -> Self {
    |

warning: missing `#[must_use]` attribute on a method returning `Self`
   --> kernel/src/transaction/mod.rs:361:5
    |
361 | /     pub fn with_operation(mut self, operation: String) -> Self {
362 | |         self.operation = Some(operation);
363 | |         self
364 | |     }
    | |_____^
    |
    = help: consider adding the `#[must_use]` attribute to the method or directly to the `Self` type
    = help: for further information visit https://rust-lang.github.io/rust-clippy/master/index.html#return_self_not_must_use

warning: missing `#[must_use]` attribute on a method returning `Self`
   --> kernel/src/transaction/mod.rs:367:5
    |
367 | /     pub fn with_engine_info(mut self, engine_info: impl Into<String>) -> Self {
368 | |         self.engine_info = Some(engine_info.into());
369 | |         self
370 | |     }
    | |_____^
    |
    = help: consider adding the `#[must_use]` attribute to the method or directly to the `Self` type
    = help: for further information visit https://rust-lang.github.io/rust-clippy/master/index.html#return_self_not_must_use

warning: item in documentation is missing backticks
   --> kernel/src/transaction/mod.rs:372:19
    |
372 |     /// Include a SetTransaction (app_id and version) action for this transaction (with an optional
    |                   ^^^^^^^^^^^^^^
    |
    = help: for further information visit https://rust-lang.github.io/rust-clippy/master/index.html#doc_markdown
help: try
    |
372 -     /// Include a SetTransaction (app_id and version) action for this transaction (with an optional
372 +     /// Include a `SetTransaction` (app_id and version) action for this transaction (with an optional
    |

warning: item in documentation is missing backticks
   --> kernel/src/transaction/mod.rs:372:35
    |
372 |     /// Include a SetTransaction (app_id and version) action for this transaction (with an optional
    |                                   ^^^^^^
    |
    = help: for further information visit https://rust-lang.github.io/rust-clippy/master/index.html#doc_markdown
help: try
    |
372 -     /// Include a SetTransaction (app_id and version) action for this transaction (with an optional
372 +     /// Include a SetTransaction (`app_id` and version) action for this transaction (with an optional
    |

warning: item in documentation is missing backticks
   --> kernel/src/transaction/mod.rs:374:24
    |
374 |     /// Note that each app_id can only appear once per transaction. That is, multiple app_ids with
    |                        ^^^^^^
    |
    = help: for further information visit https://rust-lang.github.io/rust-clippy/master/index.html#doc_markdown
help: try
    |
374 -     /// Note that each app_id can only appear once per transaction. That is, multiple app_ids with
374 +     /// Note that each `app_id` can only appear once per transaction. That is, multiple app_ids with
    |

warning: item in documentation is missing backticks
   --> kernel/src/transaction/mod.rs:374:87
    |
374 |     /// Note that each app_id can only appear once per transaction. That is, multiple app_ids with
    |                                                                                       ^^^^^^^
    |
    = help: for further information visit https://rust-lang.github.io/rust-clippy/master/index.html#doc_markdown
help: try
    |
374 -     /// Note that each app_id can only appear once per transaction. That is, multiple app_ids with
374 +     /// Note that each app_id can only appear once per transaction. That is, multiple `app_ids` with
    |

warning: item in documentation is missing backticks
   --> kernel/src/transaction/mod.rs:375:83
    |
375 |     /// different versions are disallowed in a single transaction. If a duplicate app_id is
    |                                                                                   ^^^^^^
    |
    = help: for further information visit https://rust-lang.github.io/rust-clippy/master/index.html#doc_markdown
help: try
    |
375 -     /// different versions are disallowed in a single transaction. If a duplicate app_id is
375 +     /// different versions are disallowed in a single transaction. If a duplicate `app_id` is
    |

warning: item in documentation is missing backticks
   --> kernel/src/transaction/mod.rs:376:75
    |
376 |     /// included, the `commit` will fail (that is, we don't eagerly check app_id validity here).
    |                                                                           ^^^^^^
    |
    = help: for further information visit https://rust-lang.github.io/rust-clippy/master/index.html#doc_markdown
help: try
    |
376 -     /// included, the `commit` will fail (that is, we don't eagerly check app_id validity here).
376 +     /// included, the `commit` will fail (that is, we don't eagerly check `app_id` validity here).
    |

warning: this method could have a `#[must_use]` attribute
   --> kernel/src/transaction/mod.rs:377:12
    |
377 |     pub fn with_transaction_id(mut self, app_id: String, version: i64) -> Self {
    |            ^^^^^^^^^^^^^^^^^^^
    |
    = help: for further information visit https://rust-lang.github.io/rust-clippy/master/index.html#must_use_candidate
help: add the attribute
    |
377 ~     #[must_use] 
378 ~     pub fn with_transaction_id(mut self, app_id: String, version: i64) -> Self {
    |

warning: missing `#[must_use]` attribute on a method returning `Self`
   --> kernel/src/transaction/mod.rs:377:5
    |
377 | /     pub fn with_transaction_id(mut self, app_id: String, version: i64) -> Self {
378 | |         let set_transaction = SetTransaction::new(app_id, version, Some(self.commit_timestamp));
379 | |         self.set_transactions.push(set_transaction);
380 | |         self
381 | |     }
    | |_____^
    |
    = help: consider adding the `#[must_use]` attribute to the method or directly to the `Self` type
    = help: for further information visit https://rust-lang.github.io/rust-clippy/master/index.html#return_self_not_must_use

warning: this method could have a `#[must_use]` attribute
   --> kernel/src/transaction/mod.rs:389:12
    |
389 |     pub fn with_domain_metadata(mut self, domain: String, configuration: String) -> Self {
    |            ^^^^^^^^^^^^^^^^^^^^
    |
    = help: for further information visit https://rust-lang.github.io/rust-clippy/master/index.html#must_use_candidate
help: add the attribute
    |
389 ~     #[must_use] 
390 ~     pub fn with_domain_metadata(mut self, domain: String, configuration: String) -> Self {
    |

warning: missing `#[must_use]` attribute on a method returning `Self`
   --> kernel/src/transaction/mod.rs:389:5
    |
389 | /     pub fn with_domain_metadata(mut self, domain: String, configuration: String) -> Self {
390 | |         self.domain_metadata_additions
391 | |             .push(DomainMetadata::new(domain, configuration));
392 | |         self
393 | |     }
    | |_____^
    |
    = help: consider adding the `#[must_use]` attribute to the method or directly to the `Self` type
    = help: for further information visit https://rust-lang.github.io/rust-clippy/master/index.html#return_self_not_must_use

warning: this method could have a `#[must_use]` attribute
   --> kernel/src/transaction/mod.rs:404:12
    |
404 |     pub fn with_domain_metadata_removed(mut self, domain: String) -> Self {
    |            ^^^^^^^^^^^^^^^^^^^^^^^^^^^^
    |
    = help: for further information visit https://rust-lang.github.io/rust-clippy/master/index.html#must_use_candidate
help: add the attribute
    |
404 ~     #[must_use] 
405 ~     pub fn with_domain_metadata_removed(mut self, domain: String) -> Self {
    |

warning: missing `#[must_use]` attribute on a method returning `Self`
   --> kernel/src/transaction/mod.rs:404:5
    |
404 | /     pub fn with_domain_metadata_removed(mut self, domain: String) -> Self {
405 | |         self.domain_removals.push(domain);
406 | |         self
407 | |     }
    | |_____^
    |
    = help: consider adding the `#[must_use]` attribute to the method or directly to the `Self` type
    = help: for further information visit https://rust-lang.github.io/rust-clippy/master/index.html#return_self_not_must_use

warning: variables can be used directly in the `format!` string
   --> kernel/src/transaction/mod.rs:423:43
    |
423 |                   return Err(Error::generic(format!(
    |  ___________________________________________^
424 | |                     "Metadata for domain {} already specified in this transaction",
425 | |                     domain
426 | |                 )));
    | |_________________^
    |
    = help: for further information visit https://rust-lang.github.io/rust-clippy/master/index.html#uninlined_format_args

warning: variables can be used directly in the `format!` string
   --> kernel/src/transaction/mod.rs:439:43
    |
439 |                   return Err(Error::generic(format!(
    |  ___________________________________________^
440 | |                     "Metadata for domain {} already specified in this transaction",
441 | |                     domain
442 | |                 )));
    | |_________________^
    |
    = help: for further information visit https://rust-lang.github.io/rust-clippy/master/index.html#uninlined_format_args

warning: unnecessary boolean `not` operation
   --> kernel/src/transaction/mod.rs:473:31
    |
473 |           let removal_actions = if !self.domain_removals.is_empty() {
    |  _______________________________^
474 | |             // Scan log to fetch existing configurations for tombstones
475 | |             let existing_domains =
476 | |                 scan_domain_metadatas(self.read_snapshot.log_segment(), None, engine)?;
...   |
492 | |             vec![]
493 | |         };
    | |_________^
    |
    = help: for further information visit https://rust-lang.github.io/rust-clippy/master/index.html#if_not_else
help: try
    |
473 ~         let removal_actions = if self.domain_removals.is_empty() {
474 +             vec![]
475 +         } else {
476 +             // Scan log to fetch existing configurations for tombstones
477 +             let existing_domains =
478 +                 scan_domain_metadatas(self.read_snapshot.log_segment(), None, engine)?;
479 + 
480 +             // Create removal tombstones with pre-image configurations
481 +             let removals: Vec<_> = self
482 +                 .domain_removals
483 +                 .iter()
484 +                 .filter_map(|domain| {
485 +                     // If domain doesn't exist in the log, this is a no-op (filter it out)
486 +                     existing_domains.get(domain).map(|existing| {
487 +                         DomainMetadata::remove(domain.clone(), existing.configuration().to_owned())
488 +                     })
489 +                 })
490 +                 .collect();
491 + 
492 +             removals
493 ~         };
    |

warning: item in documentation is missing backticks
   --> kernel/src/transaction/mod.rs:515:29
    |
515 |     /// for constructing an add_file. Each row represents metadata about a
    |                             ^^^^^^^^
    |
    = help: for further information visit https://rust-lang.github.io/rust-clippy/master/index.html#doc_markdown
help: try
    |
515 -     /// for constructing an add_file. Each row represents metadata about a
515 +     /// for constructing an `add_file`. Each row represents metadata about a
    |

warning: item in documentation is missing backticks
   --> kernel/src/transaction/mod.rs:516:97
    |
516 |     /// file to be added to the table. Kernel takes this information and extends it to the full add_file
    |                                                                                                 ^^^^^^^^
    |
    = help: for further information visit https://rust-lang.github.io/rust-clippy/master/index.html#doc_markdown
help: try
    |
516 -     /// file to be added to the table. Kernel takes this information and extends it to the full add_file
516 +     /// file to be added to the table. Kernel takes this information and extends it to the full `add_file`
    |

warning: this method could have a `#[must_use]` attribute
   --> kernel/src/transaction/mod.rs:527:12
    |
527 |     pub fn add_files_schema(&self) -> &'static SchemaRef {
    |            ^^^^^^^^^^^^^^^^
    |
    = help: for further information visit https://rust-lang.github.io/rust-clippy/master/index.html#must_use_candidate
help: add the attribute
    |
527 ~     #[must_use] 
528 ~     pub fn add_files_schema(&self) -> &'static SchemaRef {
    |

warning: this method could have a `#[must_use]` attribute
   --> kernel/src/transaction/mod.rs:554:12
    |
554 |     pub fn get_write_context(&self) -> WriteContext {
    |            ^^^^^^^^^^^^^^^^^
    |
    = help: for further information visit https://rust-lang.github.io/rust-clippy/master/index.html#must_use_candidate
help: add the attribute
    |
554 ~     #[must_use] 
555 ~     pub fn get_write_context(&self) -> WriteContext {
    |

warning: explicit `deref` method call
   --> kernel/src/transaction/mod.rs:615:41
    |
615 |                 adds_evaluator.evaluate(add_files_batch?.deref())
    |                                         ^^^^^^^^^^^^^^^^^^^^^^^^ help: try: `&*add_files_batch?`
    |
    = help: for further information visit https://rust-lang.github.io/rust-clippy/master/index.html#explicit_deref_methods
    = note: `-W clippy::explicit-deref-methods` implied by `-W clippy::pedantic`
    = help: to override `-W clippy::pedantic` add `#[allow(clippy::explicit_deref_methods)]`

warning: explicit `deref` method call
   --> kernel/src/transaction/mod.rs:645:52
    |
645 |                 row_tracking_visitor.visit_rows_of(add_files_batch.deref())?;
    |                                                    ^^^^^^^^^^^^^^^^^^^^^^^ help: try: `&**add_files_batch`
    |
    = help: for further information visit https://rust-lang.github.io/rust-clippy/master/index.html#explicit_deref_methods

warning: explicit `deref` method call
   --> kernel/src/transaction/mod.rs:688:59
    |
688 |                 self.add_files_metadata.iter().map(|a| Ok(a.deref())),
    |                                                           ^^^^^^^^^ help: try: `&**a`
    |
    = help: for further information visit https://rust-lang.github.io/rust-clippy/master/index.html#explicit_deref_methods

warning: usage of wildcard import for enum variants
   --> kernel/src/transaction/mod.rs:789:21
    |
789 |                 use Cow::*;
    |                     ^^^^^^ help: try: `Cow::{Borrowed, Owned}`
    |
    = help: for further information visit https://rust-lang.github.io/rust-clippy/master/index.html#enum_glob_use

warning: item in documentation is missing backticks
   --> kernel/src/transaction/mod.rs:869:5
    |
869 | /// WriteContext is data derived from a [`Transaction`] that can be provided to writers in order to
    |     ^^^^^^^^^^^^
    |
    = help: for further information visit https://rust-lang.github.io/rust-clippy/master/index.html#doc_markdown
help: try
    |
869 - /// WriteContext is data derived from a [`Transaction`] that can be provided to writers in order to
869 + /// `WriteContext` is data derived from a [`Transaction`] that can be provided to writers in order to
    |

warning: this method could have a `#[must_use]` attribute
   --> kernel/src/transaction/mod.rs:888:12
    |
888 |     pub fn target_dir(&self) -> &Url {
    |            ^^^^^^^^^^
    |
    = help: for further information visit https://rust-lang.github.io/rust-clippy/master/index.html#must_use_candidate
help: add the attribute
    |
888 ~     #[must_use] 
889 ~     pub fn target_dir(&self) -> &Url {
    |

warning: this method could have a `#[must_use]` attribute
   --> kernel/src/transaction/mod.rs:892:12
    |
892 |     pub fn schema(&self) -> &SchemaRef {
    |            ^^^^^^
    |
    = help: for further information visit https://rust-lang.github.io/rust-clippy/master/index.html#must_use_candidate
help: add the attribute
    |
892 ~     #[must_use] 
893 ~     pub fn schema(&self) -> &SchemaRef {
    |

warning: this method could have a `#[must_use]` attribute
   --> kernel/src/transaction/mod.rs:896:12
    |
896 |     pub fn logical_to_physical(&self) -> ExpressionRef {
    |            ^^^^^^^^^^^^^^^^^^^
    |
    = help: for further information visit https://rust-lang.github.io/rust-clippy/master/index.html#must_use_candidate
help: add the attribute
    |
896 ~     #[must_use] 
897 ~     pub fn logical_to_physical(&self) -> ExpressionRef {
    |

warning: this method could have a `#[must_use]` attribute
   --> kernel/src/transaction/mod.rs:920:12
    |
920 |     pub fn new_deletion_vector_path(&self, random_prefix: String) -> DeletionVectorPath {
    |            ^^^^^^^^^^^^^^^^^^^^^^^^
    |
    = help: for further information visit https://rust-lang.github.io/rust-clippy/master/index.html#must_use_candidate
help: add the attribute
    |
920 ~     #[must_use] 
921 ~     pub fn new_deletion_vector_path(&self, random_prefix: String) -> DeletionVectorPath {
    |

warning: item in documentation is missing backticks
   --> kernel/src/transaction/mod.rs:943:8
    |
943 | /// - [CommittedTransaction]: the transaction was successfully committed. [PostCommitStats] and
    |        ^^^^^^^^^^^^^^^^^^^^
    |
    = help: for further information visit https://rust-lang.github.io/rust-clippy/master/index.html#doc_markdown
help: try
    |
943 - /// - [CommittedTransaction]: the transaction was successfully committed. [PostCommitStats] and
943 + /// - [`CommittedTransaction`]: the transaction was successfully committed. [PostCommitStats] and
    |

warning: item in documentation is missing backticks
   --> kernel/src/transaction/mod.rs:943:76
    |
943 | /// - [CommittedTransaction]: the transaction was successfully committed. [PostCommitStats] and
    |                                                                            ^^^^^^^^^^^^^^^
    |
    = help: for further information visit https://rust-lang.github.io/rust-clippy/master/index.html#doc_markdown
help: try
    |
943 - /// - [CommittedTransaction]: the transaction was successfully committed. [PostCommitStats] and
943 + /// - [CommittedTransaction]: the transaction was successfully committed. [`PostCommitStats`] and
    |

warning: item in documentation is missing backticks
   --> kernel/src/transaction/mod.rs:945:8
    |
945 | /// - [ConflictedTransaction]: the transaction conflicted with an existing version. This transcation
    |        ^^^^^^^^^^^^^^^^^^^^^
    |
    = help: for further information visit https://rust-lang.github.io/rust-clippy/master/index.html#doc_markdown
help: try
    |
945 - /// - [ConflictedTransaction]: the transaction conflicted with an existing version. This transcation
945 + /// - [`ConflictedTransaction`]: the transaction conflicted with an existing version. This transcation
    |

warning: item in documentation is missing backticks
   --> kernel/src/transaction/mod.rs:947:8
    |
947 | /// - [RetryableTransaction]: an IO (retryable) error occurred during the commit. This transaction
    |        ^^^^^^^^^^^^^^^^^^^^
    |
    = help: for further information visit https://rust-lang.github.io/rust-clippy/master/index.html#doc_markdown
help: try
    |
947 - /// - [RetryableTransaction]: an IO (retryable) error occurred during the commit. This transaction
947 + /// - [`RetryableTransaction`]: an IO (retryable) error occurred during the commit. This transaction
    |

warning: item in documentation is missing backticks
   --> kernel/src/transaction/mod.rs:955:10
    |
955 |     /// [ConflictedTransaction::conflict_version]). The transaction
    |          ^^^^^^^^^^^^^^^^^^^^^^^^^^^^^^^^^^^^^^^
    |
    = help: for further information visit https://rust-lang.github.io/rust-clippy/master/index.html#doc_markdown
help: try
    |
955 -     /// [ConflictedTransaction::conflict_version]). The transaction
955 +     /// [`ConflictedTransaction::conflict_version`]). The transaction
    |

warning: this method could have a `#[must_use]` attribute
   --> kernel/src/transaction/mod.rs:967:12
    |
967 |     pub fn is_committed(&self) -> bool {
    |            ^^^^^^^^^^^^
    |
    = help: for further information visit https://rust-lang.github.io/rust-clippy/master/index.html#must_use_candidate
help: add the attribute
    |
967 ~     #[must_use] 
968 ~     pub fn is_committed(&self) -> bool {
    |

warning: item in documentation is missing backticks
   --> kernel/src/transaction/mod.rs:973:6
    |
973 | /// [PostCommitStats] and [commit version] from this struct. In the future a post-commit snapshot
    |      ^^^^^^^^^^^^^^^
    |
    = help: for further information visit https://rust-lang.github.io/rust-clippy/master/index.html#doc_markdown
help: try
    |
973 - /// [PostCommitStats] and [commit version] from this struct. In the future a post-commit snapshot
973 + /// [`PostCommitStats`] and [commit version] from this struct. In the future a post-commit snapshot
    |

warning: this method could have a `#[must_use]` attribute
   --> kernel/src/transaction/mod.rs:990:12
    |
990 |     pub fn commit_version(&self) -> Version {
    |            ^^^^^^^^^^^^^^
    |
    = help: for further information visit https://rust-lang.github.io/rust-clippy/master/index.html#must_use_candidate
help: add the attribute
    |
990 ~     #[must_use] 
991 ~     pub fn commit_version(&self) -> Version {
    |

warning: this method could have a `#[must_use]` attribute
   --> kernel/src/transaction/mod.rs:995:12
    |
995 |     pub fn post_commit_stats(&self) -> &PostCommitStats {
    |            ^^^^^^^^^^^^^^^^^
    |
    = help: for further information visit https://rust-lang.github.io/rust-clippy/master/index.html#must_use_candidate
help: add the attribute
    |
995 ~     #[must_use] 
996 ~     pub fn post_commit_stats(&self) -> &PostCommitStats {
    |

warning: this method could have a `#[must_use]` attribute
    --> kernel/src/transaction/mod.rs:1016:12
     |
1016 |     pub fn conflict_version(&self) -> Version {
     |            ^^^^^^^^^^^^^^^^
     |
     = help: for further information visit https://rust-lang.github.io/rust-clippy/master/index.html#must_use_candidate
help: add the attribute
     |
1016 ~     #[must_use] 
1017 ~     pub fn conflict_version(&self) -> Version {
     |

warning: item in documentation is missing backticks
  --> kernel/src/transforms.rs:41:22
   |
41 |     /// Generate the RowId column.
   |                      ^^^^^
   |
   = help: for further information visit https://rust-lang.github.io/rust-clippy/master/index.html#doc_markdown
help: try
   |
41 -     /// Generate the RowId column.
41 +     /// Generate the `RowId` column.
   |

warning: item in documentation is missing backticks
  --> kernel/src/transforms.rs:43:60
   |
43 |         /// column name which should end up containing the RowId
   |                                                            ^^^^^
   |
   = help: for further information visit https://rust-lang.github.io/rust-clippy/master/index.html#doc_markdown
help: try
   |
43 -         /// column name which should end up containing the RowId
43 +         /// column name which should end up containing the `RowId`
   |

warning: item in documentation is missing backticks
  --> kernel/src/transforms.rs:58:25
   |
58 |     /// Used for CDF's _change_type column which requires different handling per file type.
   |                         ^^^^^^^^^^^
   |
   = help: for further information visit https://rust-lang.github.io/rust-clippy/master/index.html#doc_markdown
help: try
   |
58 -     /// Used for CDF's _change_type column which requires different handling per file type.
58 +     /// Used for CDF's _`change_type` column which requires different handling per file type.
   |

warning: usage of wildcard import for enum variants
   --> kernel/src/transforms.rs:126:13
    |
126 |         use FieldTransformSpec::*;
    |             ^^^^^^^^^^^^^^^^^^^^^ help: try: `FieldTransformSpec::{StaticInsert, StaticDrop, GenerateRowId, MetadataDerivedColumn, DynamicColumn}`
    |
    = help: for further information visit https://rust-lang.github.io/rust-clippy/master/index.html#enum_glob_use

warning: variables can be used directly in the `format!` string
   --> kernel/src/transforms.rs:186:55
    |
186 |                           return Err(Error::MissingData(format!(
    |  _______________________________________________________^
187 | |                             "missing partition value for dynamic column '{}' at index {}",
188 | |                             physical_name, field_index
189 | |                         )));
    | |_________________________^
    |
    = help: for further information visit https://rust-lang.github.io/rust-clippy/master/index.html#uninlined_format_args

warning: item in documentation is missing backticks
 --> kernel/src/arrow_compat.rs:1:74
  |
1 | //! This module re-exports the different versions of arrow, parquet, and object_store we support.
  |                                                                          ^^^^^^^^^^^^
  |
  = help: for further information visit https://rust-lang.github.io/rust-clippy/master/index.html#doc_markdown
help: try
  |
1 - //! This module re-exports the different versions of arrow, parquet, and object_store we support.
1 + //! This module re-exports the different versions of arrow, parquet, and `object_store` we support.
  |

warning: `match` on a boolean expression
  --> kernel/src/kernel_predicates/parquet_stats_skipping.rs:75:28
   |
75 |           let safe_to_skip = match inverted {
   |  ____________________________^
76 | |             true => self.get_rowcount_stat()?, // all-null
77 | |             false => Scalar::from(0i64),       // no-null
78 | |         };
   | |_________^ help: consider using an `if`/`else` expression: `if inverted { self.get_rowcount_stat()? } else { Scalar::from(0i64) }`
   |
   = help: for further information visit https://rust-lang.github.io/rust-clippy/master/index.html#match_bool

warning: usage of wildcard import for enum variants
   --> kernel/src/kernel_predicates/mod.rs:265:13
    |
265 |         use BinaryPredicateOp::*;
    |             ^^^^^^^^^^^^^^^^^^^^ help: try: `BinaryPredicateOp::{LessThan, GreaterThan, Equal, Distinct, In}`
    |
    = help: for further information visit https://rust-lang.github.io/rust-clippy/master/index.html#enum_glob_use

warning: usage of wildcard import for enum variants
   --> kernel/src/kernel_predicates/mod.rs:307:13
    |
307 |         use Pred::*;
    |             ^^^^^^^ help: try: `Pred::{BooleanExpression, Not, Unary, Binary, Junction, Opaque, Unknown}`
    |
    = help: for further information visit https://rust-lang.github.io/rust-clippy/master/index.html#enum_glob_use

warning: usage of wildcard import for enum variants
   --> kernel/src/kernel_predicates/mod.rs:426:13
    |
426 |         use Pred::*;
    |             ^^^^^^^ help: try: `Pred::{Junction, Binary, Not, BooleanExpression}`
    |
    = help: for further information visit https://rust-lang.github.io/rust-clippy/master/index.html#enum_glob_use

warning: this method could have a `#[must_use]` attribute
   --> kernel/src/kernel_predicates/mod.rs:501:12
    |
501 |     pub fn eval_pred_scalar(val: &Scalar, inverted: bool) -> Option<bool> {
    |            ^^^^^^^^^^^^^^^^
    |
    = help: for further information visit https://rust-lang.github.io/rust-clippy/master/index.html#must_use_candidate
help: add the attribute
    |
501 ~     #[must_use] 
502 ~     pub fn eval_pred_scalar(val: &Scalar, inverted: bool) -> Option<bool> {
    |

warning: this method could have a `#[must_use]` attribute
   --> kernel/src/kernel_predicates/mod.rs:509:12
    |
509 |     pub fn eval_pred_scalar_is_null(val: &Scalar, inverted: bool) -> Option<bool> {
    |            ^^^^^^^^^^^^^^^^^^^^^^^^
    |
    = help: for further information visit https://rust-lang.github.io/rust-clippy/master/index.html#must_use_candidate
help: add the attribute
    |
509 ~     #[must_use] 
510 ~     pub fn eval_pred_scalar_is_null(val: &Scalar, inverted: bool) -> Option<bool> {
    |

warning: this method could have a `#[must_use]` attribute
   --> kernel/src/kernel_predicates/mod.rs:515:12
    |
515 |     pub fn partial_cmp_scalars(
    |            ^^^^^^^^^^^^^^^^^^^
    |
    = help: for further information visit https://rust-lang.github.io/rust-clippy/master/index.html#must_use_candidate
help: add the attribute
    |
515 ~     #[must_use] 
516 ~     pub fn partial_cmp_scalars(
    |

warning: usage of wildcard import for enum variants
   --> kernel/src/kernel_predicates/mod.rs:533:13
    |
533 |         use BinaryPredicateOp::*;
    |             ^^^^^^^^^^^^^^^^^^^^ help: try: `BinaryPredicateOp::{Equal, LessThan, GreaterThan, Distinct, In}`
    |
    = help: for further information visit https://rust-lang.github.io/rust-clippy/master/index.html#enum_glob_use

warning: these match arms have identical bodies
   --> kernel/src/kernel_predicates/mod.rs:619:13
    |
619 |             Expr::Struct(_) | Expr::Transform(_) | Expr::Unary(_) => None, // TODO?
    |             ^^^^^^^^^^^^^^^^^^^^^^^^^^^^^^^^^^^^^^^^^^^^^^^^^^^^^^^^^^^^^
...
629 |             Expr::Variadic(_) => None, // TODO
    |             ^^^^^^^^^^^^^^^^^^^^^^^^^
...
636 |             Expr::Unknown(_) => None,
    |             ^^^^^^^^^^^^^^^^^^^^^^^^
    |
    = help: if this is unintentional make the arms return different values
    = help: for further information visit https://rust-lang.github.io/rust-clippy/master/index.html#match_same_arms
help: otherwise merge the patterns into a single arm
    |
619 ~             Expr::Struct(_) | Expr::Transform(_) | Expr::Unary(_) | Expr::Variadic(_) | Expr::Unknown(_) => None, // TODO?
620 |             Expr::Binary(BinaryExpression { op, left, right }) => {
...
628 |             }
629 ~             // TODO
630 |             Expr::Opaque(OpaqueExpression { op, exprs }) => op
...
635 |                 .ok(),
636 ~             }
    |

warning: unnecessary `Debug` formatting in `format!` args
  --> kernel/src/utils.rs:35:44
   |
35 |                     "Path does not exist: {path:?}"
   |                                            ^^^^
   |
   = help: use `Display` formatting and change this to `path.display()`
   = note: switching to `Display` formatting will change how the value is shown; escaped characters will no longer be escaped and surrounding quotes will be removed
   = help: for further information visit https://rust-lang.github.io/rust-clippy/master/index.html#unnecessary_debug_formatting
   = note: `-W clippy::unnecessary-debug-formatting` implied by `-W clippy::pedantic`
   = help: to override `-W clippy::pedantic` add `#[allow(clippy::unnecessary_debug_formatting)]`

warning: unnecessary `Debug` formatting in `format!` args
  --> kernel/src/utils.rs:40:23
   |
40 |                     "{path:?} is not a directory"
   |                       ^^^^
   |
   = help: use `Display` formatting and change this to `path.display()`
   = note: switching to `Display` formatting will change how the value is shown; escaped characters will no longer be escaped and surrounding quotes will be removed
   = help: for further information visit https://rust-lang.github.io/rust-clippy/master/index.html#unnecessary_debug_formatting

warning: matching over `()` is more explicit
  --> kernel/src/utils.rs:47:61
   |
47 |             Url::from_directory_path(path.clone()).map_err(|_| {
   |                                                             ^ help: use `()` instead of `_`: `()`
   |
   = help: for further information visit https://rust-lang.github.io/rust-clippy/master/index.html#ignored_unit_patterns
   = note: `-W clippy::ignored-unit-patterns` implied by `-W clippy::pedantic`
   = help: to override `-W clippy::pedantic` add `#[allow(clippy::ignored_unit_patterns)]`

warning: unnecessary `Debug` formatting in `format!` args
  --> kernel/src/utils.rs:49:74
   |
49 |                     "Could not construct a URL from canonicalized path: {path:?}.\n\
   |                                                                          ^^^^
   |
   = help: use `Display` formatting and change this to `path.display()`
   = note: switching to `Display` formatting will change how the value is shown; escaped characters will no longer be escaped and surrounding quotes will be removed
   = help: for further information visit https://rust-lang.github.io/rust-clippy/master/index.html#unnecessary_debug_formatting

warning: matching over `()` is more explicit
  --> kernel/src/utils.rs:84:31
   |
84 |                     .map_err(|_| Error::invalid_table_location(table_uri))?,
   |                               ^ help: use `()` instead of `_`: `()`
   |
   = help: for further information visit https://rust-lang.github.io/rust-clippy/master/index.html#ignored_unit_patterns

warning: variables can be used directly in the `format!` string
   --> kernel/src/utils.rs:102:37
    |
102 |         .map_err(|e| Error::generic(format!("System time before Unix epoch: {}", e)))
    |                                     ^^^^^^^^^^^^^^^^^^^^^^^^^^^^^^^^^^^^^^^^^^^^^^^
    |
    = help: for further information visit https://rust-lang.github.io/rust-clippy/master/index.html#uninlined_format_args
help: change this to
    |
102 -         .map_err(|e| Error::generic(format!("System time before Unix epoch: {}", e)))
102 +         .map_err(|e| Error::generic(format!("System time before Unix epoch: {e}")))
    |

warning: item in documentation is missing backticks
  --> kernel/src/path.rs:33:68
   |
33 |     /// Staged commits are commits with UUID filenames, stored in _delta_log/_staged_commits dir.
   |                                                                    ^^^^^^^^^
   |
   = help: for further information visit https://rust-lang.github.io/rust-clippy/master/index.html#doc_markdown
help: try
   |
33 -     /// Staged commits are commits with UUID filenames, stored in _delta_log/_staged_commits dir.
33 +     /// Staged commits are commits with UUID filenames, stored in _`delta_log`/_staged_commits dir.
   |

warning: item in documentation is missing backticks
  --> kernel/src/path.rs:33:79
   |
33 |     /// Staged commits are commits with UUID filenames, stored in _delta_log/_staged_commits dir.
   |                                                                               ^^^^^^^^^^^^^^
   |
   = help: for further information visit https://rust-lang.github.io/rust-clippy/master/index.html#doc_markdown
help: try
   |
33 -     /// Staged commits are commits with UUID filenames, stored in _delta_log/_staged_commits dir.
33 +     /// Staged commits are commits with UUID filenames, stored in _delta_log/_`staged_commits` dir.
   |

warning: item in documentation is missing backticks
  --> kernel/src/path.rs:54:7
   |
54 | /// A ParsedLogPath is a well-understood path to a file in the _delta_log directory.
   |       ^^^^^^^^^^^^^
   |
   = help: for further information visit https://rust-lang.github.io/rust-clippy/master/index.html#doc_markdown
help: try
   |
54 - /// A ParsedLogPath is a well-understood path to a file in the _delta_log directory.
54 + /// A `ParsedLogPath` is a well-understood path to a file in the _delta_log directory.
   |

warning: item in documentation is missing backticks
  --> kernel/src/path.rs:54:65
   |
54 | /// A ParsedLogPath is a well-understood path to a file in the _delta_log directory.
   |                                                                 ^^^^^^^^^
   |
   = help: for further information visit https://rust-lang.github.io/rust-clippy/master/index.html#doc_markdown
help: try
   |
54 - /// A ParsedLogPath is a well-understood path to a file in the _delta_log directory.
54 + /// A ParsedLogPath is a well-understood path to a file in the _`delta_log` directory.
   |

warning: item in documentation is missing backticks
  --> kernel/src/path.rs:59:76
   |
59 | /// Every parsed log path has a version. And additionally, we implement a 'should_list' method
   |                                                                            ^^^^^^^^^^^
   |
   = help: for further information visit https://rust-lang.github.io/rust-clippy/master/index.html#doc_markdown
help: try
   |
59 - /// Every parsed log path has a version. And additionally, we implement a 'should_list' method
59 + /// Every parsed log path has a version. And additionally, we implement a '`should_list`' method
   |

warning: item in documentation is missing backticks
  --> kernel/src/path.rs:61:10
   |
61 | /// the _delta_log we may see _staged_commits/00000000000000000000.{uuid}.json, but we MUST NOT
   |          ^^^^^^^^^
   |
   = help: for further information visit https://rust-lang.github.io/rust-clippy/master/index.html#doc_markdown
help: try
   |
61 - /// the _delta_log we may see _staged_commits/00000000000000000000.{uuid}.json, but we MUST NOT
61 + /// the _`delta_log` we may see _staged_commits/00000000000000000000.{uuid}.json, but we MUST NOT
   |

warning: item in documentation is missing backticks
  --> kernel/src/path.rs:61:32
   |
61 | /// the _delta_log we may see _staged_commits/00000000000000000000.{uuid}.json, but we MUST NOT
   |                                ^^^^^^^^^^^^^^^^^^^^^^^^^^^^^^^^^^^^^^^^^^^^^^^
   |
   = help: for further information visit https://rust-lang.github.io/rust-clippy/master/index.html#doc_markdown
help: try
   |
61 - /// the _delta_log we may see _staged_commits/00000000000000000000.{uuid}.json, but we MUST NOT
61 + /// the _delta_log we may see _`staged_commits/00000000000000000000.{uuid}.json`, but we MUST NOT
   |

warning: these match arms have identical bodies
   --> kernel/src/path.rs:137:13
    |
137 |             Some(_) => return Ok(None), // has a version but it's not 20 chars
    |             ^^^^^^^^^^^^^^^^^^^^^^^^^^
138 |             None => return Ok(None),
    |             ^^^^^^^^^^^^^^^^^^^^^^^
    |
    = help: if this is unintentional make the arms return different values
    = help: for further information visit https://rust-lang.github.io/rust-clippy/master/index.html#match_same_arms
help: otherwise merge the patterns into a single arm
    |
137 ~             Some(_) | None => return Ok(None), // has a version but it's not 20 chars
138 ~             };
    |

warning: calling `to_string` on `&&str`
   --> kernel/src/path.rs:144:32
    |
144 |             Some(extension) => extension.to_string(),
    |                                ^^^^^^^^^^^^^^^^^^^^^ help: try dereferencing the receiver: `(*extension).to_string()`
    |
    = help: `&str` implements `ToString` through a slower blanket impl, but `str` has a fast specialization of `ToString`
    = help: for further information visit https://rust-lang.github.io/rust-clippy/master/index.html#inefficient_to_string
    = note: `-W clippy::inefficient-to-string` implied by `-W clippy::pedantic`
    = help: to override `-W clippy::pedantic` add `#[allow(clippy::inefficient_to_string)]`

warning: item in documentation is missing backticks
   --> kernel/src/path.rs:262:50
    |
262 |     /// Extract the In-Commit Timestamp from the CommitInfo action in this commit log file.
    |                                                  ^^^^^^^^^^
    |
    = help: for further information visit https://rust-lang.github.io/rust-clippy/master/index.html#doc_markdown
help: try
    |
262 -     /// Extract the In-Commit Timestamp from the CommitInfo action in this commit log file.
262 +     /// Extract the In-Commit Timestamp from the `CommitInfo` action in this commit log file.
    |

warning: this argument is passed by value, but not consumed in the function body
   --> kernel/src/path.rs:304:48
    |
304 |     fn create_path(table_root: &Url, filename: String) -> DeltaResult<Self> {
    |                                                ^^^^^^ help: consider changing the type to: `&str`
    |
    = help: for further information visit https://rust-lang.github.io/rust-clippy/master/index.html#needless_pass_by_value

warning: item in documentation is missing backticks
   --> kernel/src/path.rs:314:22
    |
314 |     /// Create a new ParsedCommitPath<Url> for a new json commit file
    |                      ^^^^^^^^^^^^^^^^
    |
    = help: for further information visit https://rust-lang.github.io/rust-clippy/master/index.html#doc_markdown
help: try
    |
314 -     /// Create a new ParsedCommitPath<Url> for a new json commit file
314 +     /// Create a new `ParsedCommitPath`<Url> for a new json commit file
    |

warning: item in documentation is missing backticks
   --> kernel/src/path.rs:326:22
    |
326 |     /// Create a new ParsedCheckpointPath<Url> for a classic parquet checkpoint file
    |                      ^^^^^^^^^^^^^^^^^^^^
    |
    = help: for further information visit https://rust-lang.github.io/rust-clippy/master/index.html#doc_markdown
help: try
    |
326 -     /// Create a new ParsedCheckpointPath<Url> for a classic parquet checkpoint file
326 +     /// Create a new `ParsedCheckpointPath`<Url> for a classic parquet checkpoint file
    |

warning: item in documentation is missing backticks
   --> kernel/src/path.rs:342:22
    |
342 |     /// Create a new ParsedCheckpointPath<Url> for a UUID-based parquet checkpoint file
    |                      ^^^^^^^^^^^^^^^^^^^^
    |
    = help: for further information visit https://rust-lang.github.io/rust-clippy/master/index.html#doc_markdown
help: try
    |
342 -     /// Create a new ParsedCheckpointPath<Url> for a UUID-based parquet checkpoint file
342 +     /// Create a new `ParsedCheckpointPath`<Url> for a UUID-based parquet checkpoint file
    |

warning: item in documentation is missing backticks
   --> kernel/src/path.rs:360:22
    |
360 |     /// Create a new ParsedCommitPath<Url> for a new CRC file
    |                      ^^^^^^^^^^^^^^^^
    |
    = help: for further information visit https://rust-lang.github.io/rust-clippy/master/index.html#doc_markdown
help: try
    |
360 -     /// Create a new ParsedCommitPath<Url> for a new CRC file
360 +     /// Create a new `ParsedCommitPath`<Url> for a new CRC file
    |

warning: item in documentation is missing backticks
   --> kernel/src/path.rs:372:22
    |
372 |     /// Create a new ParsedLogPath<Url> for a log compaction file
    |                      ^^^^^^^^^^^^^
    |
    = help: for further information visit https://rust-lang.github.io/rust-clippy/master/index.html#doc_markdown
help: try
    |
372 -     /// Create a new ParsedLogPath<Url> for a log compaction file
372 +     /// Create a new `ParsedLogPath`<Url> for a log compaction file
    |

warning: item in documentation is missing backticks
   --> kernel/src/path.rs:398:22
    |
398 |     /// Create a new LogRoot from the table root URL (e.g. s3://bucket/table ->
    |                      ^^^^^^^
    |
    = help: for further information visit https://rust-lang.github.io/rust-clippy/master/index.html#doc_markdown
help: try
    |
398 -     /// Create a new LogRoot from the table root URL (e.g. s3://bucket/table ->
398 +     /// Create a new `LogRoot` from the table root URL (e.g. s3://bucket/table ->
    |

warning: you should put bare URLs between `<`/`>` or make a proper Markdown link
   --> kernel/src/path.rs:398:60
    |
398 |     /// Create a new LogRoot from the table root URL (e.g. s3://bucket/table ->
    |                                                            ^^^^^^^^^^^^^^^^^ help: try: `<s3://bucket/table>`
    |
    = help: for further information visit https://rust-lang.github.io/rust-clippy/master/index.html#doc_markdown

warning: you should put bare URLs between `<`/`>` or make a proper Markdown link
   --> kernel/src/path.rs:399:9
    |
399 |     /// s3://bucket/table/_delta_log/)
    |         ^^^^^^^^^^^^^^^^^ help: try: `<s3://bucket/table>`
    |
    = help: for further information visit https://rust-lang.github.io/rust-clippy/master/index.html#doc_markdown

warning: item in documentation is missing backticks
   --> kernel/src/path.rs:399:28
    |
399 |     /// s3://bucket/table/_delta_log/)
    |                            ^^^^^^^^^
    |
    = help: for further information visit https://rust-lang.github.io/rust-clippy/master/index.html#doc_markdown
help: try
    |
399 -     /// s3://bucket/table/_delta_log/)
399 +     /// s3://bucket/table/_`delta_log`/)
    |

warning: item in documentation is missing backticks
  --> kernel/src/log_replay.rs:50:75
   |
50 | /// TODO: Modify deduplication to track only file paths instead of (path, dv_unique_id).
   |                                                                           ^^^^^^^^^^^^
   |
   = help: for further information visit https://rust-lang.github.io/rust-clippy/master/index.html#doc_markdown
help: try
   |
50 - /// TODO: Modify deduplication to track only file paths instead of (path, dv_unique_id).
50 + /// TODO: Modify deduplication to track only file paths instead of (path, `dv_unique_id`).
   |

warning: you should put bare URLs between `<`/`>` or make a proper Markdown link
  --> kernel/src/log_replay.rs:51:21
   |
51 | /// More info here: https://github.com/delta-io/delta-kernel-rs/issues/701
   |                     ^^^^^^^^^^^^^^^^^^^^^^^^^^^^^^^^^^^^^^^^^^^^^^^^^^^^^^ help: try: `<https://github.com/delta-io/delta-kernel-rs/issues/701>`
   |
   = help: for further information visit https://rust-lang.github.io/rust-clippy/master/index.html#doc_markdown

warning: item in documentation is missing backticks
  --> kernel/src/log_replay.rs:53:35
   |
53 |     /// A set of (data file path, dv_unique_id) pairs that have been seen thus
   |                                   ^^^^^^^^^^^^
   |
   = help: for further information visit https://rust-lang.github.io/rust-clippy/master/index.html#doc_markdown
help: try
   |
53 -     /// A set of (data file path, dv_unique_id) pairs that have been seen thus
53 +     /// A set of (data file path, `dv_unique_id`) pairs that have been seen thus
   |

warning: unused `self` argument
   --> kernel/src/log_replay.rs:128:9
    |
128 |         &self,
    |         ^^^^^
    |
    = help: consider refactoring to an associated function
    = help: for further information visit https://rust-lang.github.io/rust-clippy/master/index.html#unused_self
    = note: `-W clippy::unused-self` implied by `-W clippy::pedantic`
    = help: to override `-W clippy::pedantic` add `#[allow(clippy::unused_self)]`

warning: item in documentation is missing backticks
   --> kernel/src/log_replay.rs:260:54
    |
260 | /// It takes as input an iterator of (actions batch, is_commit_batch flag) tuples and returns an iterator of
    |                                                      ^^^^^^^^^^^^^^^
    |
    = help: for further information visit https://rust-lang.github.io/rust-clippy/master/index.html#doc_markdown
help: try
    |
260 - /// It takes as input an iterator of (actions batch, is_commit_batch flag) tuples and returns an iterator of
260 + /// It takes as input an iterator of (actions batch, `is_commit_batch` flag) tuples and returns an iterator of
    |

warning: item in documentation is missing backticks
   --> kernel/src/log_replay.rs:261:65
    |
261 | /// processor-specific output types with selection vectors. The is_commit_batch bool flag in each tuple
    |                                                                 ^^^^^^^^^^^^^^^
    |
    = help: for further information visit https://rust-lang.github.io/rust-clippy/master/index.html#doc_markdown
help: try
    |
261 - /// processor-specific output types with selection vectors. The is_commit_batch bool flag in each tuple
261 + /// processor-specific output types with selection vectors. The `is_commit_batch` bool flag in each tuple
    |

warning: redundant closure
   --> kernel/src/log_replay.rs:323:33
    |
323 |                     .is_none_or(|result| result.has_selected_rows())
    |                                 ^^^^^^^^^^^^^^^^^^^^^^^^^^^^^^^^^^^ help: replace the closure with the method itself: `super::HasSelectionVector::has_selected_rows`
    |
    = help: for further information visit https://rust-lang.github.io/rust-clippy/master/index.html#redundant_closure_for_method_calls

warning: item in documentation is missing backticks
  --> kernel/src/log_segment.rs:40:16
   |
40 | ///     3. All checkpoint_parts must belong to the same checkpoint version, and must form a complete
   |                ^^^^^^^^^^^^^^^^
   |
   = help: for further information visit https://rust-lang.github.io/rust-clippy/master/index.html#doc_markdown
help: try
   |
40 - ///     3. All checkpoint_parts must belong to the same checkpoint version, and must form a complete
40 + ///     3. All `checkpoint_parts` must belong to the same checkpoint version, and must form a complete
   |

warning: consider adding a `;` to the last statement for consistent formatting
   --> kernel/src/log_segment.rs:102:13
    |
102 | /             require!(
103 | |                 checkpoint_version + 1 == commit_file.version,
104 | |                 Error::InvalidCheckpoint(format!(
105 | |                     "Gap between checkpoint version {} and next commit {}",
106 | |                     checkpoint_version, commit_file.version,
107 | |                 ))
108 | |             )
    | |_____________^
    |
    = help: for further information visit https://rust-lang.github.io/rust-clippy/master/index.html#semicolon_if_nothing_returned
help: add a `;` here
    |
108 |             require!(
...
113 |                 ))
114 ~             );
    |

warning: item in documentation is missing backticks
   --> kernel/src/log_segment.rs:139:13
    |
139 |     /// Its LogSegment is made of zero or one checkpoint, and all commits between the checkpoint up
    |             ^^^^^^^^^^
    |
    = help: for further information visit https://rust-lang.github.io/rust-clippy/master/index.html#doc_markdown
help: try
    |
139 -     /// Its LogSegment is made of zero or one checkpoint, and all commits between the checkpoint up
139 +     /// Its `LogSegment` is made of zero or one checkpoint, and all commits between the checkpoint up
    |

warning: item in documentation is missing backticks
   --> kernel/src/log_segment.rs:143:40
    |
143 |     /// The options for constructing a LogSegment for Snapshot are as follows:
    |                                        ^^^^^^^^^^
    |
    = help: for further information visit https://rust-lang.github.io/rust-clippy/master/index.html#doc_markdown
help: try
    |
143 -     /// The options for constructing a LogSegment for Snapshot are as follows:
143 +     /// The options for constructing a `LogSegment` for Snapshot are as follows:
    |

warning: item in documentation is missing backticks
   --> kernel/src/log_segment.rs:193:74
    |
193 |     /// Constructs a [`LogSegment`] to be used for `TableChanges`. For a TableChanges between versions
    |                                                                          ^^^^^^^^^^^^
    |
    = help: for further information visit https://rust-lang.github.io/rust-clippy/master/index.html#doc_markdown
help: try
    |
193 -     /// Constructs a [`LogSegment`] to be used for `TableChanges`. For a TableChanges between versions
193 +     /// Constructs a [`LogSegment`] to be used for `TableChanges`. For a `TableChanges` between versions
    |

warning: item in documentation is missing backticks
   --> kernel/src/log_segment.rs:194:48
    |
194 |     /// `start_version` and `end_version`: Its LogSegment is made of zero checkpoints and all commits
    |                                                ^^^^^^^^^^
    |
    = help: for further information visit https://rust-lang.github.io/rust-clippy/master/index.html#doc_markdown
help: try
    |
194 -     /// `start_version` and `end_version`: Its LogSegment is made of zero checkpoints and all commits
194 +     /// `start_version` and `end_version`: Its `LogSegment` is made of zero checkpoints and all commits
    |

warning: item in documentation is missing backticks
   --> kernel/src/log_segment.rs:280:42
    |
280 |     /// [`ActionsBatch`]s which includes EngineData of actions + a boolean flag indicating whether
    |                                          ^^^^^^^^^^
    |
    = help: for further information visit https://rust-lang.github.io/rust-clippy/master/index.html#doc_markdown
help: try
    |
280 -     /// [`ActionsBatch`]s which includes EngineData of actions + a boolean flag indicating whether
280 +     /// [`ActionsBatch`]s which includes `EngineData` of actions + a boolean flag indicating whether
    |

warning: this argument is passed by value, but not consumed in the function body
   --> kernel/src/log_segment.rs:495:26
    |
495 |         parquet_handler: Arc<dyn ParquetHandler>,
    |                          ^^^^^^^^^^^^^^^^^^^^^^^
    |
    = help: for further information visit https://rust-lang.github.io/rust-clippy/master/index.html#needless_pass_by_value
help: consider taking a reference instead
    |
495 |         parquet_handler: &Arc<dyn ParquetHandler>,
    |                          +

warning: this argument is passed by value, but not consumed in the function body
   --> kernel/src/log_segment.rs:496:19
    |
496 |         log_root: Url,
    |                   ^^^
    |
    = help: for further information visit https://rust-lang.github.io/rust-clippy/master/index.html#needless_pass_by_value
help: consider taking a reference instead
    |
496 |         log_root: &Url,
    |                   +

warning: adding items after statements is confusing, since items exist from the start of the scope
   --> kernel/src/log_segment.rs:565:9
    |
565 | /         static META_PREDICATE: LazyLock<Option<PredicateRef>> = LazyLock::new(|| {
566 | |             Some(Arc::new(Predicate::or(
567 | |                 Expression::column([METADATA_NAME, "id"]).is_not_null(),
568 | |                 Expression::column([PROTOCOL_NAME, "minReaderVersion"]).is_not_null(),
569 | |             )))
570 | |         });
    | |___________^
    |
    = help: for further information visit https://rust-lang.github.io/rust-clippy/master/index.html#items_after_statements

warning: item in documentation is missing backticks
 --> kernel/src/last_checkpoint_hint.rs:2:5
  |
2 | //! log_segment module since it should only really be used there? as hint for listing?
  |     ^^^^^^^^^^^
  |
  = help: for further information visit https://rust-lang.github.io/rust-clippy/master/index.html#doc_markdown
help: try
  |
2 - //! log_segment module since it should only really be used there? as hint for listing?
2 + //! `log_segment` module since it should only really be used there? as hint for listing?
  |

warning: item in documentation is missing backticks
  --> kernel/src/last_checkpoint_hint.rs:14:18
   |
14 | /// Name of the _last_checkpoint file that provides metadata about the last checkpoint
   |                  ^^^^^^^^^^^^^^^
   |
   = help: for further information visit https://rust-lang.github.io/rust-clippy/master/index.html#doc_markdown
help: try
   |
14 - /// Name of the _last_checkpoint file that provides metadata about the last checkpoint
14 + /// Name of the _`last_checkpoint` file that provides metadata about the last checkpoint
   |

warning: item in documentation is missing backticks
  --> kernel/src/last_checkpoint_hint.rs:33:23
   |
33 |     /// The number of AddFile actions in the checkpoint.
   |                       ^^^^^^^
   |
   = help: for further information visit https://rust-lang.github.io/rust-clippy/master/index.html#doc_markdown
help: try
   |
33 -     /// The number of AddFile actions in the checkpoint.
33 +     /// The number of `AddFile` actions in the checkpoint.
   |

warning: usage of wildcard import
  --> kernel/src/listed_log_files.rs:24:5
   |
24 | use tracing::log::*;
   |     ^^^^^^^^^^^^^^^ help: try: `tracing::log::{debug, info}`
   |
   = help: for further information visit https://rust-lang.github.io/rust-clippy/master/index.html#wildcard_imports

warning: item in documentation is missing backticks
  --> kernel/src/listed_log_files.rs:57:14
   |
57 | /// provided log_tail covers the entire requested range.
   |              ^^^^^^^^
   |
   = help: for further information visit https://rust-lang.github.io/rust-clippy/master/index.html#doc_markdown
help: try
   |
57 - /// provided log_tail covers the entire requested range.
57 + /// provided `log_tail` covers the entire requested range.
   |

warning: item in documentation is missing backticks
  --> kernel/src/listed_log_files.rs:62:16
   |
62 | /// 2. add the log_tail from the catalog
   |                ^^^^^^^^
   |
   = help: for further information visit https://rust-lang.github.io/rust-clippy/master/index.html#doc_markdown
help: try
   |
62 - /// 2. add the log_tail from the catalog
62 + /// 2. add the `log_tail` from the catalog
   |

warning: redundant closure
  --> kernel/src/listed_log_files.rs:73:29
   |
73 |         log_tail.iter().all(|entry| entry.is_commit()),
   |                             ^^^^^^^^^^^^^^^^^^^^^^^^^ help: replace the closure with the method itself: `super::path::ParsedLogPath::is_commit`
   |
   = help: for further information visit https://rust-lang.github.io/rust-clippy/master/index.html#redundant_closure_for_method_calls

warning: redundant closure
   --> kernel/src/listed_log_files.rs:101:55
    |
101 |             .filter_map_ok(|path_opt| path_opt.filter(|p| p.should_list()))
    |                                                       ^^^^^^^^^^^^^^^^^^^ help: replace the closure with the method itself: `super::path::ParsedLogPath::should_list`
    |
    = help: for further information visit https://rust-lang.github.io/rust-clippy/master/index.html#redundant_closure_for_method_calls

warning: usage of wildcard import for enum variants
   --> kernel/src/listed_log_files.rs:129:13
    |
129 |         use LogPathFileType::*;
    |             ^^^^^^^^^^^^^^^^^^ help: try: `LogPathFileType::{SinglePartCheckpoint, UuidCheckpoint, MultiPartCheckpoint, Commit, StagedCommit, CompactedCommit, Crc, Unknown}`
    |
    = help: for further information visit https://rust-lang.github.io/rust-clippy/master/index.html#enum_glob_use

warning: redundant closure
   --> kernel/src/listed_log_files.rs:199:49
    |
199 |             assert!(checkpoint_parts.iter().all(|part| part.is_checkpoint()));
    |                                                 ^^^^^^^^^^^^^^^^^^^^^^^^^^^ help: replace the closure with the method itself: `super::path::ParsedLogPath::is_checkpoint`
    |
    = help: for further information visit https://rust-lang.github.io/rust-clippy/master/index.html#redundant_closure_for_method_calls

warning: redundant closure
   --> kernel/src/listed_log_files.rs:236:28
    |
236 |                 .filter_ok(|log_file| log_file.is_commit())
    |                            ^^^^^^^^^^^^^^^^^^^^^^^^^^^^^^^ help: replace the closure with the method itself: `super::path::ParsedLogPath::is_commit`
    |
    = help: for further information visit https://rust-lang.github.io/rust-clippy/master/index.html#redundant_closure_for_method_calls

warning: adding items after statements is confusing, since items exist from the start of the scope
   --> kernel/src/listed_log_files.rs:268:9
    |
268 | /         struct LogListingGroupBuilder {
269 | |             ascending_commit_files: Vec<ParsedLogPath>,
270 | |             ascending_compaction_files: Vec<ParsedLogPath>,
271 | |             checkpoint_parts: Vec<ParsedLogPath>,
...   |
275 | |             end_version: Option<Version>,
276 | |         }
    | |_________^
    |
    = help: for further information visit https://rust-lang.github.io/rust-clippy/master/index.html#items_after_statements

warning: usage of wildcard import for enum variants
   --> kernel/src/listed_log_files.rs:280:21
    |
280 |                 use LogPathFileType::*;
    |                     ^^^^^^^^^^^^^^^^^^ help: try: `LogPathFileType::{Commit, StagedCommit, CompactedCommit, SinglePartCheckpoint, UuidCheckpoint, MultiPartCheckpoint, Crc, Unknown}`
    |
    = help: for further information visit https://rust-lang.github.io/rust-clippy/master/index.html#enum_glob_use

warning: consider adding a `;` to the last statement for consistent formatting
   --> kernel/src/listed_log_files.rs:288:25
    |
288 |                         self.new_checkpoint_parts.push(file)
    |                         ^^^^^^^^^^^^^^^^^^^^^^^^^^^^^^^^^^^^ help: add a `;` here: `self.new_checkpoint_parts.push(file);`
    |
    = help: for further information visit https://rust-lang.github.io/rust-clippy/master/index.html#semicolon_if_nothing_returned

warning: item in documentation is missing backticks
  --> kernel/src/history_manager/search.rs:50:7
   |
50 | /// * key_fn - A fallible function that extracts a comparable key from slice elements
   |       ^^^^^^
   |
   = help: for further information visit https://rust-lang.github.io/rust-clippy/master/index.html#doc_markdown
help: try
   |
50 - /// * key_fn - A fallible function that extracts a comparable key from slice elements
50 + /// * `key_fn` - A fallible function that extracts a comparable key from slice elements
   |

warning: this argument is passed by value, but not consumed in the function body
   --> kernel/src/history_manager/search.rs:135:10
    |
135 |     key: K,
    |          ^
    |
    = help: for further information visit https://rust-lang.github.io/rust-clippy/master/index.html#needless_pass_by_value
help: consider taking a reference instead
    |
135 |     key: &K,
    |          +

warning: these match arms have identical bodies
   --> kernel/src/history_manager/search.rs:147:13
    |
147 |             (Ordering::Less, _) => hi = mid,
    |             ^^^^^^^^^^^^^^^^^^^^^^^^^^^^^^^
148 |             (Ordering::Equal, Bound::LeastUpper) => hi = mid,
    |             ^^^^^^^^^^^^^^^^^^^^^^^^^^^^^^^^^^^^^^^^^^^^^^^^
    |
    = help: if this is unintentional make the arms return different values
    = help: for further information visit https://rust-lang.github.io/rust-clippy/master/index.html#match_same_arms
help: otherwise merge the patterns into a single arm
    |
147 -             (Ordering::Less, _) => hi = mid,
148 -             (Ordering::Equal, Bound::LeastUpper) => hi = mid,
147 +             (Ordering::Less, _) | (Ordering::Equal, Bound::LeastUpper) => hi = mid,
    |

warning: these match arms have identical bodies
   --> kernel/src/history_manager/search.rs:149:13
    |
149 |             (Ordering::Equal, Bound::GreatestLower) => lo = mid + 1,
    |             ^^^^^^^^^^^^^^^^^^^^^^^^^^^^^^^^^^^^^^^^^^^^^^^^^^^^^^^
150 |             (Ordering::Greater, _) => lo = mid + 1,
    |             ^^^^^^^^^^^^^^^^^^^^^^^^^^^^^^^^^^^^^^
    |
    = help: if this is unintentional make the arms return different values
    = help: for further information visit https://rust-lang.github.io/rust-clippy/master/index.html#match_same_arms
help: otherwise merge the patterns into a single arm
    |
149 ~             (Ordering::Equal, Bound::GreatestLower) | (Ordering::Greater, _) => lo = mid + 1,
150 ~             }
    |

warning: docs for function returning `Result` missing `# Errors` section
  --> kernel/src/engine/arrow_conversion.rs:25:5
   |
25 |     fn try_into_arrow(self) -> Result<ArrowType, ArrowError>;
   |     ^^^^^^^^^^^^^^^^^^^^^^^^^^^^^^^^^^^^^^^^^^^^^^^^^^^^^^^^^
   |
   = help: for further information visit https://rust-lang.github.io/rust-clippy/master/index.html#missing_errors_doc

warning: docs for function returning `Result` missing `# Errors` section
  --> kernel/src/engine/arrow_conversion.rs:31:5
   |
31 |     fn try_from_arrow(t: ArrowType) -> Result<Self, ArrowError>;
   |     ^^^^^^^^^^^^^^^^^^^^^^^^^^^^^^^^^^^^^^^^^^^^^^^^^^^^^^^^^^^^
   |
   = help: for further information visit https://rust-lang.github.io/rust-clippy/master/index.html#missing_errors_doc

warning: docs for function returning `Result` missing `# Errors` section
  --> kernel/src/engine/arrow_conversion.rs:37:5
   |
37 |     fn try_into_kernel(self) -> Result<KernelType, ArrowError>;
   |     ^^^^^^^^^^^^^^^^^^^^^^^^^^^^^^^^^^^^^^^^^^^^^^^^^^^^^^^^^^^
   |
   = help: for further information visit https://rust-lang.github.io/rust-clippy/master/index.html#missing_errors_doc

warning: docs for function returning `Result` missing `# Errors` section
  --> kernel/src/engine/arrow_conversion.rs:43:5
   |
43 |     fn try_from_kernel(t: KernelType) -> Result<Self, ArrowError>;
   |     ^^^^^^^^^^^^^^^^^^^^^^^^^^^^^^^^^^^^^^^^^^^^^^^^^^^^^^^^^^^^^^
   |
   = help: for further information visit https://rust-lang.github.io/rust-clippy/master/index.html#missing_errors_doc

warning: redundant closure
  --> kernel/src/engine/arrow_conversion.rs:66:54
   |
66 |         let fields: Vec<ArrowField> = s.fields().map(|f| f.try_into_arrow()).try_collect()?;
   |                                                      ^^^^^^^^^^^^^^^^^^^^^^ help: replace the closure with the method itself: `TryIntoArrow::try_into_arrow`
   |
   = help: for further information visit https://rust-lang.github.io/rust-clippy/master/index.html#redundant_closure_for_method_calls

warning: casting `u8` to `i8` may wrap around the value
   --> kernel/src/engine/arrow_conversion.rs:136:25
    |
136 |                         dtype.scale() as i8, // 0..=38
    |                         ^^^^^^^^^^^^^^^^^^^
    |
    = help: for further information visit https://rust-lang.github.io/rust-clippy/master/index.html#cast_possible_wrap

warning: these match arms have identical bodies
   --> kernel/src/engine/arrow_conversion.rs:214:13
    |
214 |             ArrowDataType::Utf8 => Ok(DataType::STRING),
    |             ^^^^^^^^^^^^^^^^^^^^^^^^^^^^^^^^^^^^^^^^^^^
215 |             ArrowDataType::LargeUtf8 => Ok(DataType::STRING),
    |             ^^^^^^^^^^^^^^^^^^^^^^^^^^^^^^^^^^^^^^^^^^^^^^^^
216 |             ArrowDataType::Utf8View => Ok(DataType::STRING),
    |             ^^^^^^^^^^^^^^^^^^^^^^^^^^^^^^^^^^^^^^^^^^^^^^^
    |
    = help: if this is unintentional make the arms return different values
    = help: for further information visit https://rust-lang.github.io/rust-clippy/master/index.html#match_same_arms
help: otherwise merge the patterns into a single arm
    |
214 -             ArrowDataType::Utf8 => Ok(DataType::STRING),
215 -             ArrowDataType::LargeUtf8 => Ok(DataType::STRING),
214 +             ArrowDataType::Utf8 | ArrowDataType::LargeUtf8 | ArrowDataType::Utf8View => Ok(DataType::STRING),
    |

warning: these match arms have identical bodies
   --> kernel/src/engine/arrow_conversion.rs:217:13
    |
217 |             ArrowDataType::Int64 => Ok(DataType::LONG), // undocumented type
    |             ^^^^^^^^^^^^^^^^^^^^^^^^^^^^^^^^^^^^^^^^^^
...
221 |             ArrowDataType::UInt64 => Ok(DataType::LONG), // undocumented type
    |             ^^^^^^^^^^^^^^^^^^^^^^^^^^^^^^^^^^^^^^^^^^^
    |
    = help: if this is unintentional make the arms return different values
    = help: for further information visit https://rust-lang.github.io/rust-clippy/master/index.html#match_same_arms
help: otherwise merge the patterns into a single arm
    |
217 ~             ArrowDataType::Int64 | ArrowDataType::UInt64 => Ok(DataType::LONG), // undocumented type
218 |             ArrowDataType::Int32 => Ok(DataType::INTEGER),
219 |             ArrowDataType::Int16 => Ok(DataType::SHORT),
220 |             ArrowDataType::Int8 => Ok(DataType::BYTE),
221 ~             // undocumented type
    |

warning: these match arms have identical bodies
   --> kernel/src/engine/arrow_conversion.rs:218:13
    |
218 |             ArrowDataType::Int32 => Ok(DataType::INTEGER),
    |             ^^^^^^^^^^^^^^^^^^^^^^^^^^^^^^^^^^^^^^^^^^^^^
...
222 |             ArrowDataType::UInt32 => Ok(DataType::INTEGER),
    |             ^^^^^^^^^^^^^^^^^^^^^^^^^^^^^^^^^^^^^^^^^^^^^^
    |
    = help: if this is unintentional make the arms return different values
    = help: for further information visit https://rust-lang.github.io/rust-clippy/master/index.html#match_same_arms
help: otherwise merge the patterns into a single arm
    |
218 ~             ArrowDataType::Int32 | ArrowDataType::UInt32 => Ok(DataType::INTEGER),
219 |             ArrowDataType::Int16 => Ok(DataType::SHORT),
220 |             ArrowDataType::Int8 => Ok(DataType::BYTE),
221 |             ArrowDataType::UInt64 => Ok(DataType::LONG), // undocumented type
222 ~             ArrowDataType::UInt16 => Ok(DataType::SHORT),
    |

warning: these match arms have identical bodies
   --> kernel/src/engine/arrow_conversion.rs:219:13
    |
219 |             ArrowDataType::Int16 => Ok(DataType::SHORT),
    |             ^^^^^^^^^^^^^^^^^^^^^^^^^^^^^^^^^^^^^^^^^^^
...
223 |             ArrowDataType::UInt16 => Ok(DataType::SHORT),
    |             ^^^^^^^^^^^^^^^^^^^^^^^^^^^^^^^^^^^^^^^^^^^^
    |
    = help: if this is unintentional make the arms return different values
    = help: for further information visit https://rust-lang.github.io/rust-clippy/master/index.html#match_same_arms
help: otherwise merge the patterns into a single arm
    |
219 ~             ArrowDataType::Int16 | ArrowDataType::UInt16 => Ok(DataType::SHORT),
220 |             ArrowDataType::Int8 => Ok(DataType::BYTE),
221 |             ArrowDataType::UInt64 => Ok(DataType::LONG), // undocumented type
222 |             ArrowDataType::UInt32 => Ok(DataType::INTEGER),
223 ~             ArrowDataType::UInt8 => Ok(DataType::BYTE),
    |

warning: these match arms have identical bodies
   --> kernel/src/engine/arrow_conversion.rs:220:13
    |
220 |             ArrowDataType::Int8 => Ok(DataType::BYTE),
    |             ^^^^^^^^^^^^^^^^^^^^^^^^^^^^^^^^^^^^^^^^^
...
224 |             ArrowDataType::UInt8 => Ok(DataType::BYTE),
    |             ^^^^^^^^^^^^^^^^^^^^^^^^^^^^^^^^^^^^^^^^^^
    |
    = help: if this is unintentional make the arms return different values
    = help: for further information visit https://rust-lang.github.io/rust-clippy/master/index.html#match_same_arms
help: otherwise merge the patterns into a single arm
    |
220 ~             ArrowDataType::Int8 | ArrowDataType::UInt8 => Ok(DataType::BYTE),
221 |             ArrowDataType::UInt64 => Ok(DataType::LONG), // undocumented type
222 |             ArrowDataType::UInt32 => Ok(DataType::INTEGER),
223 |             ArrowDataType::UInt16 => Ok(DataType::SHORT),
224 ~             ArrowDataType::Float32 => Ok(DataType::FLOAT),
    |

warning: these match arms have identical bodies
   --> kernel/src/engine/arrow_conversion.rs:228:13
    |
228 |             ArrowDataType::Binary => Ok(DataType::BINARY),
    |             ^^^^^^^^^^^^^^^^^^^^^^^^^^^^^^^^^^^^^^^^^^^^^
229 |             ArrowDataType::FixedSizeBinary(_) => Ok(DataType::BINARY),
    |             ^^^^^^^^^^^^^^^^^^^^^^^^^^^^^^^^^^^^^^^^^^^^^^^^^^^^^^^^^
230 |             ArrowDataType::LargeBinary => Ok(DataType::BINARY),
    |             ^^^^^^^^^^^^^^^^^^^^^^^^^^^^^^^^^^^^^^^^^^^^^^^^^^
231 |             ArrowDataType::BinaryView => Ok(DataType::BINARY),
    |             ^^^^^^^^^^^^^^^^^^^^^^^^^^^^^^^^^^^^^^^^^^^^^^^^^
    |
    = help: if this is unintentional make the arms return different values
    = help: for further information visit https://rust-lang.github.io/rust-clippy/master/index.html#match_same_arms
help: otherwise merge the patterns into a single arm
    |
228 ~             ArrowDataType::Binary | ArrowDataType::FixedSizeBinary(_) | ArrowDataType::LargeBinary | ArrowDataType::BinaryView => Ok(DataType::BINARY),
229 ~             ArrowDataType::Decimal128(p, s) => {
    |

warning: these match arms have identical bodies
   --> kernel/src/engine/arrow_conversion.rs:241:13
    |
241 |             ArrowDataType::Date32 => Ok(DataType::DATE),
    |             ^^^^^^^^^^^^^^^^^^^^^^^^^^^^^^^^^^^^^^^^^^^
242 |             ArrowDataType::Date64 => Ok(DataType::DATE),
    |             ^^^^^^^^^^^^^^^^^^^^^^^^^^^^^^^^^^^^^^^^^^^
    |
    = help: if this is unintentional make the arms return different values
    = help: for further information visit https://rust-lang.github.io/rust-clippy/master/index.html#match_same_arms
help: otherwise merge the patterns into a single arm
    |
241 ~             ArrowDataType::Date32 | ArrowDataType::Date64 => Ok(DataType::DATE),
242 ~             ArrowDataType::Timestamp(TimeUnit::Microsecond, None) => Ok(DataType::TIMESTAMP_NTZ),
    |

warning: these match arms have identical bodies
   --> kernel/src/engine/arrow_conversion.rs:253:13
    |
253 | /             ArrowDataType::List(field) => Ok(ArrayType::new(
254 | |                 (*field).data_type().try_into_kernel()?,
255 | |                 (*field).is_nullable(),
256 | |             )
257 | |             .into()),
    | |____________________^
258 | /             ArrowDataType::ListView(field) => Ok(ArrayType::new(
259 | |                 (*field).data_type().try_into_kernel()?,
260 | |                 (*field).is_nullable(),
261 | |             )
262 | |             .into()),
    | |____________________^
263 | /             ArrowDataType::LargeList(field) => Ok(ArrayType::new(
264 | |                 (*field).data_type().try_into_kernel()?,
265 | |                 (*field).is_nullable(),
266 | |             )
267 | |             .into()),
    | |____________________^
268 | /             ArrowDataType::LargeListView(field) => Ok(ArrayType::new(
269 | |                 (*field).data_type().try_into_kernel()?,
270 | |                 (*field).is_nullable(),
271 | |             )
272 | |             .into()),
    | |____________________^
273 | /             ArrowDataType::FixedSizeList(field, _) => Ok(ArrayType::new(
274 | |                 (*field).data_type().try_into_kernel()?,
275 | |                 (*field).is_nullable(),
276 | |             )
277 | |             .into()),
    | |____________________^
    |
    = help: if this is unintentional make the arms return different values
    = help: for further information visit https://rust-lang.github.io/rust-clippy/master/index.html#match_same_arms
help: otherwise merge the patterns into a single arm
    |
253 ~             ArrowDataType::List(field) | ArrowDataType::ListView(field) | ArrowDataType::LargeList(field) | ArrowDataType::LargeListView(field) | ArrowDataType::FixedSizeList(field, _) => Ok(ArrayType::new(
254 |                 (*field).data_type().try_into_kernel()?,
...
257 |             .into()),
258 ~             ArrowDataType::Map(field, _) => {
    |

warning: unnecessary semicolon
   --> kernel/src/engine/arrow_conversion.rs:237:18
    |
237 |                 };
    |                  ^ help: remove
    |
    = help: for further information visit https://rust-lang.github.io/rust-clippy/master/index.html#unnecessary_semicolon

warning: casting `i8` to `u8` may lose the sign of the value
   --> kernel/src/engine/arrow_conversion.rs:238:39
    |
238 |                 DataType::decimal(*p, *s as u8)
    |                                       ^^^^^^^^
    |
    = help: for further information visit https://rust-lang.github.io/rust-clippy/master/index.html#cast_sign_loss

warning: unnecessary semicolon
  --> kernel/src/engine/arrow_expression/apply_schema.rs:53:6
   |
53 |     };
   |      ^ help: remove
   |
   = help: for further information visit https://rust-lang.github.io/rust-clippy/master/index.html#unnecessary_semicolon

warning: usage of wildcard import for enum variants
   --> kernel/src/engine/arrow_expression/apply_schema.rs:174:9
    |
174 |     use DataType::*;
    |         ^^^^^^^^^^^ help: try: `DataType::{Struct, Array, Map}`
    |
    = help: for further information visit https://rust-lang.github.io/rust-clippy/master/index.html#enum_glob_use

warning: usage of wildcard import
 --> kernel/src/engine/arrow_expression/evaluate_expression.rs:7:5
  |
7 | use crate::arrow::array::types::*;
  |     ^^^^^^^^^^^^^^^^^^^^^^^^^^^^^ help: try: `crate::arrow::array::types::{Int8Type, Int16Type, Int32Type, Int64Type, UInt8Type, UInt16Type, UInt32Type, UInt64Type, Float16Type, Float32Type, Float64Type, TimestampSecondType, TimestampMillisecondType, TimestampMicrosecondType, TimestampNanosecondType, Date32Type, Date64Type, Time32SecondType, Time32MillisecondType, Time64MicrosecondType, Time64NanosecondType, DurationSecondType, DurationMillisecondType, DurationMicrosecondType, DurationNanosecondType, IntervalDayTimeType, IntervalYearMonthType, IntervalMonthDayNanoType, Decimal128Type, Decimal256Type}`
  |
  = help: for further information visit https://rust-lang.github.io/rust-clippy/master/index.html#wildcard_imports

warning: redundant closure
   --> kernel/src/engine/arrow_expression/evaluate_expression.rs:141:18
    |
141 |             .map(|field| field.data_type())
    |                  ^^^^^^^^^^^^^^^^^^^^^^^^^ help: replace the closure with the method itself: `crate::schema::StructField::data_type`
    |
    = help: for further information visit https://rust-lang.github.io/rust-clippy/master/index.html#redundant_closure_for_method_calls

warning: docs for function returning `Result` missing `# Errors` section
   --> kernel/src/engine/arrow_expression/evaluate_expression.rs:213:1
    |
213 | / pub fn evaluate_expression(
214 | |     expression: &Expression,
215 | |     batch: &RecordBatch,
216 | |     result_type: Option<&DataType>,
217 | | ) -> DeltaResult<ArrayRef> {
    | |__________________________^
    |
    = help: for further information visit https://rust-lang.github.io/rust-clippy/master/index.html#missing_errors_doc

warning: usage of wildcard import for enum variants
   --> kernel/src/engine/arrow_expression/evaluate_expression.rs:218:9
    |
218 |     use BinaryExpressionOp::*;
    |         ^^^^^^^^^^^^^^^^^^^^^ help: try: `BinaryExpressionOp::{Plus, Minus, Multiply, Divide}`
    |
    = help: for further information visit https://rust-lang.github.io/rust-clippy/master/index.html#enum_glob_use

warning: usage of wildcard import for enum variants
   --> kernel/src/engine/arrow_expression/evaluate_expression.rs:219:9
    |
219 |     use Expression::*;
    |         ^^^^^^^^^^^^^ help: try: `Expression::{Literal, Column, Struct, Transform, Predicate, Unary, Binary, Variadic, Opaque, Unknown}`
    |
    = help: for further information visit https://rust-lang.github.io/rust-clippy/master/index.html#enum_glob_use

warning: usage of wildcard import for enum variants
   --> kernel/src/engine/arrow_expression/evaluate_expression.rs:220:9
    |
220 |     use UnaryExpressionOp::*;
    |         ^^^^^^^^^^^^^^^^^^^^ help: try: `UnaryExpressionOp::ToJson`
    |
    = help: for further information visit https://rust-lang.github.io/rust-clippy/master/index.html#enum_glob_use

warning: usage of wildcard import for enum variants
   --> kernel/src/engine/arrow_expression/evaluate_expression.rs:221:9
    |
221 |     use VariadicExpressionOp::*;
    |         ^^^^^^^^^^^^^^^^^^^^^^^ help: try: `VariadicExpressionOp::Coalesce`
    |
    = help: for further information visit https://rust-lang.github.io/rust-clippy/master/index.html#enum_glob_use

warning: adding items after statements is confusing, since items exist from the start of the scope
   --> kernel/src/engine/arrow_expression/evaluate_expression.rs:257:13
    |
257 |             type Operation = fn(&dyn Datum, &dyn Datum) -> Result<ArrayRef, ArrowError>;
    |             ^^^^^^^^^^^^^^^^^^^^^^^^^^^^^^^^^^^^^^^^^^^^^^^^^^^^^^^^^^^^^^^^^^^^^^^^^^^^
    |
    = help: for further information visit https://rust-lang.github.io/rust-clippy/master/index.html#items_after_statements

warning: docs for function returning `Result` missing `# Errors` section
   --> kernel/src/engine/arrow_expression/evaluate_expression.rs:296:1
    |
296 | / pub fn evaluate_predicate(
297 | |     predicate: &Predicate,
298 | |     batch: &RecordBatch,
299 | |     inverted: bool,
300 | | ) -> DeltaResult<BooleanArray> {
    | |______________________________^
    |
    = help: for further information visit https://rust-lang.github.io/rust-clippy/master/index.html#missing_errors_doc

warning: this function has too many lines (116/100)
   --> kernel/src/engine/arrow_expression/evaluate_expression.rs:296:1
    |
296 | / pub fn evaluate_predicate(
297 | |     predicate: &Predicate,
298 | |     batch: &RecordBatch,
299 | |     inverted: bool,
...   |
436 | | }
    | |_^
    |
    = help: for further information visit https://rust-lang.github.io/rust-clippy/master/index.html#too_many_lines
    = note: `-W clippy::too-many-lines` implied by `-W clippy::pedantic`
    = help: to override `-W clippy::pedantic` add `#[allow(clippy::too_many_lines)]`

warning: usage of wildcard import for enum variants
   --> kernel/src/engine/arrow_expression/evaluate_expression.rs:301:9
    |
301 |     use BinaryPredicateOp::*;
    |         ^^^^^^^^^^^^^^^^^^^^ help: try: `BinaryPredicateOp::{LessThan, GreaterThan, Equal, Distinct, In}`
    |
    = help: for further information visit https://rust-lang.github.io/rust-clippy/master/index.html#enum_glob_use

warning: usage of wildcard import for enum variants
   --> kernel/src/engine/arrow_expression/evaluate_expression.rs:302:9
    |
302 |     use Predicate::*;
    |         ^^^^^^^^^^^^ help: try: `Predicate::{BooleanExpression, Not, Unary, Binary, Junction, Opaque, Unknown}`
    |
    = help: for further information visit https://rust-lang.github.io/rust-clippy/master/index.html#enum_glob_use

warning: `match` on a boolean expression
   --> kernel/src/engine/arrow_expression/evaluate_expression.rs:305:58
    |
305 |       let maybe_inverted = |result: Cow<'_, BooleanArray>| match inverted {
    |  __________________________________________________________^
306 | |         true => not(&result),
307 | |         false => Ok(result.into_owned()),
308 | |     };
    | |_____^ help: consider using an `if`/`else` expression: `if inverted { not(&result) } else { Ok(result.into_owned()) }`
    |
    = help: for further information visit https://rust-lang.github.io/rust-clippy/master/index.html#match_bool

warning: adding items after statements is confusing, since items exist from the start of the scope
   --> kernel/src/engine/arrow_expression/evaluate_expression.rs:347:21
    |
347 |                     use ArrowDataType::*;
    |                     ^^^^^^^^^^^^^^^^^^^^^
    |
    = help: for further information visit https://rust-lang.github.io/rust-clippy/master/index.html#items_after_statements

warning: usage of wildcard import for enum variants
   --> kernel/src/engine/arrow_expression/evaluate_expression.rs:347:25
    |
347 |                     use ArrowDataType::*;
    |                         ^^^^^^^^^^^^^^^^ help: try: `ArrowDataType::{Int8, Int16, Int32, Int64, UInt8, UInt16, UInt32, UInt64, Float16, Float32, Float64, Timestamp, Date32, Date64, Time32, Time64, Duration, Interval, Decimal128, Decimal256}`
    |
    = help: for further information visit https://rust-lang.github.io/rust-clippy/master/index.html#enum_glob_use

warning: usage of wildcard import for enum variants
   --> kernel/src/engine/arrow_expression/evaluate_expression.rs:414:17
    |
414 |             use JunctionPredicateOp::*;
    |                 ^^^^^^^^^^^^^^^^^^^^^^ help: try: `JunctionPredicateOp::{And, Or}`
    |
    = help: for further information visit https://rust-lang.github.io/rust-clippy/master/index.html#enum_glob_use

warning: item in documentation is missing backticks
   --> kernel/src/engine/arrow_expression/evaluate_expression.rs:438:16
    |
438 | /// Converts a StructArray to JSON-encoded strings
    |                ^^^^^^^^^^^
    |
    = help: for further information visit https://rust-lang.github.io/rust-clippy/master/index.html#doc_markdown
help: try
    |
438 - /// Converts a StructArray to JSON-encoded strings
438 + /// Converts a `StructArray` to JSON-encoded strings
    |

warning: docs for function returning `Result` missing `# Errors` section
   --> kernel/src/engine/arrow_expression/evaluate_expression.rs:439:1
    |
439 | pub fn to_json(input: &dyn Datum) -> Result<ArrayRef, ArrowError> {
    | ^^^^^^^^^^^^^^^^^^^^^^^^^^^^^^^^^^^^^^^^^^^^^^^^^^^^^^^^^^^^^^^^^
    |
    = help: for further information visit https://rust-lang.github.io/rust-clippy/master/index.html#missing_errors_doc

warning: adding items after statements is confusing, since items exist from the start of the scope
   --> kernel/src/engine/arrow_expression/evaluate_expression.rs:465:13
    |
465 |             const ROW_SIZE_ESTIMATE: usize = 64;
    |             ^^^^^^^^^^^^^^^^^^^^^^^^^^^^^^^^^^^^
    |
    = help: for further information visit https://rust-lang.github.io/rust-clippy/master/index.html#items_after_statements

warning: redundant closure
   --> kernel/src/engine/arrow_expression/evaluate_expression.rs:567:56
    |
567 |     let array_data: Vec<ArrayData> = arrays.iter().map(|arr| arr.to_data()).collect();
    |                                                        ^^^^^^^^^^^^^^^^^^^ help: replace the closure with the method itself: `arrow::array::Array::to_data`
    |
    = help: for further information visit https://rust-lang.github.io/rust-clippy/master/index.html#redundant_closure_for_method_calls

warning: docs for function returning `Result` missing `# Errors` section
  --> kernel/src/engine/arrow_expression/opaque.rs:22:5
   |
22 | /     fn eval_expr(
23 | |         &self,
24 | |         args: &[Expression],
25 | |         batch: &RecordBatch,
26 | |         result_type: Option<&DataType>,
27 | |     ) -> DeltaResult<ArrayRef>;
   | |_______________________________^
   |
   = help: for further information visit https://rust-lang.github.io/rust-clippy/master/index.html#missing_errors_doc

warning: docs for function returning `Result` missing `# Errors` section
  --> kernel/src/engine/arrow_expression/opaque.rs:33:5
   |
33 | /     fn eval_expr_scalar(
34 | |         &self,
35 | |         eval_expr: &ScalarExpressionEvaluator<'_>,
36 | |         exprs: &[Expression],
37 | |     ) -> DeltaResult<Scalar>;
   | |_____________________________^
   |
   = help: for further information visit https://rust-lang.github.io/rust-clippy/master/index.html#missing_errors_doc

warning: docs for function returning `Result` missing `# Errors` section
  --> kernel/src/engine/arrow_expression/opaque.rs:51:5
   |
51 | /     fn eval_pred(
52 | |         &self,
53 | |         args: &[Expression],
54 | |         batch: &RecordBatch,
55 | |         inverted: bool,
56 | |     ) -> DeltaResult<BooleanArray>;
   | |___________________________________^
   |
   = help: for further information visit https://rust-lang.github.io/rust-clippy/master/index.html#missing_errors_doc

warning: docs for function returning `Result` missing `# Errors` section
  --> kernel/src/engine/arrow_expression/opaque.rs:62:5
   |
62 | /     fn eval_pred_scalar(
63 | |         &self,
64 | |         eval_expr: &ScalarExpressionEvaluator<'_>,
65 | |         eval_pred: &DirectPredicateEvaluator<'_>,
66 | |         exprs: &[Expression],
67 | |         inverted: bool,
68 | |     ) -> DeltaResult<Option<bool>>;
   | |___________________________________^
   |
   = help: for further information visit https://rust-lang.github.io/rust-clippy/master/index.html#missing_errors_doc

warning: backticks are unbalanced
   --> kernel/src/engine/arrow_expression/opaque.rs:126:5
    |
126 |   /// This extra layer of indirection is needed because Rust does not support trait downcasting: If we
    |  _____^
127 | | /// allowed `ArrowOpaqueExpressionOp: OpaqueExpressionOp`, to decay to `&dyn OpaqueExpressionOp`,
128 | | /// there would be no way to recover a &dyn ArrowOpaqueExpressionOp` from it. Instead, we must
129 | | /// downcast from `&dyn OpaqueExpressionOp` to the concrete `ArrowOpaqueExpressionOpAdaptor` type
130 | | /// that implements both traits, and extract its inner `dyn ArrowOpaqueExpressionOp`.
    | |_____________________________________________________________________________________^
    |
    = help: a backtick may be missing a pair
    = help: for further information visit https://rust-lang.github.io/rust-clippy/master/index.html#doc_markdown

warning: explicit `deref` method call
   --> kernel/src/engine/arrow_expression/opaque.rs:138:9
    |
138 |         self.0.deref()
    |         ^^^^^^^^^^^^^^ help: try: `&*self.0`
    |
    = help: for further information visit https://rust-lang.github.io/rust-clippy/master/index.html#explicit_deref_methods

warning: backticks are unbalanced
   --> kernel/src/engine/arrow_expression/opaque.rs:166:5
    |
166 |   /// This extra layer of indirection is needed because Rust does not support trait downcasting: If we
    |  _____^
167 | | /// allowed `ArrowOpaquePredicateOp: OpaquePredicateOp`, to decay to `&dyn OpaquePredicateOp`, there
168 | | /// would be no way to recover a &dyn ArrowOpaquePredicateOp` from it. Instead, we must downcast
169 | | /// from `&dyn OpaquePredicateOp` to the concrete `ArrowOpaquePredicateOpAdaptor` type that
170 | | /// implements both traits, and extract its inner `dyn ArrowOpaquePredicateOp`.
    | |_______________________________________________________________________________^
    |
    = help: a backtick may be missing a pair
    = help: for further information visit https://rust-lang.github.io/rust-clippy/master/index.html#doc_markdown

warning: explicit `deref` method call
   --> kernel/src/engine/arrow_expression/opaque.rs:178:9
    |
178 |         self.0.deref()
    |         ^^^^^^^^^^^^^^ help: try: `&*self.0`
    |
    = help: for further information visit https://rust-lang.github.io/rust-clippy/master/index.html#explicit_deref_methods

warning: docs for function returning `Result` missing `# Errors` section
  --> kernel/src/engine/arrow_expression/mod.rs:34:5
   |
34 |     pub fn to_array(&self, num_rows: usize) -> DeltaResult<ArrayRef> {
   |     ^^^^^^^^^^^^^^^^^^^^^^^^^^^^^^^^^^^^^^^^^^^^^^^^^^^^^^^^^^^^^^^^
   |
   = help: for further information visit https://rust-lang.github.io/rust-clippy/master/index.html#missing_errors_doc

warning: usage of wildcard import for enum variants
  --> kernel/src/engine/arrow_expression/mod.rs:64:13
   |
64 |         use Scalar::*;
   |             ^^^^^^^^^ help: try: `Scalar::{Integer, Long, Short, Byte, Float, Double, String, Boolean, Timestamp, TimestampNtz, Date, Binary, Decimal, Struct, Array, Map, Null}`
   |
   = help: for further information visit https://rust-lang.github.io/rust-clippy/master/index.html#enum_glob_use

warning: consider adding a `;` to the last statement for consistent formatting
  --> kernel/src/engine/arrow_expression/mod.rs:93:17
   |
93 |                 append_val_as!(array::TimestampMicrosecondBuilder, *val)
   |                 ^^^^^^^^^^^^^^^^^^^^^^^^^^^^^^^^^^^^^^^^^^^^^^^^^^^^^^^^ help: add a `;` here: `append_val_as!(array::TimestampMicrosecondBuilder, *val);`
   |
   = help: for further information visit https://rust-lang.github.io/rust-clippy/master/index.html#semicolon_if_nothing_returned

warning: consider adding a `;` to the last statement for consistent formatting
   --> kernel/src/engine/arrow_expression/mod.rs:172:17
    |
172 |                 append_null_as!(array::TimestampMicrosecondBuilder)
    |                 ^^^^^^^^^^^^^^^^^^^^^^^^^^^^^^^^^^^^^^^^^^^^^^^^^^^ help: add a `;` here: `append_null_as!(array::TimestampMicrosecondBuilder);`
    |
    = help: for further information visit https://rust-lang.github.io/rust-clippy/master/index.html#semicolon_if_nothing_returned

warning: consider adding a `;` to the last statement for consistent formatting
   --> kernel/src/engine/arrow_expression/mod.rs:177:17
    |
177 |                 append_null_as!(array::Decimal128Builder)
    |                 ^^^^^^^^^^^^^^^^^^^^^^^^^^^^^^^^^^^^^^^^^ help: add a `;` here: `append_null_as!(array::Decimal128Builder);`
    |
    = help: for further information visit https://rust-lang.github.io/rust-clippy/master/index.html#semicolon_if_nothing_returned

warning: docs for function returning `Result` missing `# Errors` section
   --> kernel/src/engine/arrow_expression/mod.rs:217:5
    |
217 |     pub fn to_arrow(&self) -> DeltaResult<ArrayRef> {
    |     ^^^^^^^^^^^^^^^^^^^^^^^^^^^^^^^^^^^^^^^^^^^^^^^
    |
    = help: for further information visit https://rust-lang.github.io/rust-clippy/master/index.html#missing_errors_doc

warning: item in documentation is missing backticks
  --> kernel/src/engine/arrow_utils.rs:70:34
   |
70 | /// contains information about a StructField matched to a parquet struct field
   |                                  ^^^^^^^^^^^
   |
   = help: for further information visit https://rust-lang.github.io/rust-clippy/master/index.html#doc_markdown
help: try
   |
70 - /// contains information about a StructField matched to a parquet struct field
70 + /// contains information about a `StructField` matched to a parquet struct field
   |

warning: item in documentation is missing backticks
  --> kernel/src/engine/arrow_utils.rs:73:52
   |
73 | /// * `'k` - The lifetime of the referenced kernel StructField
   |                                                    ^^^^^^^^^^^
   |
   = help: for further information visit https://rust-lang.github.io/rust-clippy/master/index.html#doc_markdown
help: try
   |
73 - /// * `'k` - The lifetime of the referenced kernel StructField
73 + /// * `'k` - The lifetime of the referenced kernel `StructField`
   |

warning: item in documentation is missing backticks
  --> kernel/src/engine/arrow_utils.rs:85:52
   |
85 | /// * `'k` - The lifetime of the referenced kernel StructField
   |                                                    ^^^^^^^^^^^
   |
   = help: for further information visit https://rust-lang.github.io/rust-clippy/master/index.html#doc_markdown
help: try
   |
85 - /// * `'k` - The lifetime of the referenced kernel StructField
85 + /// * `'k` - The lifetime of the referenced kernel `StructField`
   |

warning: item in documentation is missing backticks
  --> kernel/src/engine/arrow_utils.rs:86:53
   |
86 | /// * `'p` - The lifetime of the referenced parquet ArrowField
   |                                                     ^^^^^^^^^^
   |
   = help: for further information visit https://rust-lang.github.io/rust-clippy/master/index.html#doc_markdown
help: try
   |
86 - /// * `'p` - The lifetime of the referenced parquet ArrowField
86 + /// * `'p` - The lifetime of the referenced parquet `ArrowField`
   |

warning: item in documentation is missing backticks
  --> kernel/src/engine/arrow_utils.rs:97:26
   |
97 | /// returns a tuples of (mask_indices: Vec<parquet_schema_index>, reorder_indices:
   |                          ^^^^^^^^^^^^
   |
   = help: for further information visit https://rust-lang.github.io/rust-clippy/master/index.html#doc_markdown
help: try
   |
97 - /// returns a tuples of (mask_indices: Vec<parquet_schema_index>, reorder_indices:
97 + /// returns a tuples of (`mask_indices`: Vec<parquet_schema_index>, reorder_indices:
   |

warning: item in documentation is missing backticks
  --> kernel/src/engine/arrow_utils.rs:97:44
   |
97 | /// returns a tuples of (mask_indices: Vec<parquet_schema_index>, reorder_indices:
   |                                            ^^^^^^^^^^^^^^^^^^^^
   |
   = help: for further information visit https://rust-lang.github.io/rust-clippy/master/index.html#doc_markdown
help: try
   |
97 - /// returns a tuples of (mask_indices: Vec<parquet_schema_index>, reorder_indices:
97 + /// returns a tuples of (mask_indices: Vec<`parquet_schema_index`>, reorder_indices:
   |

warning: item in documentation is missing backticks
  --> kernel/src/engine/arrow_utils.rs:97:67
   |
97 | /// returns a tuples of (mask_indices: Vec<parquet_schema_index>, reorder_indices:
   |                                                                   ^^^^^^^^^^^^^^^
   |
   = help: for further information visit https://rust-lang.github.io/rust-clippy/master/index.html#doc_markdown
help: try
   |
97 - /// returns a tuples of (mask_indices: Vec<parquet_schema_index>, reorder_indices:
97 + /// returns a tuples of (mask_indices: Vec<parquet_schema_index>, `reorder_indices`:
   |

warning: item in documentation is missing backticks
  --> kernel/src/engine/arrow_utils.rs:98:9
   |
98 | /// Vec<requested_index>). `mask_indices` is used for generating the mask for reading from the
   |         ^^^^^^^^^^^^^^^
   |
   = help: for further information visit https://rust-lang.github.io/rust-clippy/master/index.html#doc_markdown
help: try
   |
98 - /// Vec<requested_index>). `mask_indices` is used for generating the mask for reading from the
98 + /// Vec<`requested_index`>). `mask_indices` is used for generating the mask for reading from the
   |

warning: item in documentation is missing backticks
   --> kernel/src/engine/arrow_utils.rs:128:49
    |
128 |     /// group skipping. The ordinals must be in 0..num_row_groups.
    |                                                 ^^^^^^^^^^^^^^^^^
    |
    = help: for further information visit https://rust-lang.github.io/rust-clippy/master/index.html#doc_markdown
help: try
    |
128 -     /// group skipping. The ordinals must be in 0..num_row_groups.
128 +     /// group skipping. The ordinals must be in `0..num_row_groups`.
    |

warning: consider adding a `;` to the last statement for consistent formatting
   --> kernel/src/engine/arrow_utils.rs:132:9
    |
132 |         self.row_group_ordinals = Some(ordinals.to_vec())
    |         ^^^^^^^^^^^^^^^^^^^^^^^^^^^^^^^^^^^^^^^^^^^^^^^^^ help: add a `;` here: `self.row_group_ordinals = Some(ordinals.to_vec());`
    |
    = help: for further information visit https://rust-lang.github.io/rust-clippy/master/index.html#semicolon_if_nothing_returned

warning: used underscore-prefixed item
   --> kernel/src/engine/arrow_utils.rs:354:5
    |
354 |     _count_cols(field.data_type())
    |     ^^^^^^^^^^^^^^^^^^^^^^^^^^^^^^
    |
note: item is defined here
   --> kernel/src/engine/arrow_utils.rs:357:1
    |
357 | fn _count_cols(dt: &ArrowDataType) -> usize {
    | ^^^^^^^^^^^^^^^^^^^^^^^^^^^^^^^^^^^^^^^^^^^
    = help: for further information visit https://rust-lang.github.io/rust-clippy/master/index.html#used_underscore_items
    = note: `-W clippy::used-underscore-items` implied by `-W clippy::pedantic`
    = help: to override `-W clippy::pedantic` add `#[allow(clippy::used_underscore_items)]`

warning: used underscore-prefixed item
   --> kernel/src/engine/arrow_utils.rs:365:54
    |
365 |         ArrowDataType::Dictionary(_, value_field) => _count_cols(value_field.as_ref()),
    |                                                      ^^^^^^^^^^^^^^^^^^^^^^^^^^^^^^^^^
    |
note: item is defined here
   --> kernel/src/engine/arrow_utils.rs:357:1
    |
357 | fn _count_cols(dt: &ArrowDataType) -> usize {
    | ^^^^^^^^^^^^^^^^^^^^^^^^^^^^^^^^^^^^^^^^^^^
    = help: for further information visit https://rust-lang.github.io/rust-clippy/master/index.html#used_underscore_items

warning: this function has too many lines (182/100)
   --> kernel/src/engine/arrow_utils.rs:403:1
    |
403 | / fn get_indices(
404 | |     start_parquet_offset: usize,
405 | |     requested_schema: &Schema,
406 | |     fields: &ArrowFields,
...   |
623 | |     ))
624 | | }
    | |_^
    |
    = help: for further information visit https://rust-lang.github.io/rust-clippy/master/index.html#too_many_lines

warning: consider adding a `;` to the last statement for consistent formatting
   --> kernel/src/engine/arrow_utils.rs:561:29
    |
561 | ...                   reorder_indices.push(ReorderIndex::identity(index))
    |                       ^^^^^^^^^^^^^^^^^^^^^^^^^^^^^^^^^^^^^^^^^^^^^^^^^^^ help: add a `;` here: `reorder_indices.push(ReorderIndex::identity(index));`
    |
    = help: for further information visit https://rust-lang.github.io/rust-clippy/master/index.html#semicolon_if_nothing_returned

warning: consider adding a `;` to the last statement for consistent formatting
   --> kernel/src/engine/arrow_utils.rs:564:29
    |
564 | ...                   reorder_indices.push(ReorderIndex::cast(index, target))
    |                       ^^^^^^^^^^^^^^^^^^^^^^^^^^^^^^^^^^^^^^^^^^^^^^^^^^^^^^^ help: add a `;` here: `reorder_indices.push(ReorderIndex::cast(index, target));`
    |
    = help: for further information visit https://rust-lang.github.io/rust-clippy/master/index.html#semicolon_if_nothing_returned

warning: item in documentation is missing backticks
   --> kernel/src/engine/arrow_utils.rs:627:54
    |
627 | /// with a a kernel `KernelFieldInfo` representing a StructField.
    |                                                      ^^^^^^^^^^^
    |
    = help: for further information visit https://rust-lang.github.io/rust-clippy/master/index.html#doc_markdown
help: try
    |
627 - /// with a a kernel `KernelFieldInfo` representing a StructField.
627 + /// with a a kernel `KernelFieldInfo` representing a `StructField`.
    |

warning: item in documentation is missing backticks
   --> kernel/src/engine/arrow_utils.rs:693:17
    |
693 | /// a tuple of (mask_indices: Vec<parquet_schema_index>, reorder_indices:
    |                 ^^^^^^^^^^^^
    |
    = help: for further information visit https://rust-lang.github.io/rust-clippy/master/index.html#doc_markdown
help: try
    |
693 - /// a tuple of (mask_indices: Vec<parquet_schema_index>, reorder_indices:
693 + /// a tuple of (`mask_indices`: Vec<parquet_schema_index>, reorder_indices:
    |

warning: item in documentation is missing backticks
   --> kernel/src/engine/arrow_utils.rs:693:35
    |
693 | /// a tuple of (mask_indices: Vec<parquet_schema_index>, reorder_indices:
    |                                   ^^^^^^^^^^^^^^^^^^^^
    |
    = help: for further information visit https://rust-lang.github.io/rust-clippy/master/index.html#doc_markdown
help: try
    |
693 - /// a tuple of (mask_indices: Vec<parquet_schema_index>, reorder_indices:
693 + /// a tuple of (mask_indices: Vec<`parquet_schema_index`>, reorder_indices:
    |

warning: item in documentation is missing backticks
   --> kernel/src/engine/arrow_utils.rs:693:58
    |
693 | /// a tuple of (mask_indices: Vec<parquet_schema_index>, reorder_indices:
    |                                                          ^^^^^^^^^^^^^^^
    |
    = help: for further information visit https://rust-lang.github.io/rust-clippy/master/index.html#doc_markdown
help: try
    |
693 - /// a tuple of (mask_indices: Vec<parquet_schema_index>, reorder_indices:
693 + /// a tuple of (mask_indices: Vec<parquet_schema_index>, `reorder_indices`:
    |

warning: item in documentation is missing backticks
   --> kernel/src/engine/arrow_utils.rs:694:9
    |
694 | /// Vec<requested_index>). `mask_indices` is used for generating the mask for reading from the
    |         ^^^^^^^^^^^^^^^
    |
    = help: for further information visit https://rust-lang.github.io/rust-clippy/master/index.html#doc_markdown
help: try
    |
694 - /// Vec<requested_index>). `mask_indices` is used for generating the mask for reading from the
694 + /// Vec<`requested_index`>). `mask_indices` is used for generating the mask for reading from the
    |

warning: this function's return value is unnecessarily wrapped by `Option`
   --> kernel/src/engine/arrow_utils.rs:715:1
    |
715 | / pub(crate) fn generate_mask(
716 | |     _requested_schema: &SchemaRef,
717 | |     _parquet_schema: &ArrowSchemaRef,
718 | |     parquet_physical_schema: &SchemaDescriptor,
719 | |     indices: &[usize],
720 | | ) -> Option<ProjectionMask> {
    | |___________________________^
    |
    = help: for further information visit https://rust-lang.github.io/rust-clippy/master/index.html#unnecessary_wraps
help: remove `Option` from the return type...
    |
720 - ) -> Option<ProjectionMask> {
720 + ) -> parquet::arrow::ProjectionMask {
    |
help: ...and then remove the surrounding `Some()` from returning expressions
    |
723 ~     ProjectionMask::leaves(
724 +         parquet_physical_schema,
725 +         indices.to_owned(),
726 +     )
    |

warning: item in documentation is missing backticks
   --> kernel/src/engine/arrow_utils.rs:751:35
    |
751 | /// The function only checks if a RowIndex transform is present at the top-level, since metadata
    |                                   ^^^^^^^^
    |
    = help: for further information visit https://rust-lang.github.io/rust-clippy/master/index.html#doc_markdown
help: try
    |
751 - /// The function only checks if a RowIndex transform is present at the top-level, since metadata
751 + /// The function only checks if a `RowIndex` transform is present at the top-level, since metadata
    |

warning: item in documentation is missing backticks
   --> kernel/src/engine/arrow_utils.rs:763:15
    |
763 | /// Reorder a RecordBatch to match `requested_ordering`. For each non-zero value in
    |               ^^^^^^^^^^^
    |
    = help: for further information visit https://rust-lang.github.io/rust-clippy/master/index.html#doc_markdown
help: try
    |
763 - /// Reorder a RecordBatch to match `requested_ordering`. For each non-zero value in
763 + /// Reorder a `RecordBatch` to match `requested_ordering`. For each non-zero value in
    |

warning: this function has too many lines (105/100)
   --> kernel/src/engine/arrow_utils.rs:768:1
    |
768 | / pub(crate) fn reorder_struct_array(
769 | |     input_data: StructArray,
770 | |     requested_ordering: &[ReorderIndex],
771 | |     mut row_indexes: Option<&mut FlattenedRangeIterator<i64>>,
...   |
884 | | }
    | |_^
    |
    = help: for further information visit https://rust-lang.github.io/rust-clippy/master/index.html#too_many_lines

warning: unnecessary boolean `not` operation
   --> kernel/src/engine/arrow_utils.rs:774:5
    |
774 | /     if !ordering_needs_transform(requested_ordering) {
775 | |         // indices is already sorted, meaning we requested in the order that the columns were
776 | |         // stored in the parquet
777 | |         Ok(input_data)
...   |
883 | |     }
    | |_____^
    |
    = help: for further information visit https://rust-lang.github.io/rust-clippy/master/index.html#if_not_else
help: try
    |
774 ~     if ordering_needs_transform(requested_ordering) {
775 +         // requested an order different from the parquet, reorder
776 +         debug!("Have requested reorder {requested_ordering:#?} on {input_data:?}");
777 +         let num_rows = input_data.len();
778 +         let num_cols = requested_ordering.len();
779 +         let (input_fields, input_cols, null_buffer) = input_data.into_parts();
780 +         let mut final_fields_cols: Vec<FieldArrayOpt> = vec![None; num_cols];
781 +         for (parquet_position, reorder_index) in requested_ordering.iter().enumerate() {
782 +             // for each item, reorder_index.index() tells us where to put it, and its position in
783 +             // requested_ordering tells us where it is in the parquet data
784 +             match &reorder_index.transform {
785 +                 ReorderIndexTransform::Cast(target) => {
786 +                     let col = input_cols[parquet_position].as_ref();
787 +                     let col = Arc::new(crate::arrow::compute::cast(col, target)?);
788 +                     let new_field = Arc::new(
789 +                         input_fields[parquet_position]
790 +                             .as_ref()
791 +                             .clone()
792 +                             .with_data_type(col.data_type().clone()),
793 +                     );
794 +                     final_fields_cols[reorder_index.index] = Some((new_field, col));
795 +                 }
796 +                 ReorderIndexTransform::Nested(children) => {
797 +                     let input_field_name = input_fields[parquet_position].name();
798 +                     match input_cols[parquet_position].data_type() {
799 +                         ArrowDataType::Struct(_) => {
800 +                             let struct_array = input_cols[parquet_position].as_struct().clone();
801 +                             let result_array = Arc::new(reorder_struct_array(
802 +                                 struct_array,
803 +                                 children,
804 +                                 None, // Nested structures don't need row indexes since metadata columns can't be nested
805 +                             )?);
806 +                             // create the new field specifying the correct order for the struct
807 +                             let new_field = Arc::new(ArrowField::new_struct(
808 +                                 input_field_name,
809 +                                 result_array.fields().clone(),
810 +                                 input_fields[parquet_position].is_nullable(),
811 +                             ));
812 +                             final_fields_cols[reorder_index.index] =
813 +                                 Some((new_field, result_array));
814 +                         }
815 +                         ArrowDataType::List(_) => {
816 +                             let list_array = input_cols[parquet_position].as_list::<i32>().clone();
817 +                             final_fields_cols[reorder_index.index] =
818 +                                 reorder_list(list_array, input_field_name, children)?;
819 +                         }
820 +                         ArrowDataType::LargeList(_) => {
821 +                             let list_array = input_cols[parquet_position].as_list::<i64>().clone();
822 +                             final_fields_cols[reorder_index.index] =
823 +                                 reorder_list(list_array, input_field_name, children)?;
824 +                         }
825 +                         ArrowDataType::Map(_, _) => {
826 +                             let map_array = input_cols[parquet_position].as_map().clone();
827 +                             final_fields_cols[reorder_index.index] =
828 +                                 reorder_map(map_array, input_field_name, children)?;
829 +                         }
830 +                         _ => {
831 +                             return Err(Error::internal_error(
832 +                                 "Nested reorder can only apply to struct/list/map.",
833 +                             ));
834 +                         }
835 +                     }
836 +                 }
837 +                 ReorderIndexTransform::Identity => {
838 +                     final_fields_cols[reorder_index.index] = Some((
839 +                         input_fields[parquet_position].clone(), // cheap Arc clone
840 +                         input_cols[parquet_position].clone(),   // cheap Arc clone
841 +                     ));
842 +                 }
843 +                 ReorderIndexTransform::Missing(field) => {
844 +                     let null_array = Arc::new(new_null_array(field.data_type(), num_rows));
845 +                     let field = field.clone(); // cheap Arc clone
846 +                     final_fields_cols[reorder_index.index] = Some((field, null_array));
847 +                 }
848 +                 ReorderIndexTransform::RowIndex(field) => {
849 +                     let Some(ref mut row_index_iter) = row_indexes else {
850 +                         return Err(Error::generic(
851 +                             "Row index column requested but row index iterator not provided",
852 +                         ));
853 +                     };
854 +                     let row_index_array: PrimitiveArray<Int64Type> =
855 +                         row_index_iter.take(num_rows).collect();
856 +                     require!(
857 +                         row_index_array.len() == num_rows,
858 +                         Error::internal_error(
859 +                             "Row index iterator exhausted before reaching the end of the file"
860 +                         )
861 +                     );
862 +                     final_fields_cols[reorder_index.index] =
863 +                         Some((Arc::clone(field), Arc::new(row_index_array)));
864 +                 }
865 +             }
866 +         }
867 +         let num_cols = final_fields_cols.len();
868 +         let (field_vec, reordered_columns): (Vec<Arc<ArrowField>>, _) =
869 +             final_fields_cols.into_iter().flatten().unzip();
870 +         if field_vec.len() != num_cols {
871 +             Err(Error::internal_error("Found a None in final_fields_cols."))
872 +         } else {
873 +             Ok(StructArray::try_new(
874 +                 field_vec.into(),
875 +                 reordered_columns,
876 +                 null_buffer,
877 +             )?)
878 +         }
879 +     } else {
880 +         // indices is already sorted, meaning we requested in the order that the columns were
881 +         // stored in the parquet
882 +         Ok(input_data)
883 +     }
    |

warning: unnecessary `!=` operation
   --> kernel/src/engine/arrow_utils.rs:874:9
    |
874 | /         if field_vec.len() != num_cols {
875 | |             Err(Error::internal_error("Found a None in final_fields_cols."))
876 | |         } else {
877 | |             Ok(StructArray::try_new(
...   |
881 | |             )?)
882 | |         }
    | |_________^
    |
    = help: for further information visit https://rust-lang.github.io/rust-clippy/master/index.html#if_not_else
help: try
    |
874 ~         if field_vec.len() == num_cols {
875 +             Ok(StructArray::try_new(
876 +                 field_vec.into(),
877 +                 reordered_columns,
878 +                 null_buffer,
879 +             )?)
880 +         } else {
881 +             Err(Error::internal_error("Found a None in final_fields_cols."))
882 +         }
    |

warning: this function could have a `#[must_use]` attribute
   --> kernel/src/engine/arrow_utils.rs:966:8
    |
966 | pub fn fix_nested_null_masks(batch: StructArray) -> StructArray {
    |        ^^^^^^^^^^^^^^^^^^^^^
    |
    = help: for further information visit https://rust-lang.github.io/rust-clippy/master/index.html#must_use_candidate
help: add the attribute
    |
966 + #[must_use] 
967 | pub fn fix_nested_null_masks(batch: StructArray) -> StructArray {
    |

warning: item in documentation is missing backticks
   --> kernel/src/engine/arrow_utils.rs:970:14
    |
970 | /// Splits a StructArray into its parts, unions in the parent null mask, and uses the result to
    |              ^^^^^^^^^^^
    |
    = help: for further information visit https://rust-lang.github.io/rust-clippy/master/index.html#doc_markdown
help: try
    |
970 - /// Splits a StructArray into its parts, unions in the parent null mask, and uses the result to
970 + /// Splits a `StructArray` into its parts, unions in the parent null mask, and uses the result to
    |

warning: you seem to be trying to use `match` for destructuring a single pattern. Consider using `if let`
   --> kernel/src/engine/arrow_utils.rs:977:23
    |
977 |           .map(|column| match column.as_struct_opt() {
    |  _______________________^
978 | |             Some(sa) => Arc::new(compute_nested_null_masks(sa.clone(), nulls.as_ref())) as _,
979 | |             None => {
980 | |                 let data = column.to_data();
...   |
996 | |         })
    | |_________^
    |
    = help: for further information visit https://rust-lang.github.io/rust-clippy/master/index.html#single_match_else
help: try
    |
977 ~         .map(|column| if let Some(sa) = column.as_struct_opt() { Arc::new(compute_nested_null_masks(sa.clone(), nulls.as_ref())) as _ } else {
978 +             let data = column.to_data();
979 +             let nulls = NullBuffer::union(nulls.as_ref(), data.nulls());
980 +             let builder = data.into_builder().nulls(nulls);
981 +             // Use an unchecked build to avoid paying a redundant O(k) validation cost for a
982 +             // `RecordBatch` with k leaf columns.
983 +             //
984 +             // SAFETY: The builder was constructed from an `ArrayData` we extracted from the
985 +             // column. The change we make is the null buffer, via `NullBuffer::union` with input
986 +             // null buffers that were _also_ extracted from the column and its parent. A union
987 +             // can only _grow_ the set of NULL rows, so data validity is preserved. Even if the
988 +             // `parent_nulls` somehow had a length mismatch --- which it never should, having
989 +             // also been extracted from our grandparent --- the mismatch would have already
990 +             // caused `NullBuffer::union` to panic.
991 +             let data = unsafe { builder.build_unchecked() };
992 +             make_array(data)
993 ~         })
    |

warning: item in documentation is missing backticks
    --> kernel/src/engine/arrow_utils.rs:1077:24
     |
1077 | /// serialize an arrow RecordBatch to a JSON string by appending to a buffer.
     |                        ^^^^^^^^^^^
     |
     = help: for further information visit https://rust-lang.github.io/rust-clippy/master/index.html#doc_markdown
help: try
     |
1077 - /// serialize an arrow RecordBatch to a JSON string by appending to a buffer.
1077 + /// serialize an arrow `RecordBatch` to a JSON string by appending to a buffer.
     |

warning: unnecessary semicolon
    --> kernel/src/engine/arrow_utils.rs:1104:10
     |
1104 |         };
     |          ^ help: remove
     |
     = help: for further information visit https://rust-lang.github.io/rust-clippy/master/index.html#unnecessary_semicolon

warning: consider adding a `;` to the last statement for consistent formatting
    --> kernel/src/engine/arrow_utils.rs:1103:13
     |
1103 |             writer.write(&filtered_batch)?
     |             ^^^^^^^^^^^^^^^^^^^^^^^^^^^^^^ help: add a `;` here: `writer.write(&filtered_batch)?;`
     |
     = help: for further information visit https://rust-lang.github.io/rust-clippy/master/index.html#semicolon_if_nothing_returned

warning: item in documentation is missing backticks
  --> kernel/src/engine/default/executor.rs:10:22
   |
10 | //! A generic trait [TaskExecutor] can be implemented with your preferred async
   |                      ^^^^^^^^^^^^
   |
   = help: for further information visit https://rust-lang.github.io/rust-clippy/master/index.html#doc_markdown
help: try
   |
10 - //! A generic trait [TaskExecutor] can be implemented with your preferred async
10 + //! A generic trait [`TaskExecutor`] can be implemented with your preferred async
   |

warning: docs for function which may panic missing `# Panics` section
  --> kernel/src/engine/default/executor.rs:69:9
   |
69 |         pub fn new() -> Self {
   |         ^^^^^^^^^^^^^^^^^^^^
   |
note: first possible panic found here
  --> kernel/src/engine/default/executor.rs:72:26
   |
72 |                   let rt = tokio::runtime::Builder::new_current_thread()
   |  __________________________^
73 | |                     .enable_all()
74 | |                     .build()
75 | |                     .unwrap();
   | |_____________________________^
   = help: for further information visit https://rust-lang.github.io/rust-clippy/master/index.html#missing_panics_doc

warning: this method could have a `#[must_use]` attribute
  --> kernel/src/engine/default/executor.rs:69:16
   |
69 |         pub fn new() -> Self {
   |                ^^^
   |
   = help: for further information visit https://rust-lang.github.io/rust-clippy/master/index.html#must_use_candidate
help: add the attribute
   |
69 ~         #[must_use] 
70 ~         pub fn new() -> Self {
   |

warning: docs for function which may panic missing `# Panics` section
   --> kernel/src/engine/default/executor.rs:161:9
    |
161 |         pub fn new(handle: tokio::runtime::Handle) -> Self {
    |         ^^^^^^^^^^^^^^^^^^^^^^^^^^^^^^^^^^^^^^^^^^^^^^^^^^
    |
note: first possible panic found here
   --> kernel/src/engine/default/executor.rs:162:13
    |
162 | /             assert_eq!(
163 | |                 handle.runtime_flavor(),
164 | |                 RuntimeFlavor::MultiThread,
165 | |                 "TokioExecutor must be created with a multi-threaded runtime"
166 | |             );
    | |_____________^
    = help: for further information visit https://rust-lang.github.io/rust-clippy/master/index.html#missing_panics_doc

warning: this method could have a `#[must_use]` attribute
   --> kernel/src/engine/default/executor.rs:161:16
    |
161 |         pub fn new(handle: tokio::runtime::Handle) -> Self {
    |                ^^^
    |
    = help: for further information visit https://rust-lang.github.io/rust-clippy/master/index.html#must_use_candidate
help: add the attribute
    |
161 ~         #[must_use] 
162 ~         pub fn new(handle: tokio::runtime::Handle) -> Self {
    |

warning: docs for function returning `Result` missing `# Errors` section
  --> kernel/src/engine/default/file_stream.rs:31:5
   |
31 |     fn open(&self, file_meta: FileMeta, range: Option<Range<i64>>) -> DeltaResult<FileOpenFuture>;
   |     ^^^^^^^^^^^^^^^^^^^^^^^^^^^^^^^^^^^^^^^^^^^^^^^^^^^^^^^^^^^^^^^^^^^^^^^^^^^^^^^^^^^^^^^^^^^^^^
   |
   = help: for further information visit https://rust-lang.github.io/rust-clippy/master/index.html#missing_errors_doc

warning: item in documentation is missing backticks
  --> kernel/src/engine/default/file_stream.rs:56:68
   |
56 |     /// Currently performing asynchronous IO to obtain a stream of RecordBatch
   |                                                                    ^^^^^^^^^^^
   |
   = help: for further information visit https://rust-lang.github.io/rust-clippy/master/index.html#doc_markdown
help: try
   |
56 -     /// Currently performing asynchronous IO to obtain a stream of RecordBatch
56 +     /// Currently performing asynchronous IO to obtain a stream of `RecordBatch`
   |

warning: docs for function returning `Result` missing `# Errors` section
   --> kernel/src/engine/default/file_stream.rs:101:5
    |
101 | /     pub fn new_async_read_iterator<E: TaskExecutor>(
102 | |         task_executor: Arc<E>,
103 | |         schema: ArrowSchemaRef,
104 | |         file_opener: Box<dyn FileOpener>,
105 | |         files: &[FileMeta],
106 | |         readahead: usize,
107 | |     ) -> DeltaResult<FileDataReadResultIterator> {
    | |________________________________________________^
    |
    = help: for further information visit https://rust-lang.github.io/rust-clippy/master/index.html#missing_errors_doc

warning: this argument is passed by value, but not consumed in the function body
   --> kernel/src/engine/default/file_stream.rs:102:24
    |
102 |         task_executor: Arc<E>,
    |                        ^^^^^^
    |
    = help: for further information visit https://rust-lang.github.io/rust-clippy/master/index.html#needless_pass_by_value
help: consider taking a reference instead
    |
102 |         task_executor: &Arc<E>,
    |                        +

warning: docs for function returning `Result` missing `# Errors` section
   --> kernel/src/engine/default/file_stream.rs:145:5
    |
145 | /     pub fn new(
146 | |         files: impl IntoIterator<Item = FileMeta>,
147 | |         schema: ArrowSchemaRef,
148 | |         file_opener: Box<dyn FileOpener>,
149 | |     ) -> DeltaResult<Self> {
    | |__________________________^
    |
    = help: for further information visit https://rust-lang.github.io/rust-clippy/master/index.html#missing_errors_doc

warning: this method could have a `#[must_use]` attribute
   --> kernel/src/engine/default/file_stream.rs:163:12
    |
163 |     pub fn with_on_error(mut self, on_error: OnError) -> Self {
    |            ^^^^^^^^^^^^^
    |
    = help: for further information visit https://rust-lang.github.io/rust-clippy/master/index.html#must_use_candidate
help: add the attribute
    |
163 ~     #[must_use] 
164 ~     pub fn with_on_error(mut self, on_error: OnError) -> Self {
    |

warning: missing `#[must_use]` attribute on a method returning `Self`
   --> kernel/src/engine/default/file_stream.rs:163:5
    |
163 | /     pub fn with_on_error(mut self, on_error: OnError) -> Self {
164 | |         self.on_error = on_error;
165 | |         self
166 | |     }
    | |_____^
    |
    = help: consider adding the `#[must_use]` attribute to the method or directly to the `Self` type
    = help: for further information visit https://rust-lang.github.io/rust-clippy/master/index.html#return_self_not_must_use

warning: item in documentation is missing backticks
   --> kernel/src/engine/default/file_stream.rs:168:84
    |
168 |     /// Begin opening the next file in parallel while decoding the current file in FileStream.
    |                                                                                    ^^^^^^^^^^
    |
    = help: for further information visit https://rust-lang.github.io/rust-clippy/master/index.html#doc_markdown
help: try
    |
168 -     /// Begin opening the next file in parallel while decoding the current file in FileStream.
168 +     /// Begin opening the next file in parallel while decoding the current file in `FileStream`.
    |

warning: this method could have a `#[must_use]` attribute
  --> kernel/src/engine/default/filesystem.rs:33:12
   |
33 |     pub fn with_readahead(mut self, readahead: usize) -> Self {
   |            ^^^^^^^^^^^^^^
   |
   = help: for further information visit https://rust-lang.github.io/rust-clippy/master/index.html#must_use_candidate
help: add the attribute
   |
33 ~     #[must_use] 
34 ~     pub fn with_readahead(mut self, readahead: usize) -> Self {
   |

warning: missing `#[must_use]` attribute on a method returning `Self`
  --> kernel/src/engine/default/filesystem.rs:33:5
   |
33 | /     pub fn with_readahead(mut self, readahead: usize) -> Self {
34 | |         self.readahead = readahead;
35 | |         self
36 | |     }
   | |_____^
   |
   = help: consider adding the `#[must_use]` attribute to the method or directly to the `Self` type
   = help: for further information visit https://rust-lang.github.io/rust-clippy/master/index.html#return_self_not_must_use

warning: unnecessary boolean `not` operation
   --> kernel/src/engine/default/filesystem.rs:109:9
    |
109 | /         if !has_ordered_listing {
110 | |             // This FS doesn't return things in the order we require
111 | |             let mut fms: Vec<FileMeta> = receiver.into_iter().try_collect()?;
112 | |             fms.sort_unstable();
...   |
115 | |             Ok(Box::new(receiver.into_iter()))
116 | |         }
    | |_________^
    |
    = help: for further information visit https://rust-lang.github.io/rust-clippy/master/index.html#if_not_else
help: try
    |
109 ~         if has_ordered_listing {
110 +             Ok(Box::new(receiver.into_iter()))
111 +         } else {
112 +             // This FS doesn't return things in the order we require
113 +             let mut fms: Vec<FileMeta> = receiver.into_iter().try_collect()?;
114 +             fms.sort_unstable();
115 +             Ok(Box::new(fms.into_iter().map(Ok)))
116 +         }
    |

warning: matching over `()` is more explicit
   --> kernel/src/engine/default/filesystem.rs:146:73
    |
146 | ...                   let file_path = url.to_file_path().map_err(|_| {
    |                                                                   ^ help: use `()` instead of `_`: `()`
    |
    = help: for further information visit https://rust-lang.github.io/rust-clippy/master/index.html#ignored_unit_patterns

warning: item in documentation is missing backticks
  --> kernel/src/engine/default/json.rs:43:58
   |
43 |     /// Limit the number of rows per batch. That is, for batch_size = N, then each RecordBatch
   |                                                          ^^^^^^^^^^
   |
   = help: for further information visit https://rust-lang.github.io/rust-clippy/master/index.html#doc_markdown
help: try
   |
43 -     /// Limit the number of rows per batch. That is, for batch_size = N, then each RecordBatch
43 +     /// Limit the number of rows per batch. That is, for `batch_size` = N, then each RecordBatch
   |

warning: item in documentation is missing backticks
  --> kernel/src/engine/default/json.rs:43:84
   |
43 |     /// Limit the number of rows per batch. That is, for batch_size = N, then each RecordBatch
   |                                                                                    ^^^^^^^^^^^
   |
   = help: for further information visit https://rust-lang.github.io/rust-clippy/master/index.html#doc_markdown
help: try
   |
43 -     /// Limit the number of rows per batch. That is, for batch_size = N, then each RecordBatch
43 +     /// Limit the number of rows per batch. That is, for batch_size = N, then each `RecordBatch`
   |

warning: item in documentation is missing backticks
  --> kernel/src/engine/default/json.rs:59:10
   |
59 |     /// [Self::read_json_files()].
   |          ^^^^^^^^^^^^^^^^^^^^^^^
   |
   = help: for further information visit https://rust-lang.github.io/rust-clippy/master/index.html#doc_markdown
help: try
   |
59 -     /// [Self::read_json_files()].
59 +     /// [`Self::read_json_files()`].
   |

warning: item in documentation is missing backticks
  --> kernel/src/engine/default/json.rs:65:43
   |
65 |     /// 1. Batch size governs the size of RecordBatches yielded in each iteration of the stream
   |                                           ^^^^^^^^^^^^^
   |
   = help: for further information visit https://rust-lang.github.io/rust-clippy/master/index.html#doc_markdown
help: try
   |
65 -     /// 1. Batch size governs the size of RecordBatches yielded in each iteration of the stream
65 +     /// 1. Batch size governs the size of `RecordBatches` yielded in each iteration of the stream
   |

warning: this method could have a `#[must_use]` attribute
  --> kernel/src/engine/default/json.rs:67:12
   |
67 |     pub fn with_buffer_size(mut self, buffer_size: usize) -> Self {
   |            ^^^^^^^^^^^^^^^^
   |
   = help: for further information visit https://rust-lang.github.io/rust-clippy/master/index.html#must_use_candidate
help: add the attribute
   |
67 ~     #[must_use] 
68 ~     pub fn with_buffer_size(mut self, buffer_size: usize) -> Self {
   |

warning: missing `#[must_use]` attribute on a method returning `Self`
  --> kernel/src/engine/default/json.rs:67:5
   |
67 | /     pub fn with_buffer_size(mut self, buffer_size: usize) -> Self {
68 | |         self.buffer_size = buffer_size;
69 | |         self
70 | |     }
   | |_____^
   |
   = help: consider adding the `#[must_use]` attribute to the method or directly to the `Self` type
   = help: for further information visit https://rust-lang.github.io/rust-clippy/master/index.html#return_self_not_must_use

warning: item in documentation is missing backticks
  --> kernel/src/engine/default/json.rs:72:58
   |
72 |     /// Limit the number of rows per batch. That is, for batch_size = N, then each RecordBatch
   |                                                          ^^^^^^^^^^
   |
   = help: for further information visit https://rust-lang.github.io/rust-clippy/master/index.html#doc_markdown
help: try
   |
72 -     /// Limit the number of rows per batch. That is, for batch_size = N, then each RecordBatch
72 +     /// Limit the number of rows per batch. That is, for `batch_size` = N, then each RecordBatch
   |

warning: item in documentation is missing backticks
  --> kernel/src/engine/default/json.rs:72:84
   |
72 |     /// Limit the number of rows per batch. That is, for batch_size = N, then each RecordBatch
   |                                                                                    ^^^^^^^^^^^
   |
   = help: for further information visit https://rust-lang.github.io/rust-clippy/master/index.html#doc_markdown
help: try
   |
72 -     /// Limit the number of rows per batch. That is, for batch_size = N, then each RecordBatch
72 +     /// Limit the number of rows per batch. That is, for batch_size = N, then each `RecordBatch`
   |

warning: item in documentation is missing backticks
  --> kernel/src/engine/default/json.rs:77:14
   |
77 |     /// See [Decoder::with_buffer_size] for details on constraining memory usage with buffer size
   |              ^^^^^^^^^^^^^^^^^^^^^^^^^
   |
   = help: for further information visit https://rust-lang.github.io/rust-clippy/master/index.html#doc_markdown
help: try
   |
77 -     /// See [Decoder::with_buffer_size] for details on constraining memory usage with buffer size
77 +     /// See [`Decoder::with_buffer_size`] for details on constraining memory usage with buffer size
   |

warning: this method could have a `#[must_use]` attribute
  --> kernel/src/engine/default/json.rs:81:12
   |
81 |     pub fn with_batch_size(mut self, batch_size: usize) -> Self {
   |            ^^^^^^^^^^^^^^^
   |
   = help: for further information visit https://rust-lang.github.io/rust-clippy/master/index.html#must_use_candidate
help: add the attribute
   |
81 ~     #[must_use] 
82 ~     pub fn with_batch_size(mut self, batch_size: usize) -> Self {
   |

warning: missing `#[must_use]` attribute on a method returning `Self`
  --> kernel/src/engine/default/json.rs:81:5
   |
81 | /     pub fn with_batch_size(mut self, batch_size: usize) -> Self {
82 | |         self.batch_size = batch_size;
83 | |         self
84 | |     }
   | |_____^
   |
   = help: consider adding the `#[must_use]` attribute to the method or directly to the `Self` type
   = help: for further information visit https://rust-lang.github.io/rust-clippy/master/index.html#return_self_not_must_use

warning: docs for function returning `Result` missing `# Errors` section
   --> kernel/src/engine/default/json.rs:188:5
    |
188 | /     pub async fn open(
189 | |         &self,
190 | |         file_meta: FileMeta,
191 | |         _: Option<Range<i64>>,
192 | |     ) -> DeltaResult<BoxStream<'static, DeltaResult<RecordBatch>>> {
    | |__________________________________________________________________^
    |
    = help: for further information visit https://rust-lang.github.io/rust-clippy/master/index.html#missing_errors_doc

warning: this method could have a `#[must_use]` attribute
  --> kernel/src/engine/default/parquet.rs:57:12
   |
57 |     pub fn new(file_meta: FileMeta, num_records: usize) -> Self {
   |            ^^^
   |
   = help: for further information visit https://rust-lang.github.io/rust-clippy/master/index.html#must_use_candidate
help: add the attribute
   |
57 ~     #[must_use] 
58 ~     pub fn new(file_meta: FileMeta, num_records: usize) -> Self {
   |

warning: item in documentation is missing backticks
  --> kernel/src/engine/default/parquet.rs:64:17
   |
64 |     /// Convert DataFileMetadata into a record batch which matches the schema returned by
   |                 ^^^^^^^^^^^^^^^^
   |
   = help: for further information visit https://rust-lang.github.io/rust-clippy/master/index.html#doc_markdown
help: try
   |
64 -     /// Convert DataFileMetadata into a record batch which matches the schema returned by
64 +     /// Convert `DataFileMetadata` into a record batch which matches the schema returned by
   |

warning: casting `usize` to `i64` may wrap around the value on targets with 64-bit wide pointers
   --> kernel/src/engine/default/parquet.rs:106:49
    |
106 |             vec![Arc::new(Int64Array::from(vec![*num_records as i64]))],
    |                                                 ^^^^^^^^^^^^^^^^^^^
    |
    = help: for further information visit https://rust-lang.github.io/rust-clippy/master/index.html#cast_possible_wrap

warning: item in documentation is missing backticks
   --> kernel/src/engine/default/parquet.rs:131:62
    |
131 |     /// Max number of batches to read ahead while executing [Self::read_parquet_files()].
    |                                                              ^^^^^^^^^^^^^^^^^^^^^^^^^^
    |
    = help: for further information visit https://rust-lang.github.io/rust-clippy/master/index.html#doc_markdown
help: try
    |
131 -     /// Max number of batches to read ahead while executing [Self::read_parquet_files()].
131 +     /// Max number of batches to read ahead while executing [`Self::read_parquet_files()`].
    |

warning: this method could have a `#[must_use]` attribute
   --> kernel/src/engine/default/parquet.rs:134:12
    |
134 |     pub fn with_readahead(mut self, readahead: usize) -> Self {
    |            ^^^^^^^^^^^^^^
    |
    = help: for further information visit https://rust-lang.github.io/rust-clippy/master/index.html#must_use_candidate
help: add the attribute
    |
134 ~     #[must_use] 
135 ~     pub fn with_readahead(mut self, readahead: usize) -> Self {
    |

warning: missing `#[must_use]` attribute on a method returning `Self`
   --> kernel/src/engine/default/parquet.rs:134:5
    |
134 | /     pub fn with_readahead(mut self, readahead: usize) -> Self {
135 | |         self.readahead = readahead;
136 | |         self
137 | |     }
    | |_____^
    |
    = help: consider adding the `#[must_use]` attribute to the method or directly to the `Self` type
    = help: for further information visit https://rust-lang.github.io/rust-clippy/master/index.html#return_self_not_must_use

warning: item in documentation is missing backticks
   --> kernel/src/engine/default/parquet.rs:188:66
    |
188 |     /// Write `data` to `{path}/<uuid>.parquet` as parquet using ArrowWriter and return the parquet
    |                                                                  ^^^^^^^^^^^
    |
    = help: for further information visit https://rust-lang.github.io/rust-clippy/master/index.html#doc_markdown
help: try
    |
188 -     /// Write `data` to `{path}/<uuid>.parquet` as parquet using ArrowWriter and return the parquet
188 +     /// Write `data` to `{path}/<uuid>.parquet` as parquet using `ArrowWriter` and return the parquet
    |

warning: item in documentation is missing backticks
   --> kernel/src/engine/default/parquet.rs:189:24
    |
189 |     /// metadata as an EngineData batch which matches the [add file metadata] schema (where `<uuid>`
    |                        ^^^^^^^^^^
    |
    = help: for further information visit https://rust-lang.github.io/rust-clippy/master/index.html#doc_markdown
help: try
    |
189 -     /// metadata as an EngineData batch which matches the [add file metadata] schema (where `<uuid>`
189 +     /// metadata as an `EngineData` batch which matches the [add file metadata] schema (where `<uuid>`
    |

warning: item in documentation is missing backticks
   --> kernel/src/engine/default/parquet.rs:190:24
    |
190 |     /// is a generated UUIDv4).
    |                        ^^^^^^
    |
    = help: for further information visit https://rust-lang.github.io/rust-clippy/master/index.html#doc_markdown
help: try
    |
190 -     /// is a generated UUIDv4).
190 +     /// is a generated `UUIDv4`).
    |

warning: docs for function returning `Result` missing `# Errors` section
   --> kernel/src/engine/default/parquet.rs:196:5
    |
196 | /     pub async fn write_parquet_file(
197 | |         &self,
198 | |         path: &url::Url,
199 | |         data: Box<dyn EngineData>,
200 | |         partition_values: HashMap<String, String>,
201 | |     ) -> DeltaResult<Box<dyn EngineData>> {
    | |_________________________________________^
    |
    = help: for further information visit https://rust-lang.github.io/rust-clippy/master/index.html#missing_errors_doc

warning: calling `ArrowReaderOptions::default()` is more clear than this expression
   --> kernel/src/engine/default/parquet.rs:312:73
    |
312 |             let metadata = ArrowReaderMetadata::load_async(&mut reader, Default::default()).await?;
    |                                                                         ^^^^^^^^^^^^^^^^^^ help: try: `ArrowReaderOptions::default()`
    |
    = help: for further information visit https://rust-lang.github.io/rust-clippy/master/index.html#default_trait_access

warning: consider adding a `;` to the last statement for consistent formatting
   --> kernel/src/engine/default/parquet.rs:325:17
    |
325 |                 builder = builder.with_projection(mask)
    |                 ^^^^^^^^^^^^^^^^^^^^^^^^^^^^^^^^^^^^^^^ help: add a `;` here: `builder = builder.with_projection(mask);`
    |
    = help: for further information visit https://rust-lang.github.io/rust-clippy/master/index.html#semicolon_if_nothing_returned

warning: consider adding a `;` to the last statement for consistent formatting
   --> kernel/src/engine/default/parquet.rs:337:17
    |
337 |                 builder = builder.with_limit(limit)
    |                 ^^^^^^^^^^^^^^^^^^^^^^^^^^^^^^^^^^^ help: add a `;` here: `builder = builder.with_limit(limit);`
    |
    = help: for further information visit https://rust-lang.github.io/rust-clippy/master/index.html#semicolon_if_nothing_returned

warning: redundant closure
   --> kernel/src/engine/default/parquet.rs:340:51
    |
340 |             let mut row_indexes = row_indexes.map(|rb| rb.build()).transpose()?;
    |                                                   ^^^^^^^^^^^^^^^ help: replace the closure with the method itself: `super::super::arrow_utils::RowIndexBuilder::build`
    |
    = help: for further information visit https://rust-lang.github.io/rust-clippy/master/index.html#redundant_closure_for_method_calls

warning: calling `ArrowReaderOptions::default()` is more clear than this expression
   --> kernel/src/engine/default/parquet.rs:387:63
    |
387 |             let metadata = ArrowReaderMetadata::load(&reader, Default::default())?;
    |                                                               ^^^^^^^^^^^^^^^^^^ help: try: `ArrowReaderOptions::default()`
    |
    = help: for further information visit https://rust-lang.github.io/rust-clippy/master/index.html#default_trait_access

warning: consider adding a `;` to the last statement for consistent formatting
   --> kernel/src/engine/default/parquet.rs:401:17
    |
401 |                 builder = builder.with_projection(mask)
    |                 ^^^^^^^^^^^^^^^^^^^^^^^^^^^^^^^^^^^^^^^ help: add a `;` here: `builder = builder.with_projection(mask);`
    |
    = help: for further information visit https://rust-lang.github.io/rust-clippy/master/index.html#semicolon_if_nothing_returned

warning: consider adding a `;` to the last statement for consistent formatting
   --> kernel/src/engine/default/parquet.rs:413:17
    |
413 |                 builder = builder.with_limit(limit)
    |                 ^^^^^^^^^^^^^^^^^^^^^^^^^^^^^^^^^^^ help: add a `;` here: `builder = builder.with_limit(limit);`
    |
    = help: for further information visit https://rust-lang.github.io/rust-clippy/master/index.html#semicolon_if_nothing_returned

warning: redundant closure
   --> kernel/src/engine/default/parquet.rs:418:51
    |
418 |             let mut row_indexes = row_indexes.map(|rb| rb.build()).transpose()?;
    |                                                   ^^^^^^^^^^^^^^^ help: replace the closure with the method itself: `super::super::arrow_utils::RowIndexBuilder::build`
    |
    = help: for further information visit https://rust-lang.github.io/rust-clippy/master/index.html#redundant_closure_for_method_calls

warning: item in documentation is missing backticks
  --> kernel/src/engine/default/storage.rs:13:15
   |
13 | /// It uses a HashMap<String, String> which _must_ be converted in [store_from_url_opts]
   |               ^^^^^^^
   |
   = help: for further information visit https://rust-lang.github.io/rust-clippy/master/index.html#doc_markdown
help: try
   |
13 - /// It uses a HashMap<String, String> which _must_ be converted in [store_from_url_opts]
13 + /// It uses a `HashMap`<String, String> which _must_ be converted in [store_from_url_opts]
   |

warning: item in documentation is missing backticks
  --> kernel/src/engine/default/storage.rs:13:69
   |
13 | /// It uses a HashMap<String, String> which _must_ be converted in [store_from_url_opts]
   |                                                                     ^^^^^^^^^^^^^^^^^^^
   |
   = help: for further information visit https://rust-lang.github.io/rust-clippy/master/index.html#doc_markdown
help: try
   |
13 - /// It uses a HashMap<String, String> which _must_ be converted in [store_from_url_opts]
13 + /// It uses a HashMap<String, String> which _must_ be converted in [`store_from_url_opts`]
   |

warning: item in documentation is missing backticks
  --> kernel/src/engine/default/storage.rs:19:9
   |
19 | /// The URL_REGISTRY contains the custom URL scheme handlers that will parse URL options
   |         ^^^^^^^^^^^^
   |
   = help: for further information visit https://rust-lang.github.io/rust-clippy/master/index.html#doc_markdown
help: try
   |
19 - /// The URL_REGISTRY contains the custom URL scheme handlers that will parse URL options
19 + /// The `URL_REGISTRY` contains the custom URL scheme handlers that will parse URL options
   |

warning: item in documentation is missing backticks
  --> kernel/src/engine/default/storage.rs:22:35
   |
22 | /// Insert a new URL handler for [store_from_url_opts] with the given `scheme`. This allows
   |                                   ^^^^^^^^^^^^^^^^^^^
   |
   = help: for further information visit https://rust-lang.github.io/rust-clippy/master/index.html#doc_markdown
help: try
   |
22 - /// Insert a new URL handler for [store_from_url_opts] with the given `scheme`. This allows
22 + /// Insert a new URL handler for [`store_from_url_opts`] with the given `scheme`. This allows
   |

warning: item in documentation is missing backticks
  --> kernel/src/engine/default/storage.rs:23:64
   |
23 | /// users to provide their own custom URL handler to plug new [object_store::ObjectStore]
   |                                                                ^^^^^^^^^^^^^^^^^^^^^^^^^
   |
   = help: for further information visit https://rust-lang.github.io/rust-clippy/master/index.html#doc_markdown
help: try
   |
23 - /// users to provide their own custom URL handler to plug new [object_store::ObjectStore]
23 + /// users to provide their own custom URL handler to plug new [`object_store::ObjectStore`]
   |

warning: item in documentation is missing backticks
  --> kernel/src/engine/default/storage.rs:24:52
   |
24 | /// instances into delta-kernel, which is used by [store_from_url_opts] to parse the URL.
   |                                                    ^^^^^^^^^^^^^^^^^^^
   |
   = help: for further information visit https://rust-lang.github.io/rust-clippy/master/index.html#doc_markdown
help: try
   |
24 - /// instances into delta-kernel, which is used by [store_from_url_opts] to parse the URL.
24 + /// instances into delta-kernel, which is used by [`store_from_url_opts`] to parse the URL.
   |

warning: docs for function returning `Result` missing `# Errors` section
  --> kernel/src/engine/default/storage.rs:25:1
   |
25 | / pub fn insert_url_handler(
26 | |     scheme: impl AsRef<str>,
27 | |     handler_closure: HandlerClosure,
28 | | ) -> Result<(), DeltaError> {
   | |___________________________^
   |
   = help: for further information visit https://rust-lang.github.io/rust-clippy/master/index.html#missing_errors_doc

warning: docs for function returning `Result` missing `# Errors` section
  --> kernel/src/engine/default/storage.rs:57:1
   |
57 | pub fn store_from_url(url: &Url) -> crate::DeltaResult<Arc<dyn ObjectStore>> {
   | ^^^^^^^^^^^^^^^^^^^^^^^^^^^^^^^^^^^^^^^^^^^^^^^^^^^^^^^^^^^^^^^^^^^^^^^^^^^^
   |
   = help: for further information visit https://rust-lang.github.io/rust-clippy/master/index.html#missing_errors_doc

warning: docs for function returning `Result` missing `# Errors` section
  --> kernel/src/engine/default/storage.rs:82:1
   |
82 | / pub fn store_from_url_opts<I, K, V>(
83 | |     url: &Url,
84 | |     options: I,
85 | | ) -> crate::DeltaResult<Arc<dyn ObjectStore>>
...  |
88 | |     K: AsRef<str>,
89 | |     V: Into<String>,
   | |____________________^
   |
   = help: for further information visit https://rust-lang.github.io/rust-clippy/master/index.html#missing_errors_doc

warning: item in documentation is missing backticks
  --> kernel/src/engine/default/mod.rs:70:63
   |
70 |     /// - `task_executor`: Used to spawn async IO tasks. See [executor::TaskExecutor].
   |                                                               ^^^^^^^^^^^^^^^^^^^^^^
   |
   = help: for further information visit https://rust-lang.github.io/rust-clippy/master/index.html#doc_markdown
help: try
   |
70 -     /// - `task_executor`: Used to spawn async IO tasks. See [executor::TaskExecutor].
70 +     /// - `task_executor`: Used to spawn async IO tasks. See [`executor::TaskExecutor`].
   |

warning: this method could have a `#[must_use]` attribute
  --> kernel/src/engine/default/mod.rs:90:12
   |
90 |     pub fn get_object_store_for_url(&self, _url: &Url) -> Option<Arc<DynObjectStore>> {
   |            ^^^^^^^^^^^^^^^^^^^^^^^^
   |
   = help: for further information visit https://rust-lang.github.io/rust-clippy/master/index.html#must_use_candidate
help: add the attribute
   |
90 ~     #[must_use] 
91 ~     pub fn get_object_store_for_url(&self, _url: &Url) -> Option<Arc<DynObjectStore>> {
   |

warning: docs for function returning `Result` missing `# Errors` section
  --> kernel/src/engine/default/mod.rs:94:5
   |
94 | /     pub async fn write_parquet(
95 | |         &self,
96 | |         data: &ArrowEngineData,
97 | |         write_context: &WriteContext,
98 | |         partition_values: HashMap<String, String>,
99 | |     ) -> DeltaResult<Box<dyn EngineData>> {
   | |_________________________________________^
   |
   = help: for further information visit https://rust-lang.github.io/rust-clippy/master/index.html#missing_errors_doc

warning: item in documentation is missing backticks
  --> kernel/src/engine/arrow_data.rs:24:5
   |
24 | /// ArrowEngineData holds an Arrow `RecordBatch`, implements `EngineData` so the kernel can extract from it.
   |     ^^^^^^^^^^^^^^^
   |
   = help: for further information visit https://rust-lang.github.io/rust-clippy/master/index.html#doc_markdown
help: try
   |
24 - /// ArrowEngineData holds an Arrow `RecordBatch`, implements `EngineData` so the kernel can extract from it.
24 + /// `ArrowEngineData` holds an Arrow `RecordBatch`, implements `EngineData` so the kernel can extract from it.
   |

warning: backticks are unbalanced
  --> kernel/src/engine/arrow_data.rs:33:5
   |
33 |   /// A trait to allow easy conversion from [`EngineData`] to an arrow [``RecordBatch`]. Returns an
   |  _____^
34 | | /// error if called on an `EngineData` that is not an `ArrowEngineData`.
   | |________________________________________________________________________^
   |
   = help: a backtick may be missing a pair
   = help: for further information visit https://rust-lang.github.io/rust-clippy/master/index.html#doc_markdown

warning: docs for function returning `Result` missing `# Errors` section
  --> kernel/src/engine/arrow_data.rs:36:5
   |
36 |     fn try_into_record_batch(self) -> DeltaResult<RecordBatch>;
   |     ^^^^^^^^^^^^^^^^^^^^^^^^^^^^^^^^^^^^^^^^^^^^^^^^^^^^^^^^^^^
   |
   = help: for further information visit https://rust-lang.github.io/rust-clippy/master/index.html#missing_errors_doc

warning: item in documentation is missing backticks
  --> kernel/src/engine/arrow_data.rs:59:34
   |
59 | /// Helper function to extract a RecordBatch from EngineData, ensuring it's ArrowEngineData
   |                                  ^^^^^^^^^^^
   |
   = help: for further information visit https://rust-lang.github.io/rust-clippy/master/index.html#doc_markdown
help: try
   |
59 - /// Helper function to extract a RecordBatch from EngineData, ensuring it's ArrowEngineData
59 + /// Helper function to extract a `RecordBatch` from EngineData, ensuring it's ArrowEngineData
   |

warning: item in documentation is missing backticks
  --> kernel/src/engine/arrow_data.rs:59:51
   |
59 | /// Helper function to extract a RecordBatch from EngineData, ensuring it's ArrowEngineData
   |                                                   ^^^^^^^^^^
   |
   = help: for further information visit https://rust-lang.github.io/rust-clippy/master/index.html#doc_markdown
help: try
   |
59 - /// Helper function to extract a RecordBatch from EngineData, ensuring it's ArrowEngineData
59 + /// Helper function to extract a RecordBatch from `EngineData`, ensuring it's ArrowEngineData
   |

warning: item in documentation is missing backticks
  --> kernel/src/engine/arrow_data.rs:59:77
   |
59 | /// Helper function to extract a RecordBatch from EngineData, ensuring it's ArrowEngineData
   |                                                                             ^^^^^^^^^^^^^^^
   |
   = help: for further information visit https://rust-lang.github.io/rust-clippy/master/index.html#doc_markdown
help: try
   |
59 - /// Helper function to extract a RecordBatch from EngineData, ensuring it's ArrowEngineData
59 + /// Helper function to extract a RecordBatch from EngineData, ensuring it's `ArrowEngineData`
   |

warning: this method could have a `#[must_use]` attribute
  --> kernel/src/engine/arrow_data.rs:78:12
   |
78 |     pub fn new(data: RecordBatch) -> Self {
   |            ^^^
   |
   = help: for further information visit https://rust-lang.github.io/rust-clippy/master/index.html#must_use_candidate
help: add the attribute
   |
78 ~     #[must_use] 
79 ~     pub fn new(data: RecordBatch) -> Self {
   |

warning: docs for function returning `Result` missing `# Errors` section
  --> kernel/src/engine/arrow_data.rs:83:5
   |
83 |     pub fn try_from_engine_data(engine_data: Box<dyn EngineData>) -> DeltaResult<Box<Self>> {
   |     ^^^^^^^^^^^^^^^^^^^^^^^^^^^^^^^^^^^^^^^^^^^^^^^^^^^^^^^^^^^^^^^^^^^^^^^^^^^^^^^^^^^^^^^
   |
   = help: for further information visit https://rust-lang.github.io/rust-clippy/master/index.html#missing_errors_doc

warning: this method could have a `#[must_use]` attribute
  --> kernel/src/engine/arrow_data.rs:91:12
   |
91 |     pub fn record_batch(&self) -> &RecordBatch {
   |            ^^^^^^^^^^^^
   |
   = help: for further information visit https://rust-lang.github.io/rust-clippy/master/index.html#must_use_candidate
help: add the attribute
   |
91 ~     #[must_use] 
92 ~     pub fn record_batch(&self) -> &RecordBatch {
   |

warning: casting `i32` to `usize` may lose the sign of the value
   --> kernel/src/engine/arrow_data.rs:146:28
    |
146 |         let start_offset = offsets[row_index] as usize;
    |                            ^^^^^^^^^^^^^^^^^^^^^^^^^^^
    |
    = help: for further information visit https://rust-lang.github.io/rust-clippy/master/index.html#cast_sign_loss

warning: casting `i32` to `usize` may lose the sign of the value
   --> kernel/src/engine/arrow_data.rs:147:21
    |
147 |         let count = offsets[row_index + 1] as usize - start_offset;
    |                     ^^^^^^^^^^^^^^^^^^^^^^^^^^^^^^^
    |
    = help: for further information visit https://rust-lang.github.io/rust-clippy/master/index.html#cast_sign_loss

warning: an inclusive range would be more readable
   --> kernel/src/engine/arrow_data.rs:227:37
    |
227 |                 mask.insert(&column[..i + 1]);
    |                                     ^^^^^^^ help: use: `..=i`
    |
    = help: for further information visit https://rust-lang.github.io/rust-clippy/master/index.html#range_plus_one
    = note: `-W clippy::range-plus-one` implied by `-W clippy::pedantic`
    = help: to override `-W clippy::pedantic` add `#[allow(clippy::range_plus_one)]`

warning: explicit `deref` method call
  --> kernel/src/engine/ensure_data_types.rs:95:46
   |
95 |                 let [key_type, value_type] = fields.deref() else {
   |                                              ^^^^^^^^^^^^^^ help: try: `&**fields`
   |
   = help: for further information visit https://rust-lang.github.io/rust-clippy/master/index.html#explicit_deref_methods

warning: usage of `FromIterator::from_iter`
   --> kernel/src/engine/ensure_data_types.rs:127:25
    |
127 |                         HashSet::from_iter(arrow_fields.iter().map(|f| f.name()));
    |                         ^^^^^^^^^^^^^^^^^^^^^^^^^^^^^^^^^^^^^^^^^^^^^^^^^^^^^^^^^ help: use `.collect()` instead of `::from_iter()`: `arrow_fields.iter().map(|f| f.name()).collect::<HashSet<_>>()`
    |
    = help: for further information visit https://rust-lang.github.io/rust-clippy/master/index.html#from_iter_instead_of_collect
    = note: `-W clippy::from-iter-instead-of-collect` implied by `-W clippy::pedantic`
    = help: to override `-W clippy::pedantic` add `#[allow(clippy::from_iter_instead_of_collect)]`

warning: usage of wildcard import for enum variants
   --> kernel/src/engine/ensure_data_types.rs:192:9
    |
192 |     use ArrowDataType::*;
    |         ^^^^^^^^^^^^^^^^ help: try: `ArrowDataType::{Int8, Int16, Int32, Int64, Float64, Float32, Decimal128, Date32, Timestamp}`
    |
    = help: for further information visit https://rust-lang.github.io/rust-clippy/master/index.html#enum_glob_use

warning: these match arms have identical bodies
   --> kernel/src/engine/ensure_data_types.rs:201:9
    |
201 |         (Int8, Int16 | Int32 | Int64 | Float64) => Ok(DataTypeCompat::NeedsCast(target_type)),
    |         ^^^^^^^^^^^^^^^^^^^^^^^^^^^^^^^^^^^^^^^^^^^^^^^^^^^^^^^^^^^^^^^^^^^^^^^^^^^^^^^^^^^^^
202 |         (Int16, Int32 | Int64 | Float64) => Ok(DataTypeCompat::NeedsCast(target_type)),
    |         ^^^^^^^^^^^^^^^^^^^^^^^^^^^^^^^^^^^^^^^^^^^^^^^^^^^^^^^^^^^^^^^^^^^^^^^^^^^^^^
203 |         (Int32, Int64 | Float64) => Ok(DataTypeCompat::NeedsCast(target_type)),
    |         ^^^^^^^^^^^^^^^^^^^^^^^^^^^^^^^^^^^^^^^^^^^^^^^^^^^^^^^^^^^^^^^^^^^^^^
204 |         (Float32, Float64) => Ok(DataTypeCompat::NeedsCast(target_type)),
    |         ^^^^^^^^^^^^^^^^^^^^^^^^^^^^^^^^^^^^^^^^^^^^^^^^^^^^^^^^^^^^^^^^
...
208 |         (Date32, Timestamp(_, None)) => Ok(DataTypeCompat::NeedsCast(target_type)),
    |         ^^^^^^^^^^^^^^^^^^^^^^^^^^^^^^^^^^^^^^^^^^^^^^^^^^^^^^^^^^^^^^^^^^^^^^^^^^
    |
    = help: if this is unintentional make the arms return different values
    = help: for further information visit https://rust-lang.github.io/rust-clippy/master/index.html#match_same_arms
help: otherwise merge the patterns into a single arm
    |
201 ~         (Int8, Int16 | Int32 | Int64 | Float64) | (Int16, Int32 | Int64 | Float64) | (Int32, Int64 | Float64) | (Float32, Float64) | (Date32, Timestamp(_, None)) => Ok(DataTypeCompat::NeedsCast(target_type)),
202 ~         (_, Decimal128(p, s)) if can_upcast_to_decimal(source_type, *p, *s) => {
203 |             Ok(DataTypeCompat::NeedsCast(target_type))
204 |         }
205 ~         _ => Err(make_arrow_error(format!(
    |

warning: usage of wildcard import for enum variants
   --> kernel/src/engine/ensure_data_types.rs:222:9
    |
222 |     use ArrowDataType::*;
    |         ^^^^^^^^^^^^^^^^ help: try: `ArrowDataType::{Decimal128, Int8, Int16, Int32, Int64}`
    |
    = help: for further information visit https://rust-lang.github.io/rust-clippy/master/index.html#enum_glob_use

warning: casting `i8` to `u8` may lose the sign of the value
   --> kernel/src/engine/ensure_data_types.rs:236:51
    |
236 |         && target_precision - source_precision >= (target_scale - source_scale) as u8
    |                                                   ^^^^^^^^^^^^^^^^^^^^^^^^^^^^^^^^^^^
    |
    = help: for further information visit https://rust-lang.github.io/rust-clippy/master/index.html#cast_sign_loss

warning: item in documentation is missing backticks
  --> kernel/src/engine/parquet_row_group_skipping.rs:54:7
   |
54 | /// A ParquetStatsSkippingFilter for row group skipping. It obtains stats from a parquet
   |       ^^^^^^^^^^^^^^^^^^^^^^^^^^
   |
   = help: for further information visit https://rust-lang.github.io/rust-clippy/master/index.html#doc_markdown
help: try
   |
54 - /// A ParquetStatsSkippingFilter for row group skipping. It obtains stats from a parquet
54 + /// A `ParquetStatsSkippingFilter` for row group skipping. It obtains stats from a parquet
   |

warning: consider using `Option<T>` instead of `Option<Option<T>>` or a custom enum if you need to distinguish all 3 cases
  --> kernel/src/engine/parquet_row_group_skipping.rs:78:46
   |
78 |     fn get_stats(&self, col: &ColumnName) -> Option<Option<&Statistics>> {
   |                                              ^^^^^^^^^^^^^^^^^^^^^^^^^^^
   |
   = help: for further information visit https://rust-lang.github.io/rust-clippy/master/index.html#option_option
   = note: `-W clippy::option-option` implied by `-W clippy::pedantic`
   = help: to override `-W clippy::pedantic` add `#[allow(clippy::option_option)]`

warning: usage of wildcard import for enum variants
   --> kernel/src/engine/parquet_row_group_skipping.rs:110:13
    |
110 |         use PrimitiveType::*;
    |             ^^^^^^^^^^^^^^^^ help: try: `PrimitiveType::{String, Long, Integer, Short, Byte, Float, Double, Boolean, Binary, Date, Timestamp, TimestampNtz, Decimal}`
    |
    = help: for further information visit https://rust-lang.github.io/rust-clippy/master/index.html#enum_glob_use

warning: these match arms have identical bodies
   --> kernel/src/engine/parquet_row_group_skipping.rs:114:13
    |
114 |             (String, _) => return None,
    |             ^^^^^^^^^^^^^^^^^^^^^^^^^^
...
117 |             (Long, _) => return None,
    |             ^^^^^^^^^^^^^^^^^^^^^^^^
118 |             (Integer, Statistics::Int32(s)) => s.min_opt()?.into(),
119 |             (Integer, _) => return None,
    |             ^^^^^^^^^^^^^^^^^^^^^^^^^^^
120 |             (Short, Statistics::Int32(s)) => (*s.min_opt()? as i16).into(),
121 |             (Short, _) => return None,
    |             ^^^^^^^^^^^^^^^^^^^^^^^^^
122 |             (Byte, Statistics::Int32(s)) => (*s.min_opt()? as i8).into(),
123 |             (Byte, _) => return None,
    |             ^^^^^^^^^^^^^^^^^^^^^^^^
124 |             (Float, Statistics::Float(s)) => s.min_opt()?.into(),
125 |             (Float, _) => return None,
    |             ^^^^^^^^^^^^^^^^^^^^^^^^^
...
128 |             (Double, _) => return None,
    |             ^^^^^^^^^^^^^^^^^^^^^^^^^^
129 |             (Boolean, Statistics::Boolean(s)) => s.min_opt()?.into(),
130 |             (Boolean, _) => return None,
    |             ^^^^^^^^^^^^^^^^^^^^^^^^^^^
...
133 |             (Binary, _) => return None,
    |             ^^^^^^^^^^^^^^^^^^^^^^^^^^
134 |             (Date, Statistics::Int32(s)) => Scalar::Date(*s.min_opt()?),
135 |             (Date, _) => return None,
    |             ^^^^^^^^^^^^^^^^^^^^^^^^
136 |             (Timestamp, Statistics::Int64(s)) => Scalar::Timestamp(*s.min_opt()?),
137 |             (Timestamp, _) => return None, // TODO: Int96 timestamps
    |             ^^^^^^^^^^^^^^^^^^^^^^^^^^^^^
...
140 |             (TimestampNtz, _) => return None, // TODO: Int96 timestamps
    |             ^^^^^^^^^^^^^^^^^^^^^^^^^^^^^^^^
...
150 |             (Decimal(..), _) => return None,
    |             ^^^^^^^^^^^^^^^^^^^^^^^^^^^^^^^
    |
    = help: if this is unintentional make the arms return different values
    = help: for further information visit https://rust-lang.github.io/rust-clippy/master/index.html#match_same_arms
help: otherwise merge the patterns into a single arm
    |
114 ~             (Long, Statistics::Int64(s)) => s.min_opt()?.into(),
115 |             (Long, Statistics::Int32(s)) => (*s.min_opt()? as i64).into(),
116 ~             (Integer, Statistics::Int32(s)) => s.min_opt()?.into(),
117 ~             (Short, Statistics::Int32(s)) => (*s.min_opt()? as i16).into(),
118 ~             (Byte, Statistics::Int32(s)) => (*s.min_opt()? as i8).into(),
119 ~             (Float, Statistics::Float(s)) => s.min_opt()?.into(),
120 ~             (Double, Statistics::Double(s)) => s.min_opt()?.into(),
121 |             (Double, Statistics::Float(s)) => (*s.min_opt()? as f64).into(),
122 ~             (Boolean, Statistics::Boolean(s)) => s.min_opt()?.into(),
123 ~             (Binary, Statistics::ByteArray(s)) => s.min_opt()?.data().into(),
124 |             (Binary, Statistics::FixedLenByteArray(s)) => s.min_opt()?.data().into(),
125 ~             (Date, Statistics::Int32(s)) => Scalar::Date(*s.min_opt()?),
126 ~             (Timestamp, Statistics::Int64(s)) => Scalar::Timestamp(*s.min_opt()?),
127 ~             // TODO: Int96 timestamps
128 |             (TimestampNtz, Statistics::Int64(s)) => Scalar::TimestampNtz(*s.min_opt()?),
129 |             (TimestampNtz, Statistics::Int32(s)) => Self::timestamp_from_date(s.min_opt())?,
130 ~             // TODO: Int96 timestamps
131 |             (Decimal(d), Statistics::Int32(i)) => {
...
139 |             }
140 ~             (String, _) | (Long, _) | (Integer, _) | (Short, _) | (Byte, _) | (Float, _) | (Double, _) | (Boolean, _) | (Binary, _) | (Date, _) | (Timestamp, _) | (TimestampNtz, _) | (Decimal(..), _) => return None,
    |

warning: casts from `i32` to `i64` can be expressed infallibly using `From`
   --> kernel/src/engine/parquet_row_group_skipping.rs:116:45
    |
116 |             (Long, Statistics::Int32(s)) => (*s.min_opt()? as i64).into(),
    |                                             ^^^^^^^^^^^^^^^^^^^^^^
    |
    = help: an `as` cast can become silently lossy if the types change in the future
    = help: for further information visit https://rust-lang.github.io/rust-clippy/master/index.html#cast_lossless
help: use `i64::from` instead
    |
116 -             (Long, Statistics::Int32(s)) => (*s.min_opt()? as i64).into(),
116 +             (Long, Statistics::Int32(s)) => i64::from(*s.min_opt()?).into(),
    |

warning: casting `i32` to `i16` may truncate the value
   --> kernel/src/engine/parquet_row_group_skipping.rs:120:46
    |
120 |             (Short, Statistics::Int32(s)) => (*s.min_opt()? as i16).into(),
    |                                              ^^^^^^^^^^^^^^^^^^^^^^
    |
    = help: if this is intentional allow the lint with `#[allow(clippy::cast_possible_truncation)]` ...
    = help: for further information visit https://rust-lang.github.io/rust-clippy/master/index.html#cast_possible_truncation
help: ... or use `try_from` and handle the error accordingly
    |
120 -             (Short, Statistics::Int32(s)) => (*s.min_opt()? as i16).into(),
120 +             (Short, Statistics::Int32(s)) => i16::try_from(*s.min_opt()?).into(),
    |

warning: casting `i32` to `i8` may truncate the value
   --> kernel/src/engine/parquet_row_group_skipping.rs:122:45
    |
122 |             (Byte, Statistics::Int32(s)) => (*s.min_opt()? as i8).into(),
    |                                             ^^^^^^^^^^^^^^^^^^^^^
    |
    = help: if this is intentional allow the lint with `#[allow(clippy::cast_possible_truncation)]` ...
    = help: for further information visit https://rust-lang.github.io/rust-clippy/master/index.html#cast_possible_truncation
help: ... or use `try_from` and handle the error accordingly
    |
122 -             (Byte, Statistics::Int32(s)) => (*s.min_opt()? as i8).into(),
122 +             (Byte, Statistics::Int32(s)) => i8::try_from(*s.min_opt()?).into(),
    |

warning: casts from `f32` to `f64` can be expressed infallibly using `From`
   --> kernel/src/engine/parquet_row_group_skipping.rs:127:47
    |
127 |             (Double, Statistics::Float(s)) => (*s.min_opt()? as f64).into(),
    |                                               ^^^^^^^^^^^^^^^^^^^^^^
    |
    = help: an `as` cast can become silently lossy if the types change in the future
    = help: for further information visit https://rust-lang.github.io/rust-clippy/master/index.html#cast_lossless
help: use `f64::from` instead
    |
127 -             (Double, Statistics::Float(s)) => (*s.min_opt()? as f64).into(),
127 +             (Double, Statistics::Float(s)) => f64::from(*s.min_opt()?).into(),
    |

warning: usage of wildcard import for enum variants
   --> kernel/src/engine/parquet_row_group_skipping.rs:156:13
    |
156 |         use PrimitiveType::*;
    |             ^^^^^^^^^^^^^^^^ help: try: `PrimitiveType::{String, Long, Integer, Short, Byte, Float, Double, Boolean, Binary, Date, Timestamp, TimestampNtz, Decimal}`
    |
    = help: for further information visit https://rust-lang.github.io/rust-clippy/master/index.html#enum_glob_use

warning: these match arms have identical bodies
   --> kernel/src/engine/parquet_row_group_skipping.rs:160:13
    |
160 |             (String, _) => return None,
    |             ^^^^^^^^^^^^^^^^^^^^^^^^^^
...
163 |             (Long, _) => return None,
    |             ^^^^^^^^^^^^^^^^^^^^^^^^
164 |             (Integer, Statistics::Int32(s)) => s.max_opt()?.into(),
165 |             (Integer, _) => return None,
    |             ^^^^^^^^^^^^^^^^^^^^^^^^^^^
166 |             (Short, Statistics::Int32(s)) => (*s.max_opt()? as i16).into(),
167 |             (Short, _) => return None,
    |             ^^^^^^^^^^^^^^^^^^^^^^^^^
168 |             (Byte, Statistics::Int32(s)) => (*s.max_opt()? as i8).into(),
169 |             (Byte, _) => return None,
    |             ^^^^^^^^^^^^^^^^^^^^^^^^
170 |             (Float, Statistics::Float(s)) => s.max_opt()?.into(),
171 |             (Float, _) => return None,
    |             ^^^^^^^^^^^^^^^^^^^^^^^^^
...
174 |             (Double, _) => return None,
    |             ^^^^^^^^^^^^^^^^^^^^^^^^^^
175 |             (Boolean, Statistics::Boolean(s)) => s.max_opt()?.into(),
176 |             (Boolean, _) => return None,
    |             ^^^^^^^^^^^^^^^^^^^^^^^^^^^
...
179 |             (Binary, _) => return None,
    |             ^^^^^^^^^^^^^^^^^^^^^^^^^^
180 |             (Date, Statistics::Int32(s)) => Scalar::Date(*s.max_opt()?),
181 |             (Date, _) => return None,
    |             ^^^^^^^^^^^^^^^^^^^^^^^^
182 |             (Timestamp, Statistics::Int64(s)) => Scalar::Timestamp(*s.max_opt()?),
183 |             (Timestamp, _) => return None, // TODO: Int96 timestamps
    |             ^^^^^^^^^^^^^^^^^^^^^^^^^^^^^
...
186 |             (TimestampNtz, _) => return None, // TODO: Int96 timestamps
    |             ^^^^^^^^^^^^^^^^^^^^^^^^^^^^^^^^
...
196 |             (Decimal(..), _) => return None,
    |             ^^^^^^^^^^^^^^^^^^^^^^^^^^^^^^^
    |
    = help: if this is unintentional make the arms return different values
    = help: for further information visit https://rust-lang.github.io/rust-clippy/master/index.html#match_same_arms
help: otherwise merge the patterns into a single arm
    |
160 ~             (Long, Statistics::Int64(s)) => s.max_opt()?.into(),
161 |             (Long, Statistics::Int32(s)) => (*s.max_opt()? as i64).into(),
162 ~             (Integer, Statistics::Int32(s)) => s.max_opt()?.into(),
163 ~             (Short, Statistics::Int32(s)) => (*s.max_opt()? as i16).into(),
164 ~             (Byte, Statistics::Int32(s)) => (*s.max_opt()? as i8).into(),
165 ~             (Float, Statistics::Float(s)) => s.max_opt()?.into(),
166 ~             (Double, Statistics::Double(s)) => s.max_opt()?.into(),
167 |             (Double, Statistics::Float(s)) => (*s.max_opt()? as f64).into(),
168 ~             (Boolean, Statistics::Boolean(s)) => s.max_opt()?.into(),
169 ~             (Binary, Statistics::ByteArray(s)) => s.max_opt()?.data().into(),
170 |             (Binary, Statistics::FixedLenByteArray(s)) => s.max_opt()?.data().into(),
171 ~             (Date, Statistics::Int32(s)) => Scalar::Date(*s.max_opt()?),
172 ~             (Timestamp, Statistics::Int64(s)) => Scalar::Timestamp(*s.max_opt()?),
173 ~             // TODO: Int96 timestamps
174 |             (TimestampNtz, Statistics::Int64(s)) => Scalar::TimestampNtz(*s.max_opt()?),
175 |             (TimestampNtz, Statistics::Int32(s)) => Self::timestamp_from_date(s.max_opt())?,
176 ~             // TODO: Int96 timestamps
177 |             (Decimal(d), Statistics::Int32(i)) => {
...
185 |             }
186 ~             (String, _) | (Long, _) | (Integer, _) | (Short, _) | (Byte, _) | (Float, _) | (Double, _) | (Boolean, _) | (Binary, _) | (Date, _) | (Timestamp, _) | (TimestampNtz, _) | (Decimal(..), _) => return None,
    |

warning: casts from `i32` to `i64` can be expressed infallibly using `From`
   --> kernel/src/engine/parquet_row_group_skipping.rs:162:45
    |
162 |             (Long, Statistics::Int32(s)) => (*s.max_opt()? as i64).into(),
    |                                             ^^^^^^^^^^^^^^^^^^^^^^
    |
    = help: an `as` cast can become silently lossy if the types change in the future
    = help: for further information visit https://rust-lang.github.io/rust-clippy/master/index.html#cast_lossless
help: use `i64::from` instead
    |
162 -             (Long, Statistics::Int32(s)) => (*s.max_opt()? as i64).into(),
162 +             (Long, Statistics::Int32(s)) => i64::from(*s.max_opt()?).into(),
    |

warning: casting `i32` to `i16` may truncate the value
   --> kernel/src/engine/parquet_row_group_skipping.rs:166:46
    |
166 |             (Short, Statistics::Int32(s)) => (*s.max_opt()? as i16).into(),
    |                                              ^^^^^^^^^^^^^^^^^^^^^^
    |
    = help: if this is intentional allow the lint with `#[allow(clippy::cast_possible_truncation)]` ...
    = help: for further information visit https://rust-lang.github.io/rust-clippy/master/index.html#cast_possible_truncation
help: ... or use `try_from` and handle the error accordingly
    |
166 -             (Short, Statistics::Int32(s)) => (*s.max_opt()? as i16).into(),
166 +             (Short, Statistics::Int32(s)) => i16::try_from(*s.max_opt()?).into(),
    |

warning: casting `i32` to `i8` may truncate the value
   --> kernel/src/engine/parquet_row_group_skipping.rs:168:45
    |
168 |             (Byte, Statistics::Int32(s)) => (*s.max_opt()? as i8).into(),
    |                                             ^^^^^^^^^^^^^^^^^^^^^
    |
    = help: if this is intentional allow the lint with `#[allow(clippy::cast_possible_truncation)]` ...
    = help: for further information visit https://rust-lang.github.io/rust-clippy/master/index.html#cast_possible_truncation
help: ... or use `try_from` and handle the error accordingly
    |
168 -             (Byte, Statistics::Int32(s)) => (*s.max_opt()? as i8).into(),
168 +             (Byte, Statistics::Int32(s)) => i8::try_from(*s.max_opt()?).into(),
    |

warning: casts from `f32` to `f64` can be expressed infallibly using `From`
   --> kernel/src/engine/parquet_row_group_skipping.rs:173:47
    |
173 |             (Double, Statistics::Float(s)) => (*s.max_opt()? as f64).into(),
    |                                               ^^^^^^^^^^^^^^^^^^^^^^
    |
    = help: an `as` cast can become silently lossy if the types change in the future
    = help: for further information visit https://rust-lang.github.io/rust-clippy/master/index.html#cast_lossless
help: use `f64::from` instead
    |
173 -             (Double, Statistics::Float(s)) => (*s.max_opt()? as f64).into(),
173 +             (Double, Statistics::Float(s)) => f64::from(*s.max_opt()?).into(),
    |

warning: casting `u64` to `i64` may wrap around the value
   --> kernel/src/engine/parquet_row_group_skipping.rs:231:14
    |
231 |         Some(nullcount? as i64)
    |              ^^^^^^^^^^^^^^^^^
    |
    = help: for further information visit https://rust-lang.github.io/rust-clippy/master/index.html#cast_possible_wrap

warning: matching over `()` is more explicit
   --> kernel/src/lib.rs:219:23
    |
219 |             .map_err(|_| Error::generic(format!("Invalid path: {:?}", ent.path())))?;
    |                       ^ help: use `()` instead of `_`: `()`
    |
    = help: for further information visit https://rust-lang.github.io/rust-clippy/master/index.html#ignored_unit_patterns

warning: unnecessary `Debug` formatting in `format!` args
   --> kernel/src/lib.rs:219:71
    |
219 |             .map_err(|_| Error::generic(format!("Invalid path: {:?}", ent.path())))?;
    |                                                                       ^^^^^^^^^^
    |
    = help: use `Display` formatting and change this to `ent.path().display()`
    = note: switching to `Display` formatting will change how the value is shown; escaped characters will no longer be escaped and surrounding quotes will be removed
    = help: for further information visit https://rust-lang.github.io/rust-clippy/master/index.html#unnecessary_debug_formatting

warning: this method could have a `#[must_use]` attribute
   --> kernel/src/lib.rs:236:12
    |
236 |     pub fn new(location: Url, last_modified: i64, size: u64) -> Self {
    |            ^^^
    |
    = help: for further information visit https://rust-lang.github.io/rust-clippy/master/index.html#must_use_candidate
help: add the attribute
    |
236 ~     #[must_use] 
237 ~     pub fn new(location: Url, last_modified: i64, size: u64) -> Self {
    |

warning: item in documentation is missing backticks
   --> kernel/src/lib.rs:379:67
    |
379 | /// It contains one Expression which can be evaluated on multiple ColumnarBatches.
    |                                                                   ^^^^^^^^^^^^^^^
    |
    = help: for further information visit https://rust-lang.github.io/rust-clippy/master/index.html#doc_markdown
help: try
    |
379 - /// It contains one Expression which can be evaluated on multiple ColumnarBatches.
379 + /// It contains one Expression which can be evaluated on multiple `ColumnarBatches`.
    |

warning: item in documentation is missing backticks
   --> kernel/src/lib.rs:383:44
    |
383 |     /// Evaluate the expression on a given EngineData.
    |                                            ^^^^^^^^^^
    |
    = help: for further information visit https://rust-lang.github.io/rust-clippy/master/index.html#doc_markdown
help: try
    |
383 -     /// Evaluate the expression on a given EngineData.
383 +     /// Evaluate the expression on a given `EngineData`.
    |

warning: docs for function returning `Result` missing `# Errors` section
   --> kernel/src/lib.rs:387:5
    |
387 |     fn evaluate(&self, batch: &dyn EngineData) -> DeltaResult<Box<dyn EngineData>>;
    |     ^^^^^^^^^^^^^^^^^^^^^^^^^^^^^^^^^^^^^^^^^^^^^^^^^^^^^^^^^^^^^^^^^^^^^^^^^^^^^^^
    |
    = help: for further information visit https://rust-lang.github.io/rust-clippy/master/index.html#missing_errors_doc

warning: item in documentation is missing backticks
   --> kernel/src/lib.rs:392:66
    |
392 | /// It contains one Predicate which can be evaluated on multiple ColumnarBatches.
    |                                                                  ^^^^^^^^^^^^^^^
    |
    = help: for further information visit https://rust-lang.github.io/rust-clippy/master/index.html#doc_markdown
help: try
    |
392 - /// It contains one Predicate which can be evaluated on multiple ColumnarBatches.
392 + /// It contains one Predicate which can be evaluated on multiple `ColumnarBatches`.
    |

warning: item in documentation is missing backticks
   --> kernel/src/lib.rs:396:43
    |
396 |     /// Evaluate the predicate on a given EngineData.
    |                                           ^^^^^^^^^^
    |
    = help: for further information visit https://rust-lang.github.io/rust-clippy/master/index.html#doc_markdown
help: try
    |
396 -     /// Evaluate the predicate on a given EngineData.
396 +     /// Evaluate the predicate on a given `EngineData`.
    |

warning: docs for function returning `Result` missing `# Errors` section
   --> kernel/src/lib.rs:399:5
    |
399 |     fn evaluate(&self, batch: &dyn EngineData) -> DeltaResult<Box<dyn EngineData>>;
    |     ^^^^^^^^^^^^^^^^^^^^^^^^^^^^^^^^^^^^^^^^^^^^^^^^^^^^^^^^^^^^^^^^^^^^^^^^^^^^^^^
    |
    = help: for further information visit https://rust-lang.github.io/rust-clippy/master/index.html#missing_errors_doc

warning: docs for function returning `Result` missing `# Errors` section
   --> kernel/src/lib.rs:424:5
    |
424 | /     fn new_expression_evaluator(
425 | |         &self,
426 | |         input_schema: SchemaRef,
427 | |         expression: ExpressionRef,
428 | |         output_type: DataType,
429 | |     ) -> DeltaResult<Arc<dyn ExpressionEvaluator>>;
    | |___________________________________________________^
    |
    = help: for further information visit https://rust-lang.github.io/rust-clippy/master/index.html#missing_errors_doc

warning: docs for function returning `Result` missing `# Errors` section
   --> kernel/src/lib.rs:442:5
    |
442 | /     fn new_predicate_evaluator(
443 | |         &self,
444 | |         input_schema: SchemaRef,
445 | |         predicate: PredicateRef,
446 | |     ) -> DeltaResult<Arc<dyn PredicateEvaluator>>;
    | |__________________________________________________^
    |
    = help: for further information visit https://rust-lang.github.io/rust-clippy/master/index.html#missing_errors_doc

warning: docs for function returning `Result` missing `# Errors` section
   --> kernel/src/lib.rs:452:5
    |
452 |     fn null_row(&self, output_schema: SchemaRef) -> DeltaResult<Box<dyn EngineData>>;
    |     ^^^^^^^^^^^^^^^^^^^^^^^^^^^^^^^^^^^^^^^^^^^^^^^^^^^^^^^^^^^^^^^^^^^^^^^^^^^^^^^^^
    |
    = help: for further information visit https://rust-lang.github.io/rust-clippy/master/index.html#missing_errors_doc

warning: item in documentation is missing backticks
   --> kernel/src/lib.rs:456:5
    |
456 | /// EvaluationHandlers.
    |     ^^^^^^^^^^^^^^^^^^
    |
    = help: for further information visit https://rust-lang.github.io/rust-clippy/master/index.html#doc_markdown
help: try
    |
456 - /// EvaluationHandlers.
456 + /// `EvaluationHandlers`.
    |

warning: item in documentation is missing backticks
   --> kernel/src/lib.rs:486:61
    |
486 | /// A trait that allows converting a type into (single-row) EngineData
    |                                                             ^^^^^^^^^^
    |
    = help: for further information visit https://rust-lang.github.io/rust-clippy/master/index.html#doc_markdown
help: try
    |
486 - /// A trait that allows converting a type into (single-row) EngineData
486 + /// A trait that allows converting a type into (single-row) `EngineData`
    |

warning: item in documentation is missing backticks
   --> kernel/src/lib.rs:490:30
    |
490 | /// to convert a struct into EngineData.
    |                              ^^^^^^^^^^
    |
    = help: for further information visit https://rust-lang.github.io/rust-clippy/master/index.html#doc_markdown
help: try
    |
490 - /// to convert a struct into EngineData.
490 + /// to convert a struct into `EngineData`.
    |

warning: item in documentation is missing backticks
   --> kernel/src/lib.rs:511:51
    |
511 |     /// Consume this type to produce a single-row EngineData using the provided schema.
    |                                                   ^^^^^^^^^^
    |
    = help: for further information visit https://rust-lang.github.io/rust-clippy/master/index.html#doc_markdown
help: try
    |
511 -     /// Consume this type to produce a single-row EngineData using the provided schema.
511 +     /// Consume this type to produce a single-row `EngineData` using the provided schema.
    |

warning: docs for function returning `Result` missing `# Errors` section
   --> kernel/src/lib.rs:530:5
    |
530 | /     fn list_from(&self, path: &Url)
531 | |         -> DeltaResult<Box<dyn Iterator<Item = DeltaResult<FileMeta>>>>;
    | |________________________________________________________________________^
    |
    = help: for further information visit https://rust-lang.github.io/rust-clippy/master/index.html#missing_errors_doc

warning: docs for function returning `Result` missing `# Errors` section
   --> kernel/src/lib.rs:534:5
    |
534 | /     fn read_files(
535 | |         &self,
536 | |         files: Vec<FileSlice>,
537 | |     ) -> DeltaResult<Box<dyn Iterator<Item = DeltaResult<Bytes>>>>;
    | |___________________________________________________________________^
    |
    = help: for further information visit https://rust-lang.github.io/rust-clippy/master/index.html#missing_errors_doc

warning: item in documentation is missing backticks
   --> kernel/src/lib.rs:540:24
    |
540 |     /// it must return Err(Error::FileAlreadyExists).
    |                        ^^^^^^^^^^^^^^^^^^^^^^^^^^^^^
    |
    = help: for further information visit https://rust-lang.github.io/rust-clippy/master/index.html#doc_markdown
help: try
    |
540 -     /// it must return Err(Error::FileAlreadyExists).
540 +     /// it must return `Err(Error::FileAlreadyExists)`.
    |

warning: docs for function returning `Result` missing `# Errors` section
   --> kernel/src/lib.rs:541:5
    |
541 |     fn copy_atomic(&self, src: &Url, dest: &Url) -> DeltaResult<()>;
    |     ^^^^^^^^^^^^^^^^^^^^^^^^^^^^^^^^^^^^^^^^^^^^^^^^^^^^^^^^^^^^^^^^
    |
    = help: for further information visit https://rust-lang.github.io/rust-clippy/master/index.html#missing_errors_doc

warning: docs for function returning `Result` missing `# Errors` section
   --> kernel/src/lib.rs:546:5
    |
546 |     fn head(&self, path: &Url) -> DeltaResult<FileMeta>;
    |     ^^^^^^^^^^^^^^^^^^^^^^^^^^^^^^^^^^^^^^^^^^^^^^^^^^^^
    |
    = help: for further information visit https://rust-lang.github.io/rust-clippy/master/index.html#missing_errors_doc

warning: item in documentation is missing backticks
   --> kernel/src/lib.rs:556:9
    |
556 |     /// json_strings MUST be a single column batch of engine data, and the column type must be string
    |         ^^^^^^^^^^^^
    |
    = help: for further information visit https://rust-lang.github.io/rust-clippy/master/index.html#doc_markdown
help: try
    |
556 -     /// json_strings MUST be a single column batch of engine data, and the column type must be string
556 +     /// `json_strings` MUST be a single column batch of engine data, and the column type must be string
    |

warning: docs for function returning `Result` missing `# Errors` section
   --> kernel/src/lib.rs:557:5
    |
557 | /     fn parse_json(
558 | |         &self,
559 | |         json_strings: Box<dyn EngineData>,
560 | |         output_schema: SchemaRef,
561 | |     ) -> DeltaResult<Box<dyn EngineData>>;
    | |__________________________________________^
    |
    = help: for further information visit https://rust-lang.github.io/rust-clippy/master/index.html#missing_errors_doc

warning: possible intra-doc link using quotes instead of backticks
   --> kernel/src/lib.rs:565:83
    |
565 |     /// data from files in the order that `files` is given. For example if files ["a", "b"] is provided,
    |                                                                                   ^^^^^^^^
    |
    = help: for further information visit https://rust-lang.github.io/rust-clippy/master/index.html#doc_link_with_quotes

warning: item in documentation is missing backticks
   --> kernel/src/lib.rs:563:87
    |
563 |     /// Read and parse the JSON format file at given locations and return the data as EngineData with
    |                                                                                       ^^^^^^^^^^
    |
    = help: for further information visit https://rust-lang.github.io/rust-clippy/master/index.html#doc_markdown
help: try
    |
563 -     /// Read and parse the JSON format file at given locations and return the data as EngineData with
563 +     /// Read and parse the JSON format file at given locations and return the data as `EngineData` with
    |

warning: docs for function returning `Result` missing `# Errors` section
   --> kernel/src/lib.rs:583:5
    |
583 | /     fn read_json_files(
584 | |         &self,
585 | |         files: &[FileMeta],
586 | |         physical_schema: SchemaRef,
587 | |         predicate: Option<PredicateRef>,
588 | |     ) -> DeltaResult<FileDataReadResultIterator>;
    | |_________________________________________________^
    |
    = help: for further information visit https://rust-lang.github.io/rust-clippy/master/index.html#missing_errors_doc

warning: possible intra-doc link using quotes instead of backticks
   --> kernel/src/lib.rs:600:10
    |
600 |     /// ["a", "b"] and the value of "b" is null, the JSON object should be written as
    |          ^^^^^^^^
    |
    = help: for further information visit https://rust-lang.github.io/rust-clippy/master/index.html#doc_link_with_quotes

warning: item in documentation is missing backticks
   --> kernel/src/lib.rs:607:32
    |
607 |     /// - `data` - Iterator of EngineData to write to the JSON file. Each row should be written as
    |                                ^^^^^^^^^^
    |
    = help: for further information visit https://rust-lang.github.io/rust-clippy/master/index.html#doc_markdown
help: try
    |
607 -     /// - `data` - Iterator of EngineData to write to the JSON file. Each row should be written as
607 +     /// - `data` - Iterator of `EngineData` to write to the JSON file. Each row should be written as
    |

warning: docs for function returning `Result` missing `# Errors` section
   --> kernel/src/lib.rs:612:5
    |
612 | /     fn write_json_file(
613 | |         &self,
614 | |         path: &Url,
615 | |         data: Box<dyn Iterator<Item = DeltaResult<FilteredEngineData>> + Send + '_>,
616 | |         overwrite: bool,
617 | |     ) -> DeltaResult<()>;
    | |_________________________^
    |
    = help: for further information visit https://rust-lang.github.io/rust-clippy/master/index.html#missing_errors_doc

warning: item in documentation is missing backticks
   --> kernel/src/lib.rs:625:83
    |
625 |     /// Read and parse the Parquet file at given locations and return the data as EngineData with
    |                                                                                   ^^^^^^^^^^
    |
    = help: for further information visit https://rust-lang.github.io/rust-clippy/master/index.html#doc_markdown
help: try
    |
625 -     /// Read and parse the Parquet file at given locations and return the data as EngineData with
625 +     /// Read and parse the Parquet file at given locations and return the data as `EngineData` with
    |

warning: item in documentation is missing backticks
   --> kernel/src/lib.rs:626:55
    |
626 |     /// the columns requested by physical schema. The ParquetHandler _must_ return exactly the
    |                                                       ^^^^^^^^^^^^^^
    |
    = help: for further information visit https://rust-lang.github.io/rust-clippy/master/index.html#doc_markdown
help: try
    |
626 -     /// the columns requested by physical schema. The ParquetHandler _must_ return exactly the
626 +     /// the columns requested by physical schema. The `ParquetHandler` _must_ return exactly the
    |

warning: possible intra-doc link using quotes instead of backticks
   --> kernel/src/lib.rs:679:41
    |
679 |     /// is given. For example if files ["a", "b"] is provided, then the engine data iterator must
    |                                         ^^^^^^^^
    |
    = help: for further information visit https://rust-lang.github.io/rust-clippy/master/index.html#doc_link_with_quotes

warning: docs for function returning `Result` missing `# Errors` section
   --> kernel/src/lib.rs:693:5
    |
693 | /     fn read_parquet_files(
694 | |         &self,
695 | |         files: &[FileMeta],
696 | |         physical_schema: SchemaRef,
697 | |         predicate: Option<PredicateRef>,
698 | |     ) -> DeltaResult<FileDataReadResultIterator>;
    | |_________________________________________________^
    |
    = help: for further information visit https://rust-lang.github.io/rust-clippy/master/index.html#missing_errors_doc

warning: `delta_kernel` (lib) generated 837 warnings (6 duplicates) (run `cargo clippy --fix --lib -p delta_kernel` to apply 559 suggestions)
    Checking test_utils v0.18.2 (/Users/branko.grbic/Documents/Faculty/2026_delta-kernel-rs/delta-kernel-rs/test-utils)
warning: long literal lacking separators
   --> test-utils/src/lib.rs:345:28
    |
345 |             "createdTime": 1677811175819u64
    |                            ^^^^^^^^^^^^^^^^ help: consider: `1_677_811_175_819_u64`
    |
    = help: for further information visit https://rust-lang.github.io/rust-clippy/master/index.html#unreadable_literal
    = note: `-W clippy::unreadable-literal` implied by `-W clippy::pedantic`
    = help: to override `-W clippy::pedantic` add `#[allow(clippy::unreadable_literal)]`

warning: long literal lacking separators
   --> test-utils/src/lib.rs:352:25
    |
352 |         let timestamp = 1612345678i64; // Use a fixed timestamp for testing
    |                         ^^^^^^^^^^^^^ help: consider: `1_612_345_678_i64`
    |
    = help: for further information visit https://rust-lang.github.io/rust-clippy/master/index.html#unreadable_literal

warning: item in documentation is missing backticks
  --> test-utils/src/lib.rs:28:32
   |
28 | /// unpack the test data from {test_parent_dir}/{test_name}.tar.zst into a temp dir, and return the
   |                                ^^^^^^^^^^^^^^^^^^^^^^^^^^^^^^^^^^^^
   |
   = help: for further information visit https://rust-lang.github.io/rust-clippy/master/index.html#doc_markdown
   = note: `-W clippy::doc-markdown` implied by `-W clippy::pedantic`
   = help: to override `-W clippy::pedantic` add `#[allow(clippy::doc_markdown)]`
help: try
   |
28 - /// unpack the test data from {test_parent_dir}/{test_name}.tar.zst into a temp dir, and return the
28 + /// unpack the test data from {`test_parent_dir}/{test_name}.tar.zst` into a temp dir, and return the
   |

warning: docs for function returning `Result` missing `# Errors` section
  --> test-utils/src/lib.rs:30:1
   |
30 | / pub fn load_test_data(
31 | |     test_parent_dir: &str,
32 | |     test_name: &str,
33 | | ) -> Result<tempfile::TempDir, Box<dyn std::error::Error>> {
   | |__________________________________________________________^
   |
   = help: for further information visit https://rust-lang.github.io/rust-clippy/master/index.html#missing_errors_doc
   = note: `-W clippy::missing-errors-doc` implied by `-W clippy::pedantic`
   = help: to override `-W clippy::pedantic` add `#[allow(clippy::missing_errors_doc)]`

warning: docs for function returning `Result` missing `# Errors` section
  --> test-utils/src/lib.rs:58:1
   |
58 | / pub fn copy_directory(
59 | |     source: &std::path::Path,
60 | |     dest: &std::path::Path,
61 | | ) -> Result<(), Box<dyn std::error::Error>> {
   | |___________________________________________^
   |
   = help: for further information visit https://rust-lang.github.io/rust-clippy/master/index.html#missing_errors_doc

warning: this function could have a `#[must_use]` attribute
  --> test-utils/src/lib.rs:99:8
   |
99 | pub fn actions_to_string(actions: Vec<TestAction>) -> String {
   |        ^^^^^^^^^^^^^^^^^
   |
   = help: for further information visit https://rust-lang.github.io/rust-clippy/master/index.html#must_use_candidate
   = note: `-W clippy::must-use-candidate` implied by `-W clippy::pedantic`
   = help: to override `-W clippy::pedantic` add `#[allow(clippy::must_use_candidate)]`
help: add the attribute
   |
99 + #[must_use] 
100| pub fn actions_to_string(actions: Vec<TestAction>) -> String {
   |

warning: this function could have a `#[must_use]` attribute
   --> test-utils/src/lib.rs:104:8
    |
104 | pub fn actions_to_string_partitioned(actions: Vec<TestAction>) -> String {
    |        ^^^^^^^^^^^^^^^^^^^^^^^^^^^^^
    |
    = help: for further information visit https://rust-lang.github.io/rust-clippy/master/index.html#must_use_candidate
help: add the attribute
    |
104 + #[must_use] 
105 | pub fn actions_to_string_partitioned(actions: Vec<TestAction>) -> String {
    |

warning: this function could have a `#[must_use]` attribute
   --> test-utils/src/lib.rs:108:8
    |
108 | pub fn actions_to_string_with_metadata(actions: Vec<TestAction>, metadata: &str) -> String {
    |        ^^^^^^^^^^^^^^^^^^^^^^^^^^^^^^^
    |
    = help: for further information visit https://rust-lang.github.io/rust-clippy/master/index.html#must_use_candidate
help: add the attribute
    |
108 + #[must_use] 
109 | pub fn actions_to_string_with_metadata(actions: Vec<TestAction>, metadata: &str) -> String {
    |

warning: item in documentation is missing backticks
   --> test-utils/src/lib.rs:119:15
    |
119 | /// convert a RecordBatch into a vector of bytes. We can't use `From` since these are both foreign
    |               ^^^^^^^^^^^
    |
    = help: for further information visit https://rust-lang.github.io/rust-clippy/master/index.html#doc_markdown
help: try
    |
119 - /// convert a RecordBatch into a vector of bytes. We can't use `From` since these are both foreign
119 + /// convert a `RecordBatch` into a vector of bytes. We can't use `From` since these are both foreign
    |

warning: this function could have a `#[must_use]` attribute
   --> test-utils/src/lib.rs:121:8
    |
121 | pub fn record_batch_to_bytes(batch: &RecordBatch) -> Vec<u8> {
    |        ^^^^^^^^^^^^^^^^^^^^^
    |
    = help: for further information visit https://rust-lang.github.io/rust-clippy/master/index.html#must_use_candidate
help: add the attribute
    |
121 + #[must_use] 
122 | pub fn record_batch_to_bytes(batch: &RecordBatch) -> Vec<u8> {
    |

warning: docs for function which may panic missing `# Panics` section
   --> test-utils/src/lib.rs:126:1
    |
126 | / pub fn record_batch_to_bytes_with_props(
127 | |     batch: &RecordBatch,
128 | |     writer_properties: WriterProperties,
129 | | ) -> Vec<u8> {
    | |____________^
    |
note: first possible panic found here
   --> test-utils/src/lib.rs:132:9
    |
132 |         ArrowWriter::try_new(&mut data, batch.schema(), Some(writer_properties)).unwrap();
    |         ^^^^^^^^^^^^^^^^^^^^^^^^^^^^^^^^^^^^^^^^^^^^^^^^^^^^^^^^^^^^^^^^^^^^^^^^^^^^^^^^^
    = help: for further information visit https://rust-lang.github.io/rust-clippy/master/index.html#missing_panics_doc
    = note: `-W clippy::missing-panics-doc` implied by `-W clippy::pedantic`
    = help: to override `-W clippy::pedantic` add `#[allow(clippy::missing_panics_doc)]`

warning: this function could have a `#[must_use]` attribute
   --> test-utils/src/lib.rs:126:8
    |
126 | pub fn record_batch_to_bytes_with_props(
    |        ^^^^^^^^^^^^^^^^^^^^^^^^^^^^^^^^
    |
    = help: for further information visit https://rust-lang.github.io/rust-clippy/master/index.html#must_use_candidate
help: add the attribute
    |
126 + #[must_use] 
127 | pub fn record_batch_to_bytes_with_props(
    |

warning: docs for function returning `Result` missing `# Errors` section
   --> test-utils/src/lib.rs:170:1
    |
170 | / pub fn generate_batch<I, F>(items: I) -> Result<RecordBatch, ArrowError>
171 | | where
172 | |     I: IntoIterator<Item = (F, ArrayRef)>,
173 | |     F: AsRef<str>,
    | |__________________^
    |
    = help: for further information visit https://rust-lang.github.io/rust-clippy/master/index.html#missing_errors_doc

warning: item in documentation is missing backticks
   --> test-utils/src/lib.rs:178:16
    |
178 | /// Generate a RecordBatch with two columns (id: int, val: str), with values "1,2,3" and "a,b,c"
    |                ^^^^^^^^^^^
    |
    = help: for further information visit https://rust-lang.github.io/rust-clippy/master/index.html#doc_markdown
help: try
    |
178 - /// Generate a RecordBatch with two columns (id: int, val: str), with values "1,2,3" and "a,b,c"
178 + /// Generate a `RecordBatch` with two columns (id: int, val: str), with values "1,2,3" and "a,b,c"
    |

warning: docs for function returning `Result` missing `# Errors` section
   --> test-utils/src/lib.rs:180:1
    |
180 | pub fn generate_simple_batch() -> Result<RecordBatch, ArrowError> {
    | ^^^^^^^^^^^^^^^^^^^^^^^^^^^^^^^^^^^^^^^^^^^^^^^^^^^^^^^^^^^^^^^^^
    |
    = help: for further information visit https://rust-lang.github.io/rust-clippy/master/index.html#missing_errors_doc

warning: item in documentation is missing backticks
   --> test-utils/src/lib.rs:187:12
    |
187 | /// get an ObjectStore path for a delta file, based on the version
    |            ^^^^^^^^^^^
    |
    = help: for further information visit https://rust-lang.github.io/rust-clippy/master/index.html#doc_markdown
help: try
    |
187 - /// get an ObjectStore path for a delta file, based on the version
187 + /// get an `ObjectStore` path for a delta file, based on the version
    |

warning: this function could have a `#[must_use]` attribute
   --> test-utils/src/lib.rs:188:8
    |
188 | pub fn delta_path_for_version(version: u64, suffix: &str) -> Path {
    |        ^^^^^^^^^^^^^^^^^^^^^^
    |
    = help: for further information visit https://rust-lang.github.io/rust-clippy/master/index.html#must_use_candidate
help: add the attribute
    |
188 + #[must_use] 
189 | pub fn delta_path_for_version(version: u64, suffix: &str) -> Path {
    |

warning: this function could have a `#[must_use]` attribute
   --> test-utils/src/lib.rs:193:8
    |
193 | pub fn staged_commit_path_for_version(version: u64) -> Path {
    |        ^^^^^^^^^^^^^^^^^^^^^^^^^^^^^^
    |
    = help: for further information visit https://rust-lang.github.io/rust-clippy/master/index.html#must_use_candidate
help: add the attribute
    |
193 + #[must_use] 
194 | pub fn staged_commit_path_for_version(version: u64) -> Path {
    |

warning: item in documentation is missing backticks
   --> test-utils/src/lib.rs:199:12
    |
199 | /// get an ObjectStore path for a compressed log file, based on the start/end versions
    |            ^^^^^^^^^^^
    |
    = help: for further information visit https://rust-lang.github.io/rust-clippy/master/index.html#doc_markdown
help: try
    |
199 - /// get an ObjectStore path for a compressed log file, based on the start/end versions
199 + /// get an `ObjectStore` path for a compressed log file, based on the start/end versions
    |

warning: this function could have a `#[must_use]` attribute
   --> test-utils/src/lib.rs:200:8
    |
200 | pub fn compacted_log_path_for_versions(start_version: u64, end_version: u64, suffix: &str) -> Path {
    |        ^^^^^^^^^^^^^^^^^^^^^^^^^^^^^^^
    |
    = help: for further information visit https://rust-lang.github.io/rust-clippy/master/index.html#must_use_candidate
help: add the attribute
    |
200 + #[must_use] 
201 | pub fn compacted_log_path_for_versions(start_version: u64, end_version: u64, suffix: &str) -> Path {
    |

warning: docs for function returning `Result` missing `# Errors` section
   --> test-utils/src/lib.rs:206:1
    |
206 | / pub async fn add_commit(
207 | |     store: &dyn ObjectStore,
208 | |     version: u64,
209 | |     data: String,
210 | | ) -> Result<(), Box<dyn std::error::Error>> {
    | |___________________________________________^
    |
    = help: for further information visit https://rust-lang.github.io/rust-clippy/master/index.html#missing_errors_doc

warning: docs for function returning `Result` missing `# Errors` section
   --> test-utils/src/lib.rs:216:1
    |
216 | / pub async fn add_staged_commit(
217 | |     store: &dyn ObjectStore,
218 | |     version: u64,
219 | |     data: String,
220 | | ) -> Result<Path, Box<dyn std::error::Error>> {
    | |_____________________________________________^
    |
    = help: for further information visit https://rust-lang.github.io/rust-clippy/master/index.html#missing_errors_doc

warning: docs for function which may panic missing `# Panics` section
   --> test-utils/src/lib.rs:228:1
    |
228 | pub fn into_record_batch(engine_data: Box<dyn EngineData>) -> RecordBatch {
    | ^^^^^^^^^^^^^^^^^^^^^^^^^^^^^^^^^^^^^^^^^^^^^^^^^^^^^^^^^^^^^^^^^^^^^^^^^
    |
note: first possible panic found here
   --> test-utils/src/lib.rs:229:5
    |
229 | /     ArrowEngineData::try_from_engine_data(engine_data)
230 | |         .unwrap()
    | |_________________^
    = help: for further information visit https://rust-lang.github.io/rust-clippy/master/index.html#missing_panics_doc

warning: this function could have a `#[must_use]` attribute
   --> test-utils/src/lib.rs:228:8
    |
228 | pub fn into_record_batch(engine_data: Box<dyn EngineData>) -> RecordBatch {
    |        ^^^^^^^^^^^^^^^^^
    |
    = help: for further information visit https://rust-lang.github.io/rust-clippy/master/index.html#must_use_candidate
help: add the attribute
    |
228 + #[must_use] 
229 | pub fn into_record_batch(engine_data: Box<dyn EngineData>) -> RecordBatch {
    |

warning: item in documentation is missing backticks
   --> test-utils/src/lib.rs:234:24
    |
234 | /// Helper to create a DefaultEngine with the default executor for tests.
    |                        ^^^^^^^^^^^^^
    |
    = help: for further information visit https://rust-lang.github.io/rust-clippy/master/index.html#doc_markdown
help: try
    |
234 - /// Helper to create a DefaultEngine with the default executor for tests.
234 + /// Helper to create a `DefaultEngine` with the default executor for tests.
    |

warning: docs for function returning `Result` missing `# Errors` section
   --> test-utils/src/lib.rs:237:1
    |
237 | / pub fn create_default_engine(
238 | |     table_root: &url::Url,
239 | | ) -> DeltaResult<Arc<DefaultEngine<TokioBackgroundExecutor>>> {
    | |_____________________________________________________________^
    |
    = help: for further information visit https://rust-lang.github.io/rust-clippy/master/index.html#missing_errors_doc

warning: docs for function which may panic missing `# Panics` section
   --> test-utils/src/lib.rs:245:1
    |
245 | / pub fn engine_store_setup(
246 | |     table_name: &str,
247 | |     local_directory: Option<&Url>,
248 | | ) -> (
...   |
251 | |     Url,
252 | | ) {
    | |_^
    |
note: first possible panic found here
   --> test-utils/src/lib.rs:256:13
    |
256 |             Url::parse(format!("memory:///{table_name}/").as_str()).expect("valid url"),
    |             ^^^^^^^^^^^^^^^^^^^^^^^^^^^^^^^^^^^^^^^^^^^^^^^^^^^^^^^^^^^^^^^^^^^^^^^^^^^
    = help: for further information visit https://rust-lang.github.io/rust-clippy/master/index.html#missing_panics_doc

warning: this function could have a `#[must_use]` attribute
   --> test-utils/src/lib.rs:245:8
    |
245 | pub fn engine_store_setup(
    |        ^^^^^^^^^^^^^^^^^^
    |
    = help: for further information visit https://rust-lang.github.io/rust-clippy/master/index.html#must_use_candidate
help: add the attribute
    |
245 + #[must_use] 
246 | pub fn engine_store_setup(
    |

warning: docs for function which may panic missing `# Panics` section
   --> test-utils/src/lib.rs:271:1
    |
271 | / pub async fn create_table(
272 | |     store: Arc<dyn ObjectStore>,
273 | |     table_path: Url,
274 | |     schema: SchemaRef,
...   |
278 | |     writer_features: Vec<&str>,
279 | | ) -> Result<Url, Box<dyn std::error::Error>> {
    | |____________________________________________^
    |
note: first possible panic found here
   --> test-utils/src/lib.rs:368:13
    |
368 |             to_vec(&commit_info).unwrap(),
    |             ^^^^^^^^^^^^^^^^^^^^^^^^^^^^^
    = help: for further information visit https://rust-lang.github.io/rust-clippy/master/index.html#missing_panics_doc

warning: docs for function returning `Result` missing `# Errors` section
   --> test-utils/src/lib.rs:271:1
    |
271 | / pub async fn create_table(
272 | |     store: Arc<dyn ObjectStore>,
273 | |     table_path: Url,
274 | |     schema: SchemaRef,
...   |
278 | |     writer_features: Vec<&str>,
279 | | ) -> Result<Url, Box<dyn std::error::Error>> {
    | |____________________________________________^
    |
    = help: for further information visit https://rust-lang.github.io/rust-clippy/master/index.html#missing_errors_doc

warning: this function has too many lines (101/100)
   --> test-utils/src/lib.rs:271:1
    |
271 | / pub async fn create_table(
272 | |     store: Arc<dyn ObjectStore>,
273 | |     table_path: Url,
274 | |     schema: SchemaRef,
...   |
390 | |     Ok(table_path)
391 | | }
    | |_^
    |
    = help: for further information visit https://rust-lang.github.io/rust-clippy/master/index.html#too_many_lines
    = note: `-W clippy::too-many-lines` implied by `-W clippy::pedantic`
    = help: to override `-W clippy::pedantic` add `#[allow(clippy::too_many_lines)]`

warning: item in documentation is missing backticks
   --> test-utils/src/lib.rs:394:31
    |
394 | /// the tables will be named {table_base_name}_11 and table_base_name}_37. The local_directory param
    |                               ^^^^^^^^^^^^^^^
    |
    = help: for further information visit https://rust-lang.github.io/rust-clippy/master/index.html#doc_markdown
help: try
    |
394 - /// the tables will be named {table_base_name}_11 and table_base_name}_37. The local_directory param
394 + /// the tables will be named {`table_base_name`}_11 and table_base_name}_37. The local_directory param
    |

warning: item in documentation is missing backticks
   --> test-utils/src/lib.rs:394:55
    |
394 | /// the tables will be named {table_base_name}_11 and table_base_name}_37. The local_directory param
    |                                                       ^^^^^^^^^^^^^^^
    |
    = help: for further information visit https://rust-lang.github.io/rust-clippy/master/index.html#doc_markdown
help: try
    |
394 - /// the tables will be named {table_base_name}_11 and table_base_name}_37. The local_directory param
394 + /// the tables will be named {table_base_name}_11 and `table_base_name`}_37. The local_directory param
    |

warning: item in documentation is missing backticks
   --> test-utils/src/lib.rs:394:80
    |
394 | /// the tables will be named {table_base_name}_11 and table_base_name}_37. The local_directory param
    |                                                                                ^^^^^^^^^^^^^^^
    |
    = help: for further information visit https://rust-lang.github.io/rust-clippy/master/index.html#doc_markdown
help: try
    |
394 - /// the tables will be named {table_base_name}_11 and table_base_name}_37. The local_directory param
394 + /// the tables will be named {table_base_name}_11 and table_base_name}_37. The `local_directory` param
    |

warning: docs for function returning `Result` missing `# Errors` section
   --> test-utils/src/lib.rs:396:1
    |
396 | / pub async fn setup_test_tables(
397 | |     schema: SchemaRef,
398 | |     partition_columns: &[&str],
399 | |     local_directory: Option<&Url>,
...   |
408 | |     Box<dyn std::error::Error>,
409 | | > {
    | |_^
    |
    = help: for further information visit https://rust-lang.github.io/rust-clippy/master/index.html#missing_errors_doc

warning: docs for function returning `Result` missing `# Errors` section
   --> test-utils/src/lib.rs:450:1
    |
450 | pub fn read_scan(scan: &Scan, engine: Arc<dyn Engine>) -> DeltaResult<Vec<RecordBatch>> {
    | ^^^^^^^^^^^^^^^^^^^^^^^^^^^^^^^^^^^^^^^^^^^^^^^^^^^^^^^^^^^^^^^^^^^^^^^^^^^^^^^^^^^^^^^
    |
    = help: for further information visit https://rust-lang.github.io/rust-clippy/master/index.html#missing_errors_doc

warning: docs for function which may panic missing `# Panics` section
   --> test-utils/src/lib.rs:457:1
    |
457 | / pub fn test_read(
458 | |     expected: &ArrowEngineData,
459 | |     url: &Url,
460 | |     engine: Arc<dyn Engine>,
461 | | ) -> DeltaResult<()> {
    | |____________________^
    |
note: first possible panic found here
   --> test-utils/src/lib.rs:465:21
    |
465 |     let formatted = pretty_format_batches(&batches).unwrap().to_string();
    |                     ^^^^^^^^^^^^^^^^^^^^^^^^^^^^^^^^^^^^^^^^
    = help: for further information visit https://rust-lang.github.io/rust-clippy/master/index.html#missing_panics_doc

warning: docs for function returning `Result` missing `# Errors` section
   --> test-utils/src/lib.rs:457:1
    |
457 | / pub fn test_read(
458 | |     expected: &ArrowEngineData,
459 | |     url: &Url,
460 | |     engine: Arc<dyn Engine>,
461 | | ) -> DeltaResult<()> {
    | |____________________^
    |
    = help: for further information visit https://rust-lang.github.io/rust-clippy/master/index.html#missing_errors_doc

warning: docs for function returning `Result` missing `# Errors` section
   --> test-utils/src/lib.rs:479:1
    |
479 | / pub fn set_json_value(
480 | |     value: &mut serde_json::Value,
481 | |     path: &str,
482 | |     new_value: serde_json::Value,
483 | | ) -> Result<(), Box<dyn std::error::Error>> {
    | |___________________________________________^
    |
    = help: for further information visit https://rust-lang.github.io/rust-clippy/master/index.html#missing_errors_doc

warning: single-character string constant used as pattern
   --> test-utils/src/lib.rs:484:40
    |
484 |     let mut path_string = path.replace(".", "/");
    |                                        ^^^ help: consider using a `char`: `'.'`
    |
    = help: for further information visit https://rust-lang.github.io/rust-clippy/master/index.html#single_char_pattern
    = note: `-W clippy::single-char-pattern` implied by `-W clippy::pedantic`
    = help: to override `-W clippy::pedantic` add `#[allow(clippy::single_char_pattern)]`

warning: docs for function which may panic missing `# Panics` section
   --> test-utils/src/lib.rs:493:1
    |
493 | pub fn assert_result_error_with_message<T, E: ToString>(res: Result<T, E>, message: &str) {
    | ^^^^^^^^^^^^^^^^^^^^^^^^^^^^^^^^^^^^^^^^^^^^^^^^^^^^^^^^^^^^^^^^^^^^^^^^^^^^^^^^^^^^^^^^^
    |
note: first possible panic found here
   --> test-utils/src/lib.rs:495:18
    |
495 |         Ok(_) => panic!("Expected error, but got Ok result"),
    |                  ^^^^^^^^^^^^^^^^^^^^^^^^^^^^^^^^^^^^^^^^^^^
    = help: for further information visit https://rust-lang.github.io/rust-clippy/master/index.html#missing_panics_doc

warning: `test_utils` (lib) generated 41 warnings (run `cargo clippy --fix --lib -p test_utils` to apply 20 suggestions)
warning: #[should_panic] attribute without a reason
   --> kernel/tests/golden_tables.rs:219:13
    |
219 |             #[should_panic]
    |             ^^^^^^^^^^^^^^^ help: consider specifying the expected panic: `#[should_panic(expected = /* panic message */)]`
...
431 | negative_test!("deltalog-invalid-protocol-version");
    | --------------------------------------------------- in this macro invocation
    |
    = help: for further information visit https://rust-lang.github.io/rust-clippy/master/index.html#should_panic_without_expect
    = note: `-W clippy::should-panic-without-expect` implied by `-W clippy::pedantic`
    = help: to override `-W clippy::pedantic` add `#[allow(clippy::should_panic_without_expect)]`
    = note: this warning originates in the macro `negative_test` (in Nightly builds, run with -Z macro-backtrace for more info)

warning: #[should_panic] attribute without a reason
   --> kernel/tests/golden_tables.rs:219:13
    |
219 |             #[should_panic]
    |             ^^^^^^^^^^^^^^^ help: consider specifying the expected panic: `#[should_panic(expected = /* panic message */)]`
...
432 | negative_test!("deltalog-state-reconstruction-from-checkpoint-missing-metadata");
    | -------------------------------------------------------------------------------- in this macro invocation
    |
    = help: for further information visit https://rust-lang.github.io/rust-clippy/master/index.html#should_panic_without_expect
    = note: this warning originates in the macro `negative_test` (in Nightly builds, run with -Z macro-backtrace for more info)

warning: #[should_panic] attribute without a reason
   --> kernel/tests/golden_tables.rs:219:13
    |
219 |             #[should_panic]
    |             ^^^^^^^^^^^^^^^ help: consider specifying the expected panic: `#[should_panic(expected = /* panic message */)]`
...
433 | negative_test!("deltalog-state-reconstruction-from-checkpoint-missing-protocol");
    | -------------------------------------------------------------------------------- in this macro invocation
    |
    = help: for further information visit https://rust-lang.github.io/rust-clippy/master/index.html#should_panic_without_expect
    = note: this warning originates in the macro `negative_test` (in Nightly builds, run with -Z macro-backtrace for more info)

warning: #[should_panic] attribute without a reason
   --> kernel/tests/golden_tables.rs:219:13
    |
219 |             #[should_panic]
    |             ^^^^^^^^^^^^^^^ help: consider specifying the expected panic: `#[should_panic(expected = /* panic message */)]`
...
434 | negative_test!("deltalog-state-reconstruction-without-metadata");
    | ---------------------------------------------------------------- in this macro invocation
    |
    = help: for further information visit https://rust-lang.github.io/rust-clippy/master/index.html#should_panic_without_expect
    = note: this warning originates in the macro `negative_test` (in Nightly builds, run with -Z macro-backtrace for more info)

warning: #[should_panic] attribute without a reason
   --> kernel/tests/golden_tables.rs:219:13
    |
219 |             #[should_panic]
    |             ^^^^^^^^^^^^^^^ help: consider specifying the expected panic: `#[should_panic(expected = /* panic message */)]`
...
435 | negative_test!("deltalog-state-reconstruction-without-protocol");
    | ---------------------------------------------------------------- in this macro invocation
    |
    = help: for further information visit https://rust-lang.github.io/rust-clippy/master/index.html#should_panic_without_expect
    = note: this warning originates in the macro `negative_test` (in Nightly builds, run with -Z macro-backtrace for more info)

warning: #[should_panic] attribute without a reason
   --> kernel/tests/golden_tables.rs:219:13
    |
219 |             #[should_panic]
    |             ^^^^^^^^^^^^^^^ help: consider specifying the expected panic: `#[should_panic(expected = /* panic message */)]`
...
436 | negative_test!("no-delta-log-folder"); // expected DELTA_TABLE_NOT_FOUND
    | ------------------------------------- in this macro invocation
    |
    = help: for further information visit https://rust-lang.github.io/rust-clippy/master/index.html#should_panic_without_expect
    = note: this warning originates in the macro `negative_test` (in Nightly builds, run with -Z macro-backtrace for more info)

warning: #[should_panic] attribute without a reason
   --> kernel/tests/golden_tables.rs:219:13
    |
219 |             #[should_panic]
    |             ^^^^^^^^^^^^^^^ help: consider specifying the expected panic: `#[should_panic(expected = /* panic message */)]`
...
437 | negative_test!("versions-not-contiguous"); // expected DELTA_VERSIONS_NOT_CONTIGUOUS
    | ----------------------------------------- in this macro invocation
    |
    = help: for further information visit https://rust-lang.github.io/rust-clippy/master/index.html#should_panic_without_expect
    = note: this warning originates in the macro `negative_test` (in Nightly builds, run with -Z macro-backtrace for more info)

warning: item in documentation is missing backticks
  --> kernel/tests/log_compaction.rs:13:25
   |
13 | /// Convert a URL to an object_store::Path
   |                         ^^^^^^^^^^^^^^^^^^
   |
   = help: for further information visit https://rust-lang.github.io/rust-clippy/master/index.html#doc_markdown
   = note: `-W clippy::doc-markdown` implied by `-W clippy::pedantic`
   = help: to override `-W clippy::pedantic` add `#[allow(clippy::doc_markdown)]`
help: try
   |
13 - /// Convert a URL to an object_store::Path
13 + /// Convert a URL to an `object_store::Path`
   |

warning: variables can be used directly in the `format!` string
  --> kernel/tests/log_compaction.rs:17:24
   |
17 |         .ok_or_else(|| format!("URL has no path segments: {}", url))?;
   |                        ^^^^^^^^^^^^^^^^^^^^^^^^^^^^^^^^^^^^^^^^^^^^
   |
   = help: for further information visit https://rust-lang.github.io/rust-clippy/master/index.html#uninlined_format_args
   = note: `-W clippy::uninlined-format-args` implied by `-W clippy::pedantic`
   = help: to override `-W clippy::pedantic` add `#[allow(clippy::uninlined_format_args)]`
help: change this to
   |
17 -         .ok_or_else(|| format!("URL has no path segments: {}", url))?;
17 +         .ok_or_else(|| format!("URL has no path segments: {url}"))?;
   |

warning: this function has too many lines (125/100)
   --> kernel/tests/log_compaction.rs:25:7
    |
 25 |   async fn action_reconciliation_round_trip() -> Result<(), Box<dyn std::error::Error>> {
    |  _______^
 26 | |     let _ = tracing_subscriber::fmt::try_init();
...   |
197 | |     Ok(())
198 | | }
    | |_^
    |
    = help: for further information visit https://rust-lang.github.io/rust-clippy/master/index.html#too_many_lines
    = note: `-W clippy::too-many-lines` implied by `-W clippy::pedantic`
    = help: to override `-W clippy::pedantic` add `#[allow(clippy::too_many_lines)]`

warning: casting `u128` to `i64` may truncate the value
  --> kernel/tests/log_compaction.rs:62:36
   |
62 |       let current_timestamp_millis = SystemTime::now()
   |  ____________________________________^
63 | |         .duration_since(UNIX_EPOCH)
64 | |         .unwrap()
65 | |         .as_millis() as i64;
   | |___________________________^
   |
   = help: if this is intentional allow the lint with `#[allow(clippy::cast_possible_truncation)]` ...
   = help: for further information visit https://rust-lang.github.io/rust-clippy/master/index.html#cast_possible_truncation
   = note: `-W clippy::cast-possible-truncation` implied by `-W clippy::pedantic`
   = help: to override `-W clippy::pedantic` add `#[allow(clippy::cast_possible_truncation)]`
help: ... or use `try_from` and handle the error accordingly
   |
62 ~     let current_timestamp_millis = i64::try_from(SystemTime::now()
63 +         .duration_since(UNIX_EPOCH)
64 +         .unwrap()
65 ~         .as_millis());
   |

warning: variables can be used directly in the `format!` string
  --> kernel/tests/log_compaction.rs:66:27
   |
66 |       let commit2_content = format!(
   |  ___________________________^
67 | |         r#"{{"commitInfo":{{"timestamp":{},"operation":"DELETE","operationParameters":{{"predicate":"id <= 10"}},"isBlindAppend":false}}}}
68 | | {{"remove":{{"path":"part-00000-file1.parquet","partitionValues":{{}},"size":1024,"modificationTime":1587968586000,"dataChange":true,"del...
69 | | "#,
70 | |         current_timestamp_millis, current_timestamp_millis
71 | |     );
   | |_____^
   |
   = help: for further information visit https://rust-lang.github.io/rust-clippy/master/index.html#uninlined_format_args

warning: binding's name is too similar to existing binding
   --> kernel/tests/write.rs:191:44
    |
191 |         CommitResult::CommittedTransaction(committed) => {
    |                                            ^^^^^^^^^
    |
note: existing binding defined here
   --> kernel/tests/write.rs:155:9
    |
155 |     let committer = Box::new(FileSystemCommitter::new());
    |         ^^^^^^^^^
    = help: for further information visit https://rust-lang.github.io/rust-clippy/master/index.html#similar_names
    = note: `-W clippy::similar-names` implied by `-W clippy::pedantic`
    = help: to override `-W clippy::pedantic` add `#[allow(clippy::similar_names)]`

warning: variables can be used directly in the `format!` string
   --> kernel/tests/log_compaction.rs:190:13
    |
190 | /             format!(
191 | |                 "deletionTimestamp should be present in remove action: {}",
192 | |                 remove_line
193 | |             )
    | |_____________^
    |
    = help: for further information visit https://rust-lang.github.io/rust-clippy/master/index.html#uninlined_format_args

warning: this function has too many lines (171/100)
   --> kernel/tests/log_compaction.rs:202:7
    |
202 |   async fn expired_tombstone_exclusion() -> Result<(), Box<dyn std::error::Error>> {
    |  _______^
203 | |     let _ = tracing_subscriber::fmt::try_init();
204 | |
205 | |     let schema = Arc::new(StructType::try_new(vec![StructField::nullable(
...   |
408 | |     Ok(())
409 | | }
    | |_^
    |
    = help: for further information visit https://rust-lang.github.io/rust-clippy/master/index.html#too_many_lines

warning: casting `u128` to `i64` may truncate the value
   --> kernel/tests/log_compaction.rs:239:29
    |
239 |       let expired_timestamp = SystemTime::now()
    |  _____________________________^
240 | |         .duration_since(UNIX_EPOCH)
241 | |         .unwrap()
242 | |         .as_millis() as i64
    | |___________________________^
    |
    = help: if this is intentional allow the lint with `#[allow(clippy::cast_possible_truncation)]` ...
    = help: for further information visit https://rust-lang.github.io/rust-clippy/master/index.html#cast_possible_truncation
help: ... or use `try_from` and handle the error accordingly
    |
239 ~     let expired_timestamp = i64::try_from(SystemTime::now()
240 +         .duration_since(UNIX_EPOCH)
241 +         .unwrap()
242 +         .as_millis())
    |

warning: casting `u128` to `i64` may truncate the value
   --> kernel/tests/log_compaction.rs:260:28
    |
260 |       let recent_timestamp = SystemTime::now()
    |  ____________________________^
261 | |         .duration_since(UNIX_EPOCH)
262 | |         .unwrap()
263 | |         .as_millis() as i64
    | |___________________________^
    |
    = help: if this is intentional allow the lint with `#[allow(clippy::cast_possible_truncation)]` ...
    = help: for further information visit https://rust-lang.github.io/rust-clippy/master/index.html#cast_possible_truncation
help: ... or use `try_from` and handle the error accordingly
    |
260 ~     let recent_timestamp = i64::try_from(SystemTime::now()
261 +         .duration_since(UNIX_EPOCH)
262 +         .unwrap()
263 +         .as_millis())
    |

warning: long literal lacking separators
   --> kernel/tests/write.rs:802:9
    |
802 |         1634567890123456i64,   // 2021-10-18T12:31:30.123456
    |         ^^^^^^^^^^^^^^^^^^^ help: consider: `1_634_567_890_123_456_i64`
    |
    = help: for further information visit https://rust-lang.github.io/rust-clippy/master/index.html#unreadable_literal
    = note: `-W clippy::unreadable-literal` implied by `-W clippy::pedantic`
    = help: to override `-W clippy::pedantic` add `#[allow(clippy::unreadable_literal)]`

warning: long literal lacking separators
   --> kernel/tests/write.rs:803:9
    |
803 |         1634567950654321i64,   // 2021-10-18T12:32:30.654321
    |         ^^^^^^^^^^^^^^^^^^^ help: consider: `1_634_567_950_654_321_i64`
    |
    = help: for further information visit https://rust-lang.github.io/rust-clippy/master/index.html#unreadable_literal

warning: long literal lacking separators
   --> kernel/tests/write.rs:804:9
    |
804 |         1672531200000000i64,   // 2023-01-01T00:00:00.000000
    |         ^^^^^^^^^^^^^^^^^^^ help: consider: `1_672_531_200_000_000_i64`
    |
    = help: for further information visit https://rust-lang.github.io/rust-clippy/master/index.html#unreadable_literal

warning: long literal lacking separators
   --> kernel/tests/write.rs:805:9
    |
805 |         253402300799999999i64, // 9999-12-31T23:59:59.999999 (near max valid timestamp)
    |         ^^^^^^^^^^^^^^^^^^^^^ help: consider: `253_402_300_799_999_999_i64`
    |
    = help: for further information visit https://rust-lang.github.io/rust-clippy/master/index.html#unreadable_literal

warning: long literal lacking separators
   --> kernel/tests/write.rs:806:10
    |
806 |         -62135596800000000i64, // 0001-01-01T00:00:00.000000 (near min valid timestamp)
    |          ^^^^^^^^^^^^^^^^^^^^ help: consider: `62_135_596_800_000_000_i64`
    |
    = help: for further information visit https://rust-lang.github.io/rust-clippy/master/index.html#unreadable_literal

warning: variables can be used directly in the `format!` string
   --> kernel/tests/log_compaction.rs:392:13
    |
392 | /             format!(
393 | |                 "deletionTimestamp should be present in recent remove action: {}",
394 | |                 recent_remove_line
395 | |             )
    | |_____________^
    |
    = help: for further information visit https://rust-lang.github.io/rust-clippy/master/index.html#uninlined_format_args

warning: variables can be used directly in the `format!` string
   --> kernel/tests/log_compaction.rs:403:5
    |
403 | /     assert!(
404 | |         total_actions >= 4,
405 | |         "Should have at least 4 actions: protocol, metadata, 1 add, 1 remove (recent). Found {}",
406 | |         total_actions
407 | |     );
    | |_____^
    |
    = help: for further information visit https://rust-lang.github.io/rust-clippy/master/index.html#uninlined_format_args

warning: long literal lacking separators
    --> kernel/tests/write.rs:1762:21
     |
1762 |         first_ict > 1612345678,
     |                     ^^^^^^^^^^ help: consider: `1_612_345_678`
     |
     = help: for further information visit https://rust-lang.github.io/rust-clippy/master/index.html#unreadable_literal

warning: `delta_kernel` (test "log_compaction") generated 11 warnings (run `cargo clippy --fix --test "log_compaction"` to apply 6 suggestions)
warning: adding items after statements is confusing, since items exist from the start of the scope
  --> kernel/benches/metadata_bench.rs:43:5
   |
43 |     use delta_kernel::engine::default::storage::store_from_url;
   |     ^^^^^^^^^^^^^^^^^^^^^^^^^^^^^^^^^^^^^^^^^^^^^^^^^^^^^^^^^^^
   |
   = help: for further information visit https://rust-lang.github.io/rust-clippy/master/index.html#items_after_statements
   = note: `-W clippy::items-after-statements` implied by `-W clippy::pedantic`
   = help: to override `-W clippy::pedantic` add `#[allow(clippy::items_after_statements)]`

warning: casting `usize` to `i32` may truncate the value on targets with 64-bit wide pointers
  --> kernel/benches/expression_bench.rs:35:33
   |
35 |         id_builder.append_value(i as i32);
   |                                 ^^^^^^^^
   |
   = help: if this is intentional allow the lint with `#[allow(clippy::cast_possible_truncation)]` ...
   = help: for further information visit https://rust-lang.github.io/rust-clippy/master/index.html#cast_possible_truncation
   = note: `-W clippy::cast-possible-truncation` implied by `-W clippy::pedantic`
   = help: to override `-W clippy::pedantic` add `#[allow(clippy::cast_possible_truncation)]`
help: ... or use `try_from` and handle the error accordingly
   |
35 -         id_builder.append_value(i as i32);
35 +         id_builder.append_value(i32::try_from(i));
   |

warning: casting `usize` to `i32` may wrap around the value on targets with 32-bit wide pointers
  --> kernel/benches/expression_bench.rs:35:33
   |
35 |         id_builder.append_value(i as i32);
   |                                 ^^^^^^^^
   |
   = help: for further information visit https://rust-lang.github.io/rust-clippy/master/index.html#cast_possible_wrap
   = note: `-W clippy::cast-possible-wrap` implied by `-W clippy::pedantic`
   = help: to override `-W clippy::pedantic` add `#[allow(clippy::cast_possible_wrap)]`

warning: casting `usize` to `f64` causes a loss of precision on targets with 64-bit wide pointers (`usize` is 64 bits wide, but `f64`'s mantissa is only 52 bits wide)
  --> kernel/benches/expression_bench.rs:37:36
   |
37 |         score_builder.append_value((i as f64) * 0.1 + 100.0);
   |                                    ^^^^^^^^^^
   |
   = help: for further information visit https://rust-lang.github.io/rust-clippy/master/index.html#cast_precision_loss
   = note: `-W clippy::cast-precision-loss` implied by `-W clippy::pedantic`
   = help: to override `-W clippy::pedantic` add `#[allow(clippy::cast_precision_loss)]`

warning: consider adding a `;` to the last statement for consistent formatting
  --> kernel/benches/metadata_bench.rs:54:9
   |
54 | /         b.iter(|| {
55 | |             Snapshot::builder_for(url.clone())
56 | |                 .build(engine.as_ref())
57 | |                 .expect("Failed to create snapshot")
58 | |         })
   | |__________^
   |
   = help: for further information visit https://rust-lang.github.io/rust-clippy/master/index.html#semicolon_if_nothing_returned
   = note: `-W clippy::semicolon-if-nothing-returned` implied by `-W clippy::pedantic`
   = help: to override `-W clippy::pedantic` add `#[allow(clippy::semicolon_if_nothing_returned)]`
help: add a `;` here
   |
58 |         b.iter(|| {
...
61 |                 .expect("Failed to create snapshot")
62 ~         });
   |

warning: consider adding a `;` to the last statement for consistent formatting
  --> kernel/benches/metadata_bench.rs:72:9
   |
72 | /         b.iter(|| {
73 | |             let scan = snapshot
74 | |                 .clone() // arc
75 | |                 .scan_builder()
...  |
85 | |         })
   | |__________^
   |
   = help: for further information visit https://rust-lang.github.io/rust-clippy/master/index.html#semicolon_if_nothing_returned
help: add a `;` here
   |
85 |         b.iter(|| {
...
97 |             }
98 ~         });
   |

warning: casting `usize` to `i32` may truncate the value on targets with 64-bit wide pointers
  --> kernel/benches/expression_bench.rs:64:33
   |
64 |         id_builder.append_value(i as i32);
   |                                 ^^^^^^^^
   |
   = help: if this is intentional allow the lint with `#[allow(clippy::cast_possible_truncation)]` ...
   = help: for further information visit https://rust-lang.github.io/rust-clippy/master/index.html#cast_possible_truncation
help: ... or use `try_from` and handle the error accordingly
   |
64 -         id_builder.append_value(i as i32);
64 +         id_builder.append_value(i32::try_from(i));
   |

warning: casting `usize` to `i32` may wrap around the value on targets with 32-bit wide pointers
  --> kernel/benches/expression_bench.rs:64:33
   |
64 |         id_builder.append_value(i as i32);
   |                                 ^^^^^^^^
   |
   = help: for further information visit https://rust-lang.github.io/rust-clippy/master/index.html#cast_possible_wrap

warning: casting `usize` to `i32` may truncate the value on targets with 64-bit wide pointers
  --> kernel/benches/expression_bench.rs:88:40
   |
88 |         inner_int_builder.append_value(i as i32 * 10);
   |                                        ^^^^^^^^
   |
   = help: if this is intentional allow the lint with `#[allow(clippy::cast_possible_truncation)]` ...
   = help: for further information visit https://rust-lang.github.io/rust-clippy/master/index.html#cast_possible_truncation
help: ... or use `try_from` and handle the error accordingly
   |
88 -         inner_int_builder.append_value(i as i32 * 10);
88 +         inner_int_builder.append_value(i32::try_from(i) * 10);
   |

warning: casting `usize` to `i32` may wrap around the value on targets with 32-bit wide pointers
  --> kernel/benches/expression_bench.rs:88:40
   |
88 |         inner_int_builder.append_value(i as i32 * 10);
   |                                        ^^^^^^^^
   |
   = help: for further information visit https://rust-lang.github.io/rust-clippy/master/index.html#cast_possible_wrap

warning: casting `usize` to `i32` may truncate the value on targets with 64-bit wide pointers
   --> kernel/benches/expression_bench.rs:107:39
    |
107 |         outer_id_builder.append_value(i as i32);
    |                                       ^^^^^^^^
    |
    = help: if this is intentional allow the lint with `#[allow(clippy::cast_possible_truncation)]` ...
    = help: for further information visit https://rust-lang.github.io/rust-clippy/master/index.html#cast_possible_truncation
help: ... or use `try_from` and handle the error accordingly
    |
107 -         outer_id_builder.append_value(i as i32);
107 +         outer_id_builder.append_value(i32::try_from(i));
    |

warning: casting `usize` to `i32` may wrap around the value on targets with 32-bit wide pointers
   --> kernel/benches/expression_bench.rs:107:39
    |
107 |         outer_id_builder.append_value(i as i32);
    |                                       ^^^^^^^^
    |
    = help: for further information visit https://rust-lang.github.io/rust-clippy/master/index.html#cast_possible_wrap

warning: consider adding a `;` to the last statement for consistent formatting
   --> kernel/benches/expression_bench.rs:139:17
    |
139 | /                 b.iter(|| {
140 | |                     let result = to_json(black_box(struct_array));
141 | |                     black_box(result).unwrap()
142 | |                 })
    | |__________________^
    |
    = help: for further information visit https://rust-lang.github.io/rust-clippy/master/index.html#semicolon_if_nothing_returned
    = note: `-W clippy::semicolon-if-nothing-returned` implied by `-W clippy::pedantic`
    = help: to override `-W clippy::pedantic` add `#[allow(clippy::semicolon_if_nothing_returned)]`
help: add a `;` here
    |
142 |                 b.iter(|| {
143 |                     let result = to_json(black_box(struct_array));
144 |                     black_box(result).unwrap()
145 ~                 });
    |

warning: consider adding a `;` to the last statement for consistent formatting
   --> kernel/benches/expression_bench.rs:152:17
    |
152 | /                 b.iter(|| {
153 | |                     let result = to_json(black_box(struct_array));
154 | |                     black_box(result).unwrap()
155 | |                 })
    | |__________________^
    |
    = help: for further information visit https://rust-lang.github.io/rust-clippy/master/index.html#semicolon_if_nothing_returned
help: add a `;` here
    |
155 |                 b.iter(|| {
156 |                     let result = to_json(black_box(struct_array));
157 |                     black_box(result).unwrap()
158 ~                 });
    |

warning: consider adding a `;` to the last statement for consistent formatting
   --> kernel/benches/expression_bench.rs:165:17
    |
165 | /                 b.iter(|| {
166 | |                     let result = to_json(black_box(struct_array));
167 | |                     black_box(result).unwrap()
168 | |                 })
    | |__________________^
    |
    = help: for further information visit https://rust-lang.github.io/rust-clippy/master/index.html#semicolon_if_nothing_returned
help: add a `;` here
    |
168 |                 b.iter(|| {
169 |                     let result = to_json(black_box(struct_array));
170 |                     black_box(result).unwrap()
171 ~                 });
    |

warning: `delta_kernel` (bench "metadata_bench") generated 3 warnings (run `cargo clippy --fix --bench "metadata_bench"` to apply 2 suggestions)
warning: `delta_kernel` (bench "expression_bench") generated 12 warnings (run `cargo clippy --fix --bench "expression_bench"` to apply 3 suggestions)
warning: redundant closure
  --> kernel/tests/v2_checkpoints.rs:41:14
   |
41 |         .map(|s| s.to_string())
   |              ^^^^^^^^^^^^^^^^^ help: replace the closure with the method itself: `std::string::ToString::to_string`
   |
   = help: for further information visit https://rust-lang.github.io/rust-clippy/master/index.html#redundant_closure_for_method_calls
   = note: `-W clippy::redundant-closure-for-method-calls` implied by `-W clippy::pedantic`
   = help: to override `-W clippy::pedantic` add `#[allow(clippy::redundant_closure_for_method_calls)]`

warning: item in documentation is missing backticks
  --> kernel/tests/log_tail.rs:15:33
   |
15 | /// Helper function to create a LogPath for a commit at the given version
   |                                 ^^^^^^^
   |
   = help: for further information visit https://rust-lang.github.io/rust-clippy/master/index.html#doc_markdown
   = note: `-W clippy::doc-markdown` implied by `-W clippy::pedantic`
   = help: to override `-W clippy::pedantic` add `#[allow(clippy::doc_markdown)]`
help: try
   |
15 - /// Helper function to create a LogPath for a commit at the given version
15 + /// Helper function to create a `LogPath` for a commit at the given version
   |

warning: this argument is passed by value, but not consumed in the function body
  --> kernel/tests/log_tail.rs:21:52
   |
21 | fn create_file_meta(table_root: &Url, commit_path: Path) -> FileMeta {
   |                                                    ^^^^
   |
   = help: for further information visit https://rust-lang.github.io/rust-clippy/master/index.html#needless_pass_by_value
   = note: `-W clippy::needless-pass-by-value` implied by `-W clippy::pedantic`
   = help: to override `-W clippy::pedantic` add `#[allow(clippy::needless_pass_by_value)]`
help: consider taking a reference instead
   |
21 | fn create_file_meta(table_root: &Url, commit_path: &Path) -> FileMeta {
   |                                                    +

warning: this function has too many lines (115/100)
   --> kernel/tests/write_row_tracking.rs:39:7
    |
 39 |   async fn test_row_tracking_fields_in_add_and_remove_actions(
    |  _______^
 40 | | ) -> Result<(), Box<dyn std::error::Error>> {
 41 | |     let _ = tracing_subscriber::fmt::try_init();
...   |
192 | |     Ok(())
193 | | }
    | |_^
    |
    = help: for further information visit https://rust-lang.github.io/rust-clippy/master/index.html#too_many_lines
    = note: `-W clippy::too-many-lines` implied by `-W clippy::pedantic`
    = help: to override `-W clippy::pedantic` add `#[allow(clippy::too_many_lines)]`

warning: `delta_kernel` (test "v2_checkpoints") generated 1 warning (run `cargo clippy --fix --test "v2_checkpoints"` to apply 1 suggestion)
warning: redundant closure
  --> kernel/tests/cdf.rs:38:14
   |
38 |         .map(|field| field.name())
   |              ^^^^^^^^^^^^^^^^^^^^ help: replace the closure with the method itself: `delta_kernel::schema::StructField::name`
   |
   = help: for further information visit https://rust-lang.github.io/rust-clippy/master/index.html#redundant_closure_for_method_calls
   = note: `-W clippy::redundant-closure-for-method-calls` implied by `-W clippy::pedantic`
   = help: to override `-W clippy::pedantic` add `#[allow(clippy::redundant_closure_for_method_calls)]`

warning: `delta_kernel` (test "write_row_tracking") generated 1 warning
warning: `delta_kernel` (test "log_tail") generated 2 warnings (run `cargo clippy --fix --test "log_tail"` to apply 1 suggestion)
warning: `delta_kernel` (test "cdf") generated 1 warning (run `cargo clippy --fix --test "cdf"` to apply 1 suggestion)
warning: it is more concise to loop over containers instead of using explicit iteration methods
   --> kernel/tests/read.rs:361:22
    |
361 |     for scan_file in scan_files.into_iter() {
    |                      ^^^^^^^^^^^^^^^^^^^^^^ help: to write this more concisely, try: `scan_files`
    |
    = help: for further information visit https://rust-lang.github.io/rust-clippy/master/index.html#explicit_into_iter_loop
    = note: `-W clippy::explicit-into-iter-loop` implied by `-W clippy::pedantic`
    = help: to override `-W clippy::pedantic` add `#[allow(clippy::explicit_into_iter_loop)]`

warning: this argument is passed by value, but not consumed in the function body
   --> kernel/tests/read.rs:531:28
    |
531 | fn table_for_numbers(nums: Vec<u32>) -> Vec<String> {
    |                            ^^^^^^^^ help: consider changing the type to: `&[u32]`
    |
    = help: for further information visit https://rust-lang.github.io/rust-clippy/master/index.html#needless_pass_by_value
    = note: `-W clippy::needless-pass-by-value` implied by `-W clippy::pedantic`
    = help: to override `-W clippy::pedantic` add `#[allow(clippy::needless_pass_by_value)]`

warning: it is more concise to loop over references to containers instead of using explicit iteration methods
   --> kernel/tests/read.rs:540:16
    |
540 |     for num in nums.iter() {
    |                ^^^^^^^^^^^ help: to write this more concisely, try: `&nums`
    |
    = help: for further information visit https://rust-lang.github.io/rust-clippy/master/index.html#explicit_iter_loop
    = note: `-W clippy::explicit-iter-loop` implied by `-W clippy::pedantic`
    = help: to override `-W clippy::pedantic` add `#[allow(clippy::explicit_iter_loop)]`

warning: it is more concise to loop over containers instead of using explicit iteration methods
   --> kernel/tests/read.rs:596:29
    |
596 |     for (pred, expected) in cases.into_iter() {
    |                             ^^^^^^^^^^^^^^^^^ help: to write this more concisely, try: `cases`
    |
    = help: for further information visit https://rust-lang.github.io/rust-clippy/master/index.html#explicit_into_iter_loop

warning: it is more concise to loop over containers instead of using explicit iteration methods
   --> kernel/tests/read.rs:753:29
    |
753 |     for (pred, expected) in cases.into_iter() {
    |                             ^^^^^^^^^^^^^^^^^ help: to write this more concisely, try: `cases`
    |
    = help: for further information visit https://rust-lang.github.io/rust-clippy/master/index.html#explicit_into_iter_loop

warning: it is more concise to loop over containers instead of using explicit iteration methods
   --> kernel/tests/read.rs:884:29
    |
884 |     for (pred, expected) in cases.into_iter() {
    |                             ^^^^^^^^^^^^^^^^^ help: to write this more concisely, try: `cases`
    |
    = help: for further information visit https://rust-lang.github.io/rust-clippy/master/index.html#explicit_into_iter_loop

warning: it is more concise to loop over containers instead of using explicit iteration methods
   --> kernel/tests/read.rs:927:29
    |
927 |     for (pred, expected) in cases.into_iter() {
    |                             ^^^^^^^^^^^^^^^^^ help: to write this more concisely, try: `cases`
    |
    = help: for further information visit https://rust-lang.github.io/rust-clippy/master/index.html#explicit_into_iter_loop

warning: it is more concise to loop over containers instead of using explicit iteration methods
   --> kernel/tests/read.rs:980:29
    |
980 |     for (pred, expected) in cases.into_iter() {
    |                             ^^^^^^^^^^^^^^^^^ help: to write this more concisely, try: `cases`
    |
    = help: for further information visit https://rust-lang.github.io/rust-clippy/master/index.html#explicit_into_iter_loop

warning: casting `usize` to `i64` may wrap around the value on targets with 64-bit wide pointers
    --> kernel/tests/read.rs:1421:45
     |
1421 |         let expected_values: Vec<i64> = (0..batch.num_rows() as i64).collect();
     |                                             ^^^^^^^^^^^^^^^^^^^^^^^
     |
     = help: for further information visit https://rust-lang.github.io/rust-clippy/master/index.html#cast_possible_wrap
     = note: `-W clippy::cast-possible-wrap` implied by `-W clippy::pedantic`
     = help: to override `-W clippy::pedantic` add `#[allow(clippy::cast_possible_wrap)]`

warning: adding items after statements is confusing, since items exist from the start of the scope
    --> kernel/tests/read.rs:1543:5
     |
1543 | /     fn get_file_path_for_test(path: &ParsedLogPath) -> &str {
1544 | |         &path.location.location.as_str()[10..]
1545 | |     }
     | |_____^
     |
     = help: for further information visit https://rust-lang.github.io/rust-clippy/master/index.html#items_after_statements
     = note: `-W clippy::items-after-statements` implied by `-W clippy::pedantic`
     = help: to override `-W clippy::pedantic` add `#[allow(clippy::items_after_statements)]`

warning: adding items after statements is confusing, since items exist from the start of the scope
    --> kernel/tests/read.rs:1547:5
     |
1547 | /     fn ensure_segment_does_not_contain(invalid_files: &[&str], segment: &LogSegment) {
1548 | |         assert!(
1549 | |             !segment.ascending_commit_files.iter().any(|p| {
1550 | |                 let test_path = get_file_path_for_test(p);
...    |
1581 | |     }
     | |_____^
     |
     = help: for further information visit https://rust-lang.github.io/rust-clippy/master/index.html#items_after_statements

warning: it is more concise to loop over references to containers instead of using explicit iteration methods
    --> kernel/tests/read.rs:1583:25
     |
1583 |     for invalid_file in invalid_files.iter() {
     |                         ^^^^^^^^^^^^^^^^^^^^ help: to write this more concisely, try: `&invalid_files`
     |
     = help: for further information visit https://rust-lang.github.io/rust-clippy/master/index.html#explicit_iter_loop

warning: it is more concise to loop over references to containers instead of using explicit iteration methods
    --> kernel/tests/read.rs:1592:25
     |
1592 |     for invalid_file in invalid_files.iter() {
     |                         ^^^^^^^^^^^^^^^^^^^^ help: to write this more concisely, try: `&invalid_files`
     |
     = help: for further information visit https://rust-lang.github.io/rust-clippy/master/index.html#explicit_iter_loop

warning: item in documentation is missing backticks
 --> kernel/tests/golden_tables.rs:3:40
  |
3 | //! Data (golden tables) are stored in tests/golden_data/<table_name>.tar.zst
  |                                        ^^^^^^^^^^^^^^^^^
  |
  = help: for further information visit https://rust-lang.github.io/rust-clippy/master/index.html#doc_markdown
  = note: `-W clippy::doc-markdown` implied by `-W clippy::pedantic`
  = help: to override `-W clippy::pedantic` add `#[allow(clippy::doc_markdown)]`
help: try
  |
3 - //! Data (golden tables) are stored in tests/golden_data/<table_name>.tar.zst
3 + //! Data (golden tables) are stored in `tests/golden_data`/<table_name>.tar.zst
  |

warning: item in documentation is missing backticks
 --> kernel/tests/golden_tables.rs:3:59
  |
3 | //! Data (golden tables) are stored in tests/golden_data/<table_name>.tar.zst
  |                                                           ^^^^^^^^^^^^^^^^^^^
  |
  = help: for further information visit https://rust-lang.github.io/rust-clippy/master/index.html#doc_markdown
help: try
  |
3 - //! Data (golden tables) are stored in tests/golden_data/<table_name>.tar.zst
3 + //! Data (golden tables) are stored in tests/golden_data/<`table_name>.tar.zst`
  |

warning: it is more concise to loop over containers instead of using explicit iteration methods
  --> kernel/tests/golden_tables.rs:40:17
   |
40 |     for meta in files.into_iter() {
   |                 ^^^^^^^^^^^^^^^^^ help: to write this more concisely, try: `files`
   |
   = help: for further information visit https://rust-lang.github.io/rust-clippy/master/index.html#explicit_into_iter_loop
   = note: `-W clippy::explicit-into-iter-loop` implied by `-W clippy::pedantic`
   = help: to override `-W clippy::pedantic` add `#[allow(clippy::explicit_into_iter_loop)]`

warning: consider adding a `;` to the last statement for consistent formatting
  --> kernel/tests/golden_tables.rs:76:21
   |
76 | /                     sort_columns.push(SortColumn {
77 | |                         values: col.clone(),
78 | |                         options: None,
79 | |                     })
   | |______________________^
   |
   = help: for further information visit https://rust-lang.github.io/rust-clippy/master/index.html#semicolon_if_nothing_returned
   = note: `-W clippy::semicolon-if-nothing-returned` implied by `-W clippy::pedantic`
   = help: to override `-W clippy::pedantic` add `#[allow(clippy::semicolon_if_nothing_returned)]`
help: add a `;` here
   |
79 |                     sort_columns.push(SortColumn {
80 |                         values: col.clone(),
81 |                         options: None,
82 ~                     });
   |

warning: matching over `()` is more explicit
  --> kernel/tests/row_tracking.rs:35:19
   |
35 |         .map_err(|_| Error::generic("Failed to convert directory path to URL"))?;
   |                   ^ help: use `()` instead of `_`: `()`
   |
   = help: for further information visit https://rust-lang.github.io/rust-clippy/master/index.html#ignored_unit_patterns
   = note: `-W clippy::ignored-unit-patterns` implied by `-W clippy::pedantic`
   = help: to override `-W clippy::pedantic` add `#[allow(clippy::ignored_unit_patterns)]`

warning: item in documentation is missing backticks
   --> kernel/tests/row_tracking.rs:102:33
    |
102 | /// Helper function to generate ArrowEngineData from batches of Arrow arrays.
    |                                 ^^^^^^^^^^^^^^^
    |
    = help: for further information visit https://rust-lang.github.io/rust-clippy/master/index.html#doc_markdown
    = note: `-W clippy::doc-markdown` implied by `-W clippy::pedantic`
    = help: to override `-W clippy::pedantic` add `#[allow(clippy::doc_markdown)]`
help: try
    |
102 - /// Helper function to generate ArrowEngineData from batches of Arrow arrays.
102 + /// Helper function to generate `ArrowEngineData` from batches of Arrow arrays.
    |

warning: this argument is passed by value, but not consumed in the function body
   --> kernel/tests/row_tracking.rs:103:29
    |
103 | fn generate_data<I>(schema: SchemaRef, batches: I) -> DeltaResult<Vec<ArrowEngineData>>
    |                             ^^^^^^^^^
    |
    = help: for further information visit https://rust-lang.github.io/rust-clippy/master/index.html#needless_pass_by_value
    = note: `-W clippy::needless-pass-by-value` implied by `-W clippy::pedantic`
    = help: to override `-W clippy::pedantic` add `#[allow(clippy::needless_pass_by_value)]`
help: consider taking a reference instead
    |
103 | fn generate_data<I>(schema: &SchemaRef, batches: I) -> DeltaResult<Vec<ArrowEngineData>>
    |                             +

warning: variables can be used directly in the `format!` string
   --> kernel/tests/row_tracking.rs:125:38
    |
125 |     let commit_url = table_url.join(&format!("_delta_log/{:020}.json", commit_version))?;
    |                                      ^^^^^^^^^^^^^^^^^^^^^^^^^^^^^^^^^^^^^^^^^^^^^^^^^
    |
    = help: for further information visit https://rust-lang.github.io/rust-clippy/master/index.html#uninlined_format_args
    = note: `-W clippy::uninlined-format-args` implied by `-W clippy::pedantic`
    = help: to override `-W clippy::pedantic` add `#[allow(clippy::uninlined_format_args)]`
help: change this to
    |
125 -     let commit_url = table_url.join(&format!("_delta_log/{:020}.json", commit_version))?;
125 +     let commit_url = table_url.join(&format!("_delta_log/{commit_version:020}.json"))?;
    |

warning: used `sort` on primitive type `i64`
   --> kernel/tests/row_tracking.rs:153:5
    |
153 |     base_row_ids.sort();
    |     ^^^^^^^^^^^^^^^^^^^ help: try: `base_row_ids.sort_unstable()`
    |
    = note: an unstable sort typically performs faster without any observable difference for this data type
    = help: for further information visit https://rust-lang.github.io/rust-clippy/master/index.html#stable_sort_primitive
    = note: `-W clippy::stable-sort-primitive` implied by `-W clippy::pedantic`
    = help: to override `-W clippy::pedantic` add `#[allow(clippy::stable_sort_primitive)]`

warning: casting `u64` to `i64` may wrap around the value
   --> kernel/tests/row_tracking.rs:158:14
    |
158 |         vec![commit_version as i64; default_commit_versions.len()]
    |              ^^^^^^^^^^^^^^^^^^^^^
    |
    = help: for further information visit https://rust-lang.github.io/rust-clippy/master/index.html#cast_possible_wrap
    = note: `-W clippy::cast-possible-wrap` implied by `-W clippy::pedantic`
    = help: to override `-W clippy::pedantic` add `#[allow(clippy::cast_possible_wrap)]`

warning: `delta_kernel` (test "read") generated 13 warnings (run `cargo clippy --fix --test "read"` to apply 9 suggestions)
warning: this function has too many lines (102/100)
   --> kernel/tests/row_tracking.rs:623:7
    |
623 |   async fn test_row_tracking_parallel_transactions_conflict() -> DeltaResult<()> {
    |  _______^
624 | |     // Setup
625 | |     let _ = tracing_subscriber::fmt::try_init();
626 | |     let tmp_test_dir = tempdir()?;
...   |
751 | |     Ok(())
752 | | }
    | |_^
    |
    = help: for further information visit https://rust-lang.github.io/rust-clippy/master/index.html#too_many_lines
    = note: `-W clippy::too-many-lines` implied by `-W clippy::pedantic`
    = help: to override `-W clippy::pedantic` add `#[allow(clippy::too_many_lines)]`

warning: matching over `()` is more explicit
   --> kernel/tests/row_tracking.rs:766:19
    |
766 |         .map_err(|_| Error::generic("Failed to convert directory path to URL"))?;
    |                   ^ help: use `()` instead of `_`: `()`
    |
    = help: for further information visit https://rust-lang.github.io/rust-clippy/master/index.html#ignored_unit_patterns

warning: `delta_kernel` (test "row_tracking") generated 8 warnings (run `cargo clippy --fix --test "row_tracking"` to apply 5 suggestions)
warning: unused `async` for function with no await statements
   --> kernel/tests/golden_tables.rs:255:1
    |
255 | / async fn canonicalized_paths_test(
256 | |     engine: DefaultEngine<TokioBackgroundExecutor>,
257 | |     table_root: Url,
258 | |     _expected: Option<PathBuf>,
...   |
266 | |     Ok(())
267 | | }
    | |_^
    |
    = help: consider removing the `async` from this function
    = help: for further information visit https://rust-lang.github.io/rust-clippy/master/index.html#unused_async
    = note: `-W clippy::unused-async` implied by `-W clippy::pedantic`
    = help: to override `-W clippy::pedantic` add `#[allow(clippy::unused_async)]`

warning: unused `async` for function with no await statements
   --> kernel/tests/golden_tables.rs:269:1
    |
269 | / async fn checkpoint_test(
270 | |     engine: DefaultEngine<TokioBackgroundExecutor>,
271 | |     table_root: Url,
272 | |     _expected: Option<PathBuf>,
...   |
283 | |     Ok(())
284 | | }
    | |_^
    |
    = help: consider removing the `async` from this function
    = help: for further information visit https://rust-lang.github.io/rust-clippy/master/index.html#unused_async

warning: `delta_kernel` (test "golden_tables") generated 13 warnings (run `cargo clippy --fix --test "golden_tables"` to apply 4 suggestions)
warning: long literal lacking separators
   --> kernel/src/actions/deletion_vector.rs:556:51
    |
556 |         assert_eq!(ROARING_BITMAP_PORTABLE_MAGIC, 1681511377);
    |                                                   ^^^^^^^^^^ help: consider: `1_681_511_377`
    |
    = help: for further information visit https://rust-lang.github.io/rust-clippy/master/index.html#unreadable_literal

warning: long literal lacking separators
   --> kernel/src/actions/deletion_vector.rs:557:49
    |
557 |         assert_eq!(ROARING_BITMAP_NATIVE_MAGIC, 1681511376);
    |                                                 ^^^^^^^^^^ help: consider: `1_681_511_376`
    |
    = help: for further information visit https://rust-lang.github.io/rust-clippy/master/index.html#unreadable_literal

warning: long literal lacking separators
   --> kernel/src/actions/deletion_vector.rs:587:34
    |
587 |         bytes.extend_from_slice(&1681511376u32.to_le_bytes());
    |                                  ^^^^^^^^^^^^^ help: consider: `1_681_511_376_u32`
    |
    = help: for further information visit https://rust-lang.github.io/rust-clippy/master/index.html#unreadable_literal

warning: `#[ignore]` without reason
   --> kernel/src/actions/deletion_vector.rs:625:5
    |
625 |     #[ignore]
    |     ^^^^^^^^^
    |
    = help: add a reason with `= ".."`
    = help: for further information visit https://rust-lang.github.io/rust-clippy/master/index.html#ignore_without_reason
    = note: `-W clippy::ignore-without-reason` implied by `-W clippy::pedantic`
    = help: to override `-W clippy::pedantic` add `#[allow(clippy::ignore_without_reason)]`

warning: long literal lacking separators
   --> kernel/src/actions/deletion_vector.rs:632:19
    |
632 |         rb.insert(4294967297);
    |                   ^^^^^^^^^^ help: consider: `4_294_967_297`
    |
    = help: for further information visit https://rust-lang.github.io/rust-clippy/master/index.html#unreadable_literal

warning: long literal lacking separators
   --> kernel/src/actions/deletion_vector.rs:633:19
    |
633 |         rb.insert(4294967300);
    |                   ^^^^^^^^^^ help: consider: `4_294_967_300`
    |
    = help: for further information visit https://rust-lang.github.io/rust-clippy/master/index.html#unreadable_literal

warning: long literal lacking separators
   --> kernel/src/actions/deletion_vector.rs:635:39
    |
635 |         let mut expected = vec![true; 4294967301];
    |                                       ^^^^^^^^^^ help: consider: `4_294_967_301`
    |
    = help: for further information visit https://rust-lang.github.io/rust-clippy/master/index.html#unreadable_literal

warning: long literal lacking separators
   --> kernel/src/actions/deletion_vector.rs:640:18
    |
640 |         expected[4294967297] = false;
    |                  ^^^^^^^^^^ help: consider: `4_294_967_297`
    |
    = help: for further information visit https://rust-lang.github.io/rust-clippy/master/index.html#unreadable_literal

warning: long literal lacking separators
   --> kernel/src/actions/deletion_vector.rs:641:18
    |
641 |         expected[4294967300] = false;
    |                  ^^^^^^^^^^ help: consider: `4_294_967_300`
    |
    = help: for further information visit https://rust-lang.github.io/rust-clippy/master/index.html#unreadable_literal

warning: long literal lacking separators
   --> kernel/src/actions/deletion_vector.rs:655:19
    |
655 |         rb.insert(4294967297);
    |                   ^^^^^^^^^^ help: consider: `4_294_967_297`
    |
    = help: for further information visit https://rust-lang.github.io/rust-clippy/master/index.html#unreadable_literal

warning: long literal lacking separators
   --> kernel/src/actions/deletion_vector.rs:656:19
    |
656 |         rb.insert(4294967300);
    |                   ^^^^^^^^^^ help: consider: `4_294_967_300`
    |
    = help: for further information visit https://rust-lang.github.io/rust-clippy/master/index.html#unreadable_literal

warning: long literal lacking separators
   --> kernel/src/actions/deletion_vector.rs:658:40
    |
658 |         let mut expected = vec![false; 4294967301];
    |                                        ^^^^^^^^^^ help: consider: `4_294_967_301`
    |
    = help: for further information visit https://rust-lang.github.io/rust-clippy/master/index.html#unreadable_literal

warning: long literal lacking separators
   --> kernel/src/actions/deletion_vector.rs:663:18
    |
663 |         expected[4294967297] = true;
    |                  ^^^^^^^^^^ help: consider: `4_294_967_297`
    |
    = help: for further information visit https://rust-lang.github.io/rust-clippy/master/index.html#unreadable_literal

warning: long literal lacking separators
   --> kernel/src/actions/deletion_vector.rs:664:18
    |
664 |         expected[4294967300] = true;
    |                  ^^^^^^^^^^ help: consider: `4_294_967_300`
    |
    = help: for further information visit https://rust-lang.github.io/rust-clippy/master/index.html#unreadable_literal

warning: long literal lacking separators
   --> kernel/src/actions/deletion_vector_writer.rs:508:27
    |
508 |         assert_eq!(magic, 1681511377);
    |                           ^^^^^^^^^^ help: consider: `1_681_511_377`
    |
    = help: for further information visit https://rust-lang.github.io/rust-clippy/master/index.html#unreadable_literal

warning: long literal lacking separators
   --> kernel/src/actions/crc.rs:229:32
    |
229 |                 "createdTime": 1677811175
    |                                ^^^^^^^^^^ help: consider: `1_677_811_175`
    |
    = help: for further information visit https://rust-lang.github.io/rust-clippy/master/index.html#unreadable_literal

warning: long literal lacking separators
   --> kernel/src/actions/crc.rs:268:32
    |
268 |             created_time: Some(1677811175),
    |                                ^^^^^^^^^^ help: consider: `1_677_811_175`
    |
    = help: for further information visit https://rust-lang.github.io/rust-clippy/master/index.html#unreadable_literal

warning: long literal lacking separators
   --> kernel/src/actions/visitors.rs:737:32
    |
737 |             modification_time: 1714496113961,
    |                                ^^^^^^^^^^^^^ help: consider: `1_714_496_113_961`
    |
    = help: for further information visit https://rust-lang.github.io/rust-clippy/master/index.html#unreadable_literal

warning: long literal lacking separators
   --> kernel/src/actions/visitors.rs:773:32
    |
773 |             created_time: Some(1677811175819),
    |                                ^^^^^^^^^^^^^ help: consider: `1_677_811_175_819`
    |
    = help: for further information visit https://rust-lang.github.io/rust-clippy/master/index.html#unreadable_literal

warning: long literal lacking separators
   --> kernel/src/actions/visitors.rs:801:32
    |
801 |             modification_time: 1670892998135,
    |                                ^^^^^^^^^^^^^ help: consider: `1_670_892_998_135`
    |
    = help: for further information visit https://rust-lang.github.io/rust-clippy/master/index.html#unreadable_literal

warning: long literal lacking separators
   --> kernel/src/actions/visitors.rs:812:32
    |
812 |             modification_time: 1670892998136,
    |                                ^^^^^^^^^^^^^ help: consider: `1_670_892_998_136`
    |
    = help: for further information visit https://rust-lang.github.io/rust-clippy/master/index.html#unreadable_literal

warning: long literal lacking separators
   --> kernel/src/actions/visitors.rs:822:32
    |
822 |             modification_time: 1670892998137,
    |                                ^^^^^^^^^^^^^ help: consider: `1_670_892_998_137`
    |
    = help: for further information visit https://rust-lang.github.io/rust-clippy/master/index.html#unreadable_literal

warning: long literal lacking separators
   --> kernel/src/actions/visitors.rs:847:38
    |
847 |             deletion_timestamp: Some(1670892998135),
    |                                      ^^^^^^^^^^^^^ help: consider: `1_670_892_998_135`
    |
    = help: for further information visit https://rust-lang.github.io/rust-clippy/master/index.html#unreadable_literal

warning: long literal lacking separators
   --> kernel/src/actions/visitors.rs:894:18
    |
894 |             Some(1234567890),
    |                  ^^^^^^^^^^ help: consider: `1_234_567_890`
    |
    = help: for further information visit https://rust-lang.github.io/rust-clippy/master/index.html#unreadable_literal

warning: long literal lacking separators
   --> kernel/src/actions/visitors.rs:964:36
    |
964 |                 last_updated: Some(1670892998177),
    |                                    ^^^^^^^^^^^^^ help: consider: `1_670_892_998_177`
    |
    = help: for further information visit https://rust-lang.github.io/rust-clippy/master/index.html#unreadable_literal

warning: long literal lacking separators
    --> kernel/src/actions/visitors.rs:1201:18
     |
1201 |             Some(1677811178585), // Retrieved ICT
     |                  ^^^^^^^^^^^^^ help: consider: `1_677_811_178_585`
     |
     = help: for further information visit https://rust-lang.github.io/rust-clippy/master/index.html#unreadable_literal

warning: unnecessary hashes around raw string literal
    --> kernel/src/actions/mod.rs:1581:13
     |
1581 |             r#"Feature 'typeWidening' not supported for writes"#,
     |             ^^^^^^^^^^^^^^^^^^^^^^^^^^^^^^^^^^^^^^^^^^^^^^^^^^^^
     |
     = help: for further information visit https://rust-lang.github.io/rust-clippy/master/index.html#needless_raw_string_hashes
     = note: `-W clippy::needless-raw-string-hashes` implied by `-W clippy::pedantic`
     = help: to override `-W clippy::pedantic` add `#[allow(clippy::needless_raw_string_hashes)]`
help: remove all the hashes around the string literal
     |
1581 -             r#"Feature 'typeWidening' not supported for writes"#,
1581 +             r"Feature 'typeWidening' not supported for writes",
     |

warning: unnecessary hashes around raw string literal
    --> kernel/src/actions/mod.rs:1595:13
     |
1595 |             r#"Unsupported: Unknown feature 'unsupported feature'"#,
     |             ^^^^^^^^^^^^^^^^^^^^^^^^^^^^^^^^^^^^^^^^^^^^^^^^^^^^^^^
     |
     = help: for further information visit https://rust-lang.github.io/rust-clippy/master/index.html#needless_raw_string_hashes
help: remove all the hashes around the string literal
     |
1595 -             r#"Unsupported: Unknown feature 'unsupported feature'"#,
1595 +             r"Unsupported: Unknown feature 'unsupported feature'",
     |

warning: long literal lacking separators
    --> kernel/src/actions/mod.rs:1840:13
     |
1840 |             1234567890,
     |             ^^^^^^^^^^ help: consider: `1_234_567_890`
     |
     = help: for further information visit https://rust-lang.github.io/rust-clippy/master/index.html#unreadable_literal

warning: long literal lacking separators
    --> kernel/src/actions/mod.rs:1851:48
     |
1851 |         assert_eq!(metadata.created_time, Some(1234567890));
     |                                                ^^^^^^^^^^ help: consider: `1_234_567_890`
     |
     = help: for further information visit https://rust-lang.github.io/rust-clippy/master/index.html#unreadable_literal

warning: unnecessary semicolon
   --> kernel/tests/write.rs:203:6
    |
203 |     };
    |      ^ help: remove
    |
    = help: for further information visit https://rust-lang.github.io/rust-clippy/master/index.html#unnecessary_semicolon
    = note: `-W clippy::unnecessary-semicolon` implied by `-W clippy::pedantic`
    = help: to override `-W clippy::pedantic` add `#[allow(clippy::unnecessary_semicolon)]`

warning: this function has too many lines (118/100)
   --> kernel/tests/write.rs:425:7
    |
425 |   async fn test_append_partitioned() -> Result<(), Box<dyn std::error::Error>> {
    |  _______^
426 | |     // setup tracing
427 | |     let _ = tracing_subscriber::fmt::try_init();
...   |
569 | |     Ok(())
570 | | }
    | |_^
    |
    = help: for further information visit https://rust-lang.github.io/rust-clippy/master/index.html#too_many_lines
    = note: `-W clippy::too-many-lines` implied by `-W clippy::pedantic`
    = help: to override `-W clippy::pedantic` add `#[allow(clippy::too_many_lines)]`

warning: long literal lacking separators
   --> kernel/src/expressions/scalars.rs:773:30
    |
773 |         DecimalData::try_new(123456789, dtype).expect_err("should have failed");
    |                              ^^^^^^^^^ help: consider: `123_456_789`
    |
    = help: for further information visit https://rust-lang.github.io/rust-clippy/master/index.html#unreadable_literal

warning: long literal lacking separators
   --> kernel/src/expressions/scalars.rs:779:33
    |
779 |         let s = Scalar::decimal(123456789, 9, 2).unwrap();
    |                                 ^^^^^^^^^ help: consider: `123_456_789`
    |
    = help: for further information visit https://rust-lang.github.io/rust-clippy/master/index.html#unreadable_literal

warning: long literal lacking separators
   --> kernel/src/expressions/scalars.rs:782:33
    |
782 |         let s = Scalar::decimal(123456789, 9, 0).unwrap();
    |                                 ^^^^^^^^^ help: consider: `123_456_789`
    |
    = help: for further information visit https://rust-lang.github.io/rust-clippy/master/index.html#unreadable_literal

warning: long literal lacking separators
   --> kernel/src/expressions/scalars.rs:785:33
    |
785 |         let s = Scalar::decimal(123456789, 9, 9).unwrap();
    |                                 ^^^^^^^^^ help: consider: `123_456_789`
    |
    = help: for further information visit https://rust-lang.github.io/rust-clippy/master/index.html#unreadable_literal

warning: long literal lacking separators
   --> kernel/src/expressions/scalars.rs:878:34
    |
878 |         assert_decimal("123000", 123000, 6, 0)?;
    |                                  ^^^^^^ help: consider: `123_000`
    |
    = help: for further information visit https://rust-lang.github.io/rust-clippy/master/index.html#unreadable_literal

warning: long literal lacking separators
   --> kernel/src/expressions/scalars.rs:884:49
    |
884 |         assert_decimal("12.000000000000000000", 12000000000000000000, 38, 18)?;
    |                                                 ^^^^^^^^^^^^^^^^^^^^ help: consider: `12_000_000_000_000_000_000`
    |
    = help: for further information visit https://rust-lang.github.io/rust-clippy/master/index.html#unreadable_literal

warning: long literal lacking separators
    --> kernel/src/expressions/scalars.rs:1004:60
     |
1004 |         assert_timestamp_eq("1971-07-22T03:06:40.678910Z", 49000000678910);
     |                                                            ^^^^^^^^^^^^^^ help: consider: `49_000_000_678_910`
     |
     = help: for further information visit https://rust-lang.github.io/rust-clippy/master/index.html#unreadable_literal

warning: long literal lacking separators
    --> kernel/src/expressions/scalars.rs:1005:53
     |
1005 |         assert_timestamp_eq("1971-07-22T03:06:40Z", 49000000000000);
     |                                                     ^^^^^^^^^^^^^^ help: consider: `49_000_000_000_000`
     |
     = help: for further information visit https://rust-lang.github.io/rust-clippy/master/index.html#unreadable_literal

warning: long literal lacking separators
    --> kernel/src/expressions/scalars.rs:1006:52
     |
1006 |         assert_timestamp_eq("2011-01-11 13:06:07", 1294751167000000);
     |                                                    ^^^^^^^^^^^^^^^^ help: consider: `1_294_751_167_000_000`
     |
     = help: for further information visit https://rust-lang.github.io/rust-clippy/master/index.html#unreadable_literal

warning: long literal lacking separators
    --> kernel/src/expressions/scalars.rs:1007:59
     |
1007 |         assert_timestamp_eq("2011-01-11 13:06:07.123456", 1294751167123456);
     |                                                           ^^^^^^^^^^^^^^^^ help: consider: `1_294_751_167_123_456`
     |
     = help: for further information visit https://rust-lang.github.io/rust-clippy/master/index.html#unreadable_literal

warning: long literal lacking separators
    --> kernel/src/expressions/scalars.rs:1019:52
     |
1019 |         assert_timestamp_eq("2011-01-11 13:06:07", 1294751167000000);
     |                                                    ^^^^^^^^^^^^^^^^ help: consider: `1_294_751_167_000_000`
     |
     = help: for further information visit https://rust-lang.github.io/rust-clippy/master/index.html#unreadable_literal

warning: long literal lacking separators
    --> kernel/src/expressions/scalars.rs:1020:59
     |
1020 |         assert_timestamp_eq("2011-01-11 13:06:07.123456", 1294751167123456);
     |                                                           ^^^^^^^^^^^^^^^^ help: consider: `1_294_751_167_123_456`
     |
     = help: for further information visit https://rust-lang.github.io/rust-clippy/master/index.html#unreadable_literal

warning: this function has too many lines (109/100)
   --> kernel/tests/write.rs:635:7
    |
635 |   async fn test_write_txn_actions() -> Result<(), Box<dyn std::error::Error>> {
    |  _______^
636 | |     // setup tracing
637 | |     let _ = tracing_subscriber::fmt::try_init();
...   |
767 | |     Ok(())
768 | | }
    | |_^
    |
    = help: for further information visit https://rust-lang.github.io/rust-clippy/master/index.html#too_many_lines

warning: long literal lacking separators
  --> kernel/src/log_path.rs:81:29
   |
81 |         let last_modified = 1234567890i64;
   |                             ^^^^^^^^^^^^^ help: consider: `1_234_567_890_i64`
   |
   = help: for further information visit https://rust-lang.github.io/rust-clippy/master/index.html#unreadable_literal

warning: long literal lacking separators
   --> kernel/src/log_path.rs:102:29
    |
102 |         let last_modified = 1234567890i64;
    |                             ^^^^^^^^^^^^^ help: consider: `1_234_567_890_i64`
    |
    = help: for further information visit https://rust-lang.github.io/rust-clippy/master/index.html#unreadable_literal

warning: long literal lacking separators
   --> kernel/src/scan/data_skipping/tests.rs:377:42
    |
377 |     for timestamp in [&Scalar::Timestamp(1000000), &Scalar::TimestampNtz(1000000)] {
    |                                          ^^^^^^^ help: consider: `1_000_000`
    |
    = help: for further information visit https://rust-lang.github.io/rust-clippy/master/index.html#unreadable_literal

warning: long literal lacking separators
   --> kernel/src/scan/data_skipping/tests.rs:377:74
    |
377 |     for timestamp in [&Scalar::Timestamp(1000000), &Scalar::TimestampNtz(1000000)] {
    |                                                                          ^^^^^^^ help: consider: `1_000_000`
    |
    = help: for further information visit https://rust-lang.github.io/rust-clippy/master/index.html#unreadable_literal

warning: this function has too many lines (170/100)
    --> kernel/tests/write.rs:863:7
     |
 863 |   async fn test_append_variant() -> Result<(), Box<dyn std::error::Error>> {
     |  _______^
 864 | |     // setup tracing
 865 | |     let _ = tracing_subscriber::fmt::try_init();
 866 | |     fn unshredded_variant_schema_flipped() -> DataType {
...    |
1085 | |     Ok(())
1086 | | }
     | |_^
     |
     = help: for further information visit https://rust-lang.github.io/rust-clippy/master/index.html#too_many_lines

warning: adding items after statements is confusing, since items exist from the start of the scope
   --> kernel/tests/write.rs:866:5
    |
866 | /     fn unshredded_variant_schema_flipped() -> DataType {
867 | |         DataType::variant_type([
868 | |             StructField::not_null("value", DataType::BINARY),
869 | |             StructField::not_null("metadata", DataType::BINARY),
870 | |         ])
871 | |         .unwrap()
872 | |     }
    | |_____^
    |
    = help: for further information visit https://rust-lang.github.io/rust-clippy/master/index.html#items_after_statements
    = note: `-W clippy::items-after-statements` implied by `-W clippy::pedantic`
    = help: to override `-W clippy::pedantic` add `#[allow(clippy::items_after_statements)]`

warning: adding items after statements is confusing, since items exist from the start of the scope
   --> kernel/tests/write.rs:873:5
    |
873 | /     fn variant_arrow_type_flipped() -> ArrowDataType {
874 | |         let metadata_field = Field::new("metadata", ArrowDataType::Binary, false);
875 | |         let value_field = Field::new("value", ArrowDataType::Binary, false);
876 | |         let fields = vec![value_field, metadata_field];
877 | |         ArrowDataType::Struct(fields.into())
878 | |     }
    | |_____^
    |
    = help: for further information visit https://rust-lang.github.io/rust-clippy/master/index.html#items_after_statements

warning: long literal lacking separators
    --> kernel/src/scan/mod.rs:1253:35
     |
1253 |                 Scalar::Timestamp(123456),
     |                                   ^^^^^^ help: consider: `123_456`
     |
     = help: for further information visit https://rust-lang.github.io/rust-clippy/master/index.html#unreadable_literal

warning: long literal lacking separators
    --> kernel/src/scan/mod.rs:1258:35
     |
1258 |                 Scalar::Timestamp(123456),
     |                                   ^^^^^^ help: consider: `123_456`
     |
     = help: for further information visit https://rust-lang.github.io/rust-clippy/master/index.html#unreadable_literal

warning: variables can be used directly in the `format!` string
    --> kernel/tests/write.rs:1291:18
     |
1291 |             _ => panic!("Unexpected domain: {}", domain),
     |                  ^^^^^^^^^^^^^^^^^^^^^^^^^^^^^^^^^^^^^^^
     |
     = help: for further information visit https://rust-lang.github.io/rust-clippy/master/index.html#uninlined_format_args
     = note: `-W clippy::uninlined-format-args` implied by `-W clippy::pedantic`
     = help: to override `-W clippy::pedantic` add `#[allow(clippy::uninlined_format_args)]`
help: change this to
     |
1291 -             _ => panic!("Unexpected domain: {}", domain),
1291 +             _ => panic!("Unexpected domain: {domain}"),
     |

warning: long literal lacking separators
    --> kernel/src/schema/mod.rs:2053:82
     |
2053 |                 assert!(matches!(id_start, MetadataValue::Number(num) if *num == 2147483648i64));
     |                                                                                  ^^^^^^^^^^^^^ help: consider: `2_147_483_648_i64`
     |
     = help: for further information visit https://rust-lang.github.io/rust-clippy/master/index.html#unreadable_literal

warning: variables can be used directly in the `format!` string
    --> kernel/tests/write.rs:1640:39
     |
1640 |     let commit_path = table_url.join(&format!("_delta_log/{:020}.json", version))?;
     |                                       ^^^^^^^^^^^^^^^^^^^^^^^^^^^^^^^^^^^^^^^^^^
     |
     = help: for further information visit https://rust-lang.github.io/rust-clippy/master/index.html#uninlined_format_args
help: change this to
     |
1640 -     let commit_path = table_url.join(&format!("_delta_log/{:020}.json", version))?;
1640 +     let commit_path = table_url.join(&format!("_delta_log/{version:020}.json"))?;
     |

warning: variables can be used directly in the `format!` string
    --> kernel/tests/write.rs:1650:5
     |
1650 | /     assert!(
1651 | |         !lines.is_empty(),
1652 | |         "Commit log at version {} should not be empty",
1653 | |         version
1654 | |     );
     | |_____^
     |
     = help: for further information visit https://rust-lang.github.io/rust-clippy/master/index.html#uninlined_format_args

warning: long literal lacking separators
   --> kernel/src/snapshot/builder.rs:145:28
    |
145 |             "createdTime": 1587968585495i64
    |                            ^^^^^^^^^^^^^^^^ help: consider: `1_587_968_585_495_i64`
    |
    = help: for further information visit https://rust-lang.github.io/rust-clippy/master/index.html#unreadable_literal

warning: long literal lacking separators
   --> kernel/src/snapshot/builder.rs:174:37
    |
174 |                 "modificationTime": 1587968586000i64,
    |                                     ^^^^^^^^^^^^^^^^ help: consider: `1_587_968_586_000_i64`
    |
    = help: for further information visit https://rust-lang.github.io/rust-clippy/master/index.html#unreadable_literal

warning: long literal lacking separators
   --> kernel/src/snapshot.rs:537:55
    |
537 |                 "createdTime": created_time.unwrap_or(1587968586154u64)
    |                                                       ^^^^^^^^^^^^^^^^ help: consider: `1_587_968_586_154_u64`
    |
    = help: for further information visit https://rust-lang.github.io/rust-clippy/master/index.html#unreadable_literal

warning: binding's name is too similar to existing binding
   --> kernel/src/snapshot.rs:801:13
    |
801 |         let store_3c_iv = store.fork();
    |             ^^^^^^^^^^^
    |
note: existing binding defined here
   --> kernel/src/snapshot.rs:780:13
    |
780 |         let store_3c_ii = store.fork();
    |             ^^^^^^^^^^^
    = help: for further information visit https://rust-lang.github.io/rust-clippy/master/index.html#similar_names
    = note: `-W clippy::similar-names` implied by `-W clippy::pedantic`
    = help: to override `-W clippy::pedantic` add `#[allow(clippy::similar_names)]`

warning: long literal lacking separators
   --> kernel/src/snapshot.rs:667:34
    |
667 |                     "timestamp": 1587968586154i64,
    |                                  ^^^^^^^^^^^^^^^^ help: consider: `1_587_968_586_154_i64`
    |
    = help: for further information visit https://rust-lang.github.io/rust-clippy/master/index.html#unreadable_literal

warning: long literal lacking separators
   --> kernel/src/snapshot.rs:689:36
    |
689 |                     "createdTime": 1587968585495i64
    |                                    ^^^^^^^^^^^^^^^^ help: consider: `1_587_968_585_495_i64`
    |
    = help: for further information visit https://rust-lang.github.io/rust-clippy/master/index.html#unreadable_literal

warning: variables can be used directly in the `format!` string
    --> kernel/tests/write.rs:1761:5
     |
1761 | /     assert!(
1762 | |         first_ict > 1612345678,
1763 | |         "First commit ICT ({}) should be greater than enablement timestamp (1612345678)",
1764 | |         first_ict
1765 | |     );
     | |_____^
     |
     = help: for further information visit https://rust-lang.github.io/rust-clippy/master/index.html#uninlined_format_args

warning: long literal lacking separators
   --> kernel/src/snapshot.rs:833:32
    |
833 |                 "createdTime": 1587968585495i64
    |                                ^^^^^^^^^^^^^^^^ help: consider: `1_587_968_585_495_i64`
    |
    = help: for further information visit https://rust-lang.github.io/rust-clippy/master/index.html#unreadable_literal

warning: long literal lacking separators
   --> kernel/src/snapshot.rs:839:34
    |
839 |                     "timestamp": 1587968586154i64,
    |                                  ^^^^^^^^^^^^^^^^ help: consider: `1_587_968_586_154_i64`
    |
    = help: for further information visit https://rust-lang.github.io/rust-clippy/master/index.html#unreadable_literal

warning: long literal lacking separators
   --> kernel/src/snapshot.rs:851:34
    |
851 |                     "timestamp": 1587968586154i64,
    |                                  ^^^^^^^^^^^^^^^^ help: consider: `1_587_968_586_154_i64`
    |
    = help: for further information visit https://rust-lang.github.io/rust-clippy/master/index.html#unreadable_literal

warning: variables can be used directly in the `format!` string
    --> kernel/tests/write.rs:1807:5
     |
1807 | /     assert!(
1808 | |         second_ict > first_ict,
1809 | |         "Second ICT ({}) should be greater than first ICT ({})",
1810 | |         second_ict,
1811 | |         first_ict
1812 | |     );
     | |_____^
     |
     = help: for further information visit https://rust-lang.github.io/rust-clippy/master/index.html#uninlined_format_args

warning: long literal lacking separators
    --> kernel/src/snapshot.rs:1107:36
     |
1107 |                     "createdTime": 1587968585495i64
     |                                    ^^^^^^^^^^^^^^^^ help: consider: `1_587_968_585_495_i64`
     |
     = help: for further information visit https://rust-lang.github.io/rust-clippy/master/index.html#unreadable_literal

warning: long literal lacking separators
    --> kernel/src/snapshot.rs:1263:34
     |
1263 |         let expected_timestamp = 1587968586200i64;
     |                                  ^^^^^^^^^^^^^^^^ help: consider: `1_587_968_586_200_i64`
     |
     = help: for further information visit https://rust-lang.github.io/rust-clippy/master/index.html#unreadable_literal

warning: this function has too many lines (112/100)
    --> kernel/tests/write.rs:1818:7
     |
1818 |   async fn test_remove_files_adds_expected_entries() -> Result<(), Box<dyn std::error::Error>> {
     |  _______^
...    |
1981 | |     Ok(())
1982 | | }
     | |_^
     |
     = help: for further information visit https://rust-lang.github.io/rust-clippy/master/index.html#too_many_lines

warning: long literal lacking separators
    --> kernel/src/snapshot.rs:1313:36
     |
1313 |                     "createdTime": 1677811175819u64
     |                                    ^^^^^^^^^^^^^^^^ help: consider: `1_677_811_175_819_u64`
     |
     = help: for further information visit https://rust-lang.github.io/rust-clippy/master/index.html#unreadable_literal

warning: long literal lacking separators
    --> kernel/src/snapshot.rs:1320:51
     |
1320 |         let commit_predates = [create_commit_info(1234567890, None)];
     |                                                   ^^^^^^^^^^ help: consider: `1_234_567_890`
     |
     = help: for further information visit https://rust-lang.github.io/rust-clippy/master/index.html#unreadable_literal

warning: long literal lacking separators
    --> kernel/src/snapshot.rs:1347:22
     |
1347 |                 Some(1677811175819),
     |                      ^^^^^^^^^^^^^ help: consider: `1_677_811_175_819`
     |
     = help: for further information visit https://rust-lang.github.io/rust-clippy/master/index.html#unreadable_literal

warning: long literal lacking separators
    --> kernel/src/snapshot.rs:1355:54
     |
1355 |         let commit_missing_ict = [create_commit_info(1234567890, None)];
     |                                                      ^^^^^^^^^^ help: consider: `1_234_567_890`
     |
     = help: for further information visit https://rust-lang.github.io/rust-clippy/master/index.html#unreadable_literal

warning: long literal lacking separators
    --> kernel/src/snapshot.rs:1380:22
     |
1380 |                 Some(1677811175819),
     |                      ^^^^^^^^^^^^^ help: consider: `1_677_811_175_819`
     |
     = help: for further information visit https://rust-lang.github.io/rust-clippy/master/index.html#unreadable_literal

warning: long literal lacking separators
    --> kernel/src/snapshot.rs:1431:32
     |
1431 |             create_commit_info(1587968586154, None),
     |                                ^^^^^^^^^^^^^ help: consider: `1_587_968_586_154`
     |
     = help: for further information visit https://rust-lang.github.io/rust-clippy/master/index.html#unreadable_literal

warning: long literal lacking separators
    --> kernel/src/snapshot.rs:1436:22
     |
1436 |                 Some(1587968585495),
     |                      ^^^^^^^^^^^^^ help: consider: `1_587_968_585_495`
     |
     = help: for further information visit https://rust-lang.github.io/rust-clippy/master/index.html#unreadable_literal

warning: long literal lacking separators
    --> kernel/src/snapshot.rs:1445:32
     |
1445 |             create_commit_info(1587968586154, None),
     |                                ^^^^^^^^^^^^^ help: consider: `1_587_968_586_154`
     |
     = help: for further information visit https://rust-lang.github.io/rust-clippy/master/index.html#unreadable_literal

warning: long literal lacking separators
    --> kernel/src/snapshot.rs:1450:22
     |
1450 |                 Some(1587968585495),
     |                      ^^^^^^^^^^^^^ help: consider: `1_587_968_585_495`
     |
     = help: for further information visit https://rust-lang.github.io/rust-clippy/master/index.html#unreadable_literal

warning: long literal lacking separators
    --> kernel/src/snapshot.rs:1478:28
     |
1478 |         let expected_ict = 1587968586200i64;
     |                            ^^^^^^^^^^^^^^^^ help: consider: `1_587_968_586_200_i64`
     |
     = help: for further information visit https://rust-lang.github.io/rust-clippy/master/index.html#unreadable_literal

warning: long literal lacking separators
    --> kernel/src/snapshot.rs:1479:48
     |
1479 |         let commit1_data = [create_commit_info(1587968586200, Some(expected_ict))];
     |                                                ^^^^^^^^^^^^^ help: consider: `1_587_968_586_200`
     |
     = help: for further information visit https://rust-lang.github.io/rust-clippy/master/index.html#unreadable_literal

warning: long literal lacking separators
    --> kernel/src/snapshot.rs:1513:36
     |
1513 |                     "createdTime": 1587968585495i64
     |                                    ^^^^^^^^^^^^^^^^ help: consider: `1_587_968_585_495_i64`
     |
     = help: for further information visit https://rust-lang.github.io/rust-clippy/master/index.html#unreadable_literal

warning: long literal lacking separators
    --> kernel/src/snapshot.rs:1546:36
     |
1546 |                     "createdTime": 1587968585495i64
     |                                    ^^^^^^^^^^^^^^^^ help: consider: `1_587_968_585_495_i64`
     |
     = help: for further information visit https://rust-lang.github.io/rust-clippy/master/index.html#unreadable_literal

warning: variables can be used directly in the `format!` string
    --> kernel/tests/write.rs:1865:37
     |
1865 |                 tmp_table_path.join(format!("_delta_log/{:020}.json", commit_version));
     |                                     ^^^^^^^^^^^^^^^^^^^^^^^^^^^^^^^^^^^^^^^^^^^^^^^^^
     |
     = help: for further information visit https://rust-lang.github.io/rust-clippy/master/index.html#uninlined_format_args
help: change this to
     |
1865 -                 tmp_table_path.join(format!("_delta_log/{:020}.json", commit_version));
1865 +                 tmp_table_path.join(format!("_delta_log/{commit_version:020}.json"));
     |

warning: long literal lacking separators
    --> kernel/src/snapshot.rs:1583:28
     |
1583 |             last_modified: 1234567890,
     |                            ^^^^^^^^^^ help: consider: `1_234_567_890`
     |
     = help: for further information visit https://rust-lang.github.io/rust-clippy/master/index.html#unreadable_literal

warning: long literal lacking separators
    --> kernel/src/snapshot.rs:1623:36
     |
1623 |                     "createdTime": 1587968585495i64
     |                                    ^^^^^^^^^^^^^^^^ help: consider: `1_587_968_585_495_i64`
     |
     = help: for further information visit https://rust-lang.github.io/rust-clippy/master/index.html#unreadable_literal

warning: long literal lacking separators
   --> kernel/src/table_changes/physical_to_logical.rs:168:31
    |
168 |             commit_timestamp: 1000000000000,
    |                               ^^^^^^^^^^^^^ help: consider: `1_000_000_000_000`
    |
    = help: for further information visit https://rust-lang.github.io/rust-clippy/master/index.html#unreadable_literal

warning: long literal lacking separators
   --> kernel/src/table_changes/physical_to_logical.rs:379:31
    |
379 |             commit_timestamp: 1000000000000,
    |                               ^^^^^^^^^^^^^ help: consider: `1_000_000_000_000`
    |
    = help: for further information visit https://rust-lang.github.io/rust-clippy/master/index.html#unreadable_literal

warning: long literal lacking separators
   --> kernel/src/table_changes/resolve_dvs.rs:175:26
    |
175 |         let magic: u32 = 1681511377;
    |                          ^^^^^^^^^^ help: consider: `1_681_511_377`
    |
    = help: for further information visit https://rust-lang.github.io/rust-clippy/master/index.html#unreadable_literal

warning: binding's name is too similar to existing binding
   --> kernel/src/table_changes/resolve_dvs.rs:327:17
    |
327 |         let mut rm_sv = vec![false; 2];
    |                 ^^^^^
    |
note: existing binding defined here
   --> kernel/src/table_changes/resolve_dvs.rs:320:13
    |
320 |         let rm_dv = treemap_to_dv_descriptor(RoaringTreemap::from([0, 2]));
    |             ^^^^^
    = help: for further information visit https://rust-lang.github.io/rust-clippy/master/index.html#similar_names

warning: binding's name is too similar to existing binding
   --> kernel/src/table_changes/resolve_dvs.rs:329:17
    |
329 |         let mut add_sv = vec![false; 3];
    |                 ^^^^^^
    |
note: existing binding defined here
   --> kernel/src/table_changes/resolve_dvs.rs:321:13
    |
321 |         let add_dv = treemap_to_dv_descriptor(RoaringTreemap::from([0, 1]));
    |             ^^^^^^
    = help: for further information visit https://rust-lang.github.io/rust-clippy/master/index.html#similar_names

warning: redundant closure
    --> kernel/tests/write.rs:1969:50
     |
1969 |             assert_eq!(dv.get("offset").and_then(|v| v.as_i64()), Some(1));
     |                                                  ^^^^^^^^^^^^^^ help: replace the closure with the method itself: `serde_json::Value::as_i64`
     |
     = help: for further information visit https://rust-lang.github.io/rust-clippy/master/index.html#redundant_closure_for_method_calls
     = note: `-W clippy::redundant-closure-for-method-calls` implied by `-W clippy::pedantic`
     = help: to override `-W clippy::pedantic` add `#[allow(clippy::redundant_closure_for_method_calls)]`

warning: redundant closure
    --> kernel/tests/write.rs:1970:55
     |
1970 |             assert_eq!(dv.get("sizeInBytes").and_then(|v| v.as_i64()), Some(36));
     |                                                       ^^^^^^^^^^^^^^ help: replace the closure with the method itself: `serde_json::Value::as_i64`
     |
     = help: for further information visit https://rust-lang.github.io/rust-clippy/master/index.html#redundant_closure_for_method_calls

warning: redundant closure
    --> kernel/tests/write.rs:1971:55
     |
1971 |             assert_eq!(dv.get("cardinality").and_then(|v| v.as_i64()), Some(2));
     |                                                       ^^^^^^^^^^^^^^ help: replace the closure with the method itself: `serde_json::Value::as_i64`
     |
     = help: for further information visit https://rust-lang.github.io/rust-clippy/master/index.html#redundant_closure_for_method_calls

warning: this function has too many lines (104/100)
    --> kernel/tests/write.rs:2068:7
     |
2068 |   async fn test_remove_files_with_modified_selection_vector() -> Result<(), Box<dyn std::error::Error>>
     |  _______^
...    |
2209 | |     Ok(())
2210 | | }
     | |_^
     |
     = help: for further information visit https://rust-lang.github.io/rust-clippy/master/index.html#too_many_lines

warning: variables can be used directly in the `format!` string
    --> kernel/tests/write.rs:2112:9
     |
2112 | /         assert!(
2113 | |             initial_file_count >= 3,
2114 | |             "Need at least 3 files for this test, got {}",
2115 | |             initial_file_count
2116 | |         );
     | |_________^
     |
     = help: for further information visit https://rust-lang.github.io/rust-clippy/master/index.html#uninlined_format_args

warning: long literal lacking separators
   --> kernel/src/table_properties/deserialize.rs:320:39
    |
320 |             Duration::from_secs(123 * 604800)
    |                                       ^^^^^^ help: consider: `604_800`
    |
    = help: for further information visit https://rust-lang.github.io/rust-clippy/master/index.html#unreadable_literal

warning: long literal lacking separators
   --> kernel/src/table_properties/deserialize.rs:325:39
    |
325 |             Duration::from_secs(123 * 604800)
    |                                       ^^^^^^ help: consider: `604_800`
    |
    = help: for further information visit https://rust-lang.github.io/rust-clippy/master/index.html#unreadable_literal

warning: it is more concise to loop over references to containers instead of using explicit iteration methods
    --> kernel/tests/write.rs:2133:25
     |
2133 |         for selected in selection_vector.iter_mut() {
     |                         ^^^^^^^^^^^^^^^^^^^^^^^^^^^ help: to write this more concisely, try: `&mut selection_vector`
     |
     = help: for further information visit https://rust-lang.github.io/rust-clippy/master/index.html#explicit_iter_loop
     = note: `-W clippy::explicit-iter-loop` implied by `-W clippy::pedantic`
     = help: to override `-W clippy::pedantic` add `#[allow(clippy::explicit_iter_loop)]`

warning: long literal lacking separators
   --> kernel/src/kernel_predicates/tests.rs:190:60
    |
190 |     let left = &[Byte(2), Short(200), Integer(20000), Long(2000000)];
    |                                                            ^^^^^^^ help: consider: `2_000_000`
    |
    = help: for further information visit https://rust-lang.github.io/rust-clippy/master/index.html#unreadable_literal

warning: long literal lacking separators
   --> kernel/src/kernel_predicates/tests.rs:191:59
    |
191 |     let right = &[Byte(3), Short(30), Integer(3000), Long(300000)];
    |                                                           ^^^^^^ help: consider: `300_000`
    |
    = help: for further information visit https://rust-lang.github.io/rust-clippy/master/index.html#unreadable_literal

warning: long literal lacking separators
   --> kernel/src/kernel_predicates/tests.rs:198:21
    |
198 |             Integer(60000000),
    |                     ^^^^^^^^ help: consider: `60_000_000`
    |
    = help: for further information visit https://rust-lang.github.io/rust-clippy/master/index.html#unreadable_literal

warning: long literal lacking separators
   --> kernel/src/kernel_predicates/tests.rs:201:15
    |
201 |         (Long(2300000), Long(1700000), Long(600000000000), Long(6)),
    |               ^^^^^^^ help: consider: `2_300_000`
    |
    = help: for further information visit https://rust-lang.github.io/rust-clippy/master/index.html#unreadable_literal

warning: long literal lacking separators
   --> kernel/src/kernel_predicates/tests.rs:201:30
    |
201 |         (Long(2300000), Long(1700000), Long(600000000000), Long(6)),
    |                              ^^^^^^^ help: consider: `1_700_000`
    |
    = help: for further information visit https://rust-lang.github.io/rust-clippy/master/index.html#unreadable_literal

warning: long literal lacking separators
   --> kernel/src/kernel_predicates/tests.rs:201:45
    |
201 |         (Long(2300000), Long(1700000), Long(600000000000), Long(6)),
    |                                             ^^^^^^^^^^^^ help: consider: `600_000_000_000`
    |
    = help: for further information visit https://rust-lang.github.io/rust-clippy/master/index.html#unreadable_literal

warning: #[should_panic] attribute without a reason
    --> kernel/src/log_segment/tests.rs:1787:1
     |
1787 | #[should_panic]
     | ^^^^^^^^^^^^^^^ help: consider specifying the expected panic: `#[should_panic(expected = /* panic message */)]`
     |
     = help: for further information visit https://rust-lang.github.io/rust-clippy/master/index.html#should_panic_without_expect
     = note: `-W clippy::should-panic-without-expect` implied by `-W clippy::pedantic`
     = help: to override `-W clippy::pedantic` add `#[allow(clippy::should_panic_without_expect)]`

warning: #[should_panic] attribute without a reason
    --> kernel/src/log_segment/tests.rs:1809:1
     |
1809 | #[should_panic]
     | ^^^^^^^^^^^^^^^ help: consider specifying the expected panic: `#[should_panic(expected = /* panic message */)]`
     |
     = help: for further information visit https://rust-lang.github.io/rust-clippy/master/index.html#should_panic_without_expect

warning: #[should_panic] attribute without a reason
    --> kernel/src/log_segment/tests.rs:1831:1
     |
1831 | #[should_panic]
     | ^^^^^^^^^^^^^^^ help: consider specifying the expected panic: `#[should_panic(expected = /* panic message */)]`
     |
     = help: for further information visit https://rust-lang.github.io/rust-clippy/master/index.html#should_panic_without_expect

warning: `delta_kernel` (test "write") generated 26 warnings (run `cargo clippy --fix --test "write"` to apply 12 suggestions)
warning: binding's name is too similar to existing binding
   --> kernel/src/engine/arrow_expression/evaluate_expression.rs:391:17
    |
391 |             let eval_fn = match (op, inverted) {
    |                 ^^^^^^^
    |
note: existing binding defined here
   --> kernel/src/engine/arrow_expression/evaluate_expression.rs:336:17
    |
336 |             let eval_in = || match (left, right) {
    |                 ^^^^^^^
    = help: for further information visit https://rust-lang.github.io/rust-clippy/master/index.html#similar_names

warning: binding's name is too similar to existing binding
   --> kernel/src/engine/arrow_expression/tests.rs:412:9
    |
412 |     let predicate_le = column.clone().le(Expr::literal(2));
    |         ^^^^^^^^^^^^
    |
note: existing binding defined here
   --> kernel/src/engine/arrow_expression/tests.rs:407:9
    |
407 |     let predicate_lt = column.clone().lt(Expr::literal(2));
    |         ^^^^^^^^^^^^
    = help: for further information visit https://rust-lang.github.io/rust-clippy/master/index.html#similar_names

warning: binding's name is too similar to existing binding
   --> kernel/src/engine/arrow_expression/tests.rs:414:9
    |
414 |     let expected_le = BooleanArray::from(vec![true, true, false]);
    |         ^^^^^^^^^^^
    |
note: existing binding defined here
   --> kernel/src/engine/arrow_expression/tests.rs:409:9
    |
409 |     let expected_lt = BooleanArray::from(vec![true, false, false]);
    |         ^^^^^^^^^^^
    = help: for further information visit https://rust-lang.github.io/rust-clippy/master/index.html#similar_names

warning: binding's name is too similar to existing binding
   --> kernel/src/engine/arrow_expression/tests.rs:417:9
    |
417 |     let predicate_gt = column.clone().gt(Expr::literal(2));
    |         ^^^^^^^^^^^^
    |
note: existing binding defined here
   --> kernel/src/engine/arrow_expression/tests.rs:407:9
    |
407 |     let predicate_lt = column.clone().lt(Expr::literal(2));
    |         ^^^^^^^^^^^^
    = help: for further information visit https://rust-lang.github.io/rust-clippy/master/index.html#similar_names

warning: binding's name is too similar to existing binding
   --> kernel/src/engine/arrow_expression/tests.rs:419:9
    |
419 |     let expected_gt = BooleanArray::from(vec![false, false, true]);
    |         ^^^^^^^^^^^
    |
note: existing binding defined here
   --> kernel/src/engine/arrow_expression/tests.rs:409:9
    |
409 |     let expected_lt = BooleanArray::from(vec![true, false, false]);
    |         ^^^^^^^^^^^
    = help: for further information visit https://rust-lang.github.io/rust-clippy/master/index.html#similar_names

warning: binding's name is too similar to existing binding
   --> kernel/src/engine/arrow_expression/tests.rs:432:9
    |
432 |     let predicate_ne = column.clone().ne(Expr::literal(2));
    |         ^^^^^^^^^^^^
    |
note: existing binding defined here
   --> kernel/src/engine/arrow_expression/tests.rs:422:9
    |
422 |     let predicate_ge = column.clone().ge(Expr::literal(2));
    |         ^^^^^^^^^^^^
    = help: for further information visit https://rust-lang.github.io/rust-clippy/master/index.html#similar_names

warning: binding's name is too similar to existing binding
   --> kernel/src/engine/arrow_expression/tests.rs:434:9
    |
434 |     let expected_ne = BooleanArray::from(vec![true, false, true]);
    |         ^^^^^^^^^^^
    |
note: existing binding defined here
   --> kernel/src/engine/arrow_expression/tests.rs:424:9
    |
424 |     let expected_ge = BooleanArray::from(vec![false, true, true]);
    |         ^^^^^^^^^^^
    = help: for further information visit https://rust-lang.github.io/rust-clippy/master/index.html#similar_names

warning: unnecessary hashes around raw string literal
   --> kernel/src/engine/arrow_expression/tests.rs:998:37
    |
998 |     assert_eq!(json_array.value(3), r#"{}"#);
    |                                     ^^^^^^^
    |
    = help: for further information visit https://rust-lang.github.io/rust-clippy/master/index.html#needless_raw_string_hashes
help: remove all the hashes around the string literal
    |
998 -     assert_eq!(json_array.value(3), r#"{}"#);
998 +     assert_eq!(json_array.value(3), r"{}");
    |

warning: binding's name is too similar to existing binding
    --> kernel/src/engine/arrow_utils.rs:2853:13
     |
2853 |         let json_one = to_json_bytes(Box::new(std::iter::once(Ok(one_selected))))?;
     |             ^^^^^^^^
     |
note: existing binding defined here
    --> kernel/src/engine/arrow_utils.rs:2847:13
     |
2847 |         let json_none = to_json_bytes(Box::new(std::iter::once(Ok(none_selected))))?;
     |             ^^^^^^^^^
     = help: for further information visit https://rust-lang.github.io/rust-clippy/master/index.html#similar_names

warning: binding's name is too similar to existing binding
    --> kernel/src/engine/arrow_utils.rs:2859:13
     |
2859 |         let json_one = to_json_bytes(Box::new(std::iter::once(Ok(one_selected))))?;
     |             ^^^^^^^^
     |
note: existing binding defined here
    --> kernel/src/engine/arrow_utils.rs:2847:13
     |
2847 |         let json_none = to_json_bytes(Box::new(std::iter::once(Ok(none_selected))))?;
     |             ^^^^^^^^^
     = help: for further information visit https://rust-lang.github.io/rust-clippy/master/index.html#similar_names

warning: unnecessary hashes around raw string literal
   --> kernel/src/engine/default/json.rs:646:27
    |
646 |         write!(temp_file, r#"this is not valid json"#).expect("Failed to write to temp file");
    |                           ^^^^^^^^^^^^^^^^^^^^^^^^^^^
    |
    = help: for further information visit https://rust-lang.github.io/rust-clippy/master/index.html#needless_raw_string_hashes
help: remove all the hashes around the string literal
    |
646 -         write!(temp_file, r#"this is not valid json"#).expect("Failed to write to temp file");
646 +         write!(temp_file, r"this is not valid json").expect("Failed to write to temp file");
    |

warning: long literal lacking separators
   --> kernel/src/engine/default/parquet.rs:501:29
    |
501 |         let last_modified = 10000000000;
    |                             ^^^^^^^^^^^ help: consider: `10_000_000_000`
    |
    = help: for further information visit https://rust-lang.github.io/rust-clippy/master/index.html#unreadable_literal

warning: long literal lacking separators
   --> kernel/src/engine/arrow_data.rs:415:50
    |
415 |         assert_eq!(metadata.created_time(), Some(1670892997849));
    |                                                  ^^^^^^^^^^^^^ help: consider: `1_670_892_997_849`
    |
    = help: for further information visit https://rust-lang.github.io/rust-clippy/master/index.html#unreadable_literal

warning: long literal lacking separators
  --> kernel/src/engine/parquet_row_group_skipping/tests.rs:90:14
   |
90 |         Some(1000000000i64.into())
   |              ^^^^^^^^^^^^^ help: consider: `1_000_000_000_i64`
   |
   = help: for further information visit https://rust-lang.github.io/rust-clippy/master/index.html#unreadable_literal

warning: long literal lacking separators
  --> kernel/src/engine/parquet_row_group_skipping/tests.rs:96:14
   |
96 |         Some(1000000i64.into())
   |              ^^^^^^^^^^ help: consider: `1_000_000_i64`
   |
   = help: for further information visit https://rust-lang.github.io/rust-clippy/master/index.html#unreadable_literal

warning: long literal lacking separators
   --> kernel/src/engine/parquet_row_group_skipping/tests.rs:101:14
    |
101 |         Some(1000000i32.into())
    |              ^^^^^^^^^^ help: consider: `1_000_000_i32`
    |
    = help: for further information visit https://rust-lang.github.io/rust-clippy/master/index.html#unreadable_literal

warning: long literal lacking separators
   --> kernel/src/engine/parquet_row_group_skipping/tests.rs:272:14
    |
272 |         Some(1000000004i64.into())
    |              ^^^^^^^^^^^^^ help: consider: `1_000_000_004_i64`
    |
    = help: for further information visit https://rust-lang.github.io/rust-clippy/master/index.html#unreadable_literal

warning: long literal lacking separators
   --> kernel/src/engine/parquet_row_group_skipping/tests.rs:278:14
    |
278 |         Some(1000004i64.into())
    |              ^^^^^^^^^^ help: consider: `1_000_004_i64`
    |
    = help: for further information visit https://rust-lang.github.io/rust-clippy/master/index.html#unreadable_literal

warning: long literal lacking separators
   --> kernel/src/engine/parquet_row_group_skipping/tests.rs:283:14
    |
283 |         Some(1000004.into())
    |              ^^^^^^^ help: consider: `1_000_004`
    |
    = help: for further information visit https://rust-lang.github.io/rust-clippy/master/index.html#unreadable_literal

warning: long literal lacking separators
   --> kernel/src/engine/parquet_row_group_skipping/tests.rs:298:14
    |
298 |         Some(1125899906842747f64.into())
    |              ^^^^^^^^^^^^^^^^^^^ help: consider: `1_125_899_906_842_747_f64`
    |
    = help: for further information visit https://rust-lang.github.io/rust-clippy/master/index.html#unreadable_literal

warning: long literal lacking separators
   --> kernel/src/engine/parquet_row_group_skipping/tests.rs:304:14
    |
304 |         Some(1048699f64.into())
    |              ^^^^^^^^^^ help: consider: `1_048_699_f64`
    |
    = help: for further information visit https://rust-lang.github.io/rust-clippy/master/index.html#unreadable_literal

warning: long literal lacking separators
   --> kernel/src/engine/parquet_row_group_skipping/tests.rs:309:14
    |
309 |         Some(1048699f32.into())
    |              ^^^^^^^^^^ help: consider: `1_048_699_f32`
    |
    = help: for further information visit https://rust-lang.github.io/rust-clippy/master/index.html#unreadable_literal

warning: this function's return value is unnecessarily wrapped by `Result`
   --> kernel/src/action_reconciliation/log_replay.rs:570:5
    |
570 |     fn create_batch(json_strings: Vec<&str>) -> DeltaResult<ActionsBatch> {
    |     ^^^^^^^^^^^^^^^^^^^^^^^^^^^^^^^^^^^^^^^^^^^^^^^^^^^^^^^^^^^^^^^^^^^^^
    |
    = help: for further information visit https://rust-lang.github.io/rust-clippy/master/index.html#unnecessary_wraps
    = note: `-W clippy::unnecessary-wraps` implied by `-W clippy::pedantic`
    = help: to override `-W clippy::pedantic` add `#[allow(clippy::unnecessary_wraps)]`
help: remove `Result` from the return type...
    |
570 -     fn create_batch(json_strings: Vec<&str>) -> DeltaResult<ActionsBatch> {
570 +     fn create_batch(json_strings: Vec<&str>) -> log_replay::ActionsBatch {
    |
help: ...and then remove the surrounding `Ok()` from returning expressions
    |
572 -         Ok(ActionsBatch::new(actions, true))
572 +         ActionsBatch::new(actions, true)
    |

warning: item in documentation is missing backticks
    --> kernel/src/action_reconciliation/log_replay.rs:1032:18
     |
1032 |         /// Mock GetData implementation that can simulate type errors for testing error paths
     |                  ^^^^^^^
     |
     = help: for further information visit https://rust-lang.github.io/rust-clippy/master/index.html#doc_markdown
help: try
     |
1032 -         /// Mock GetData implementation that can simulate type errors for testing error paths
1032 +         /// Mock `GetData` implementation that can simulate type errors for testing error paths
     |

warning: this function's return value is unnecessary
    --> kernel/src/action_reconciliation/log_replay.rs:1235:5
     |
1235 |     fn test_action_reconciliation_processor_error_propagation() -> DeltaResult<()> {
     |     ^^^^^^^^^^^^^^^^^^^^^^^^^^^^^^^^^^^^^^^^^^^^^^^^^^^^^^^^^^^^^^^^^^^^^^^^^^^^^^
     |
     = help: for further information visit https://rust-lang.github.io/rust-clippy/master/index.html#unnecessary_wraps
help: remove the return type...
     |
1235 -     fn test_action_reconciliation_processor_error_propagation() -> DeltaResult<()> {
1235 +     fn test_action_reconciliation_processor_error_propagation() -> () {
     |
help: ...and then remove returned values
     |
1256 -         Ok(())
     |

warning: casting `usize` to `i32` may truncate the value on targets with 64-bit wide pointers
   --> kernel/src/actions/deletion_vector.rs:597:28
    |
597 |             size_in_bytes: bytes.len() as i32,
    |                            ^^^^^^^^^^^^^^^^^^
    |
    = help: if this is intentional allow the lint with `#[allow(clippy::cast_possible_truncation)]` ...
    = help: for further information visit https://rust-lang.github.io/rust-clippy/master/index.html#cast_possible_truncation
help: ... or use `try_from` and handle the error accordingly
    |
597 -             size_in_bytes: bytes.len() as i32,
597 +             size_in_bytes: i32::try_from(bytes.len()),
    |

warning: casting `usize` to `i32` may wrap around the value on targets with 32-bit wide pointers
   --> kernel/src/actions/deletion_vector.rs:597:28
    |
597 |             size_in_bytes: bytes.len() as i32,
    |                            ^^^^^^^^^^^^^^^^^^
    |
    = help: for further information visit https://rust-lang.github.io/rust-clippy/master/index.html#cast_possible_wrap
    = note: `-W clippy::cast-possible-wrap` implied by `-W clippy::pedantic`
    = help: to override `-W clippy::pedantic` add `#[allow(clippy::cast_possible_wrap)]`

warning: consider adding a `;` to the last statement for consistent formatting
   --> kernel/src/actions/deletion_vector.rs:619:9
    |
619 |         assert_eq!(found, expected)
    |         ^^^^^^^^^^^^^^^^^^^^^^^^^^^ help: add a `;` here: `assert_eq!(found, expected);`
    |
    = help: for further information visit https://rust-lang.github.io/rust-clippy/master/index.html#semicolon_if_nothing_returned
    = note: `-W clippy::semicolon-if-nothing-returned` implied by `-W clippy::pedantic`
    = help: to override `-W clippy::pedantic` add `#[allow(clippy::semicolon_if_nothing_returned)]`

warning: empty String is being created manually
   --> kernel/src/actions/deletion_vector.rs:802:22
    |
802 |         let prefix = String::from("");
    |                      ^^^^^^^^^^^^^^^^ help: consider using: `String::new()`
    |
    = help: for further information visit https://rust-lang.github.io/rust-clippy/master/index.html#manual_string_new
    = note: `-W clippy::manual-string-new` implied by `-W clippy::pedantic`
    = help: to override `-W clippy::pedantic` add `#[allow(clippy::manual_string_new)]`

warning: casting `usize` to `i32` may wrap around the value on targets with 32-bit wide pointers
   --> kernel/src/actions/deletion_vector_writer.rs:333:28
    |
333 |             size_in_bytes: dv_size as i32,
    |                            ^^^^^^^^^^^^^^
    |
    = help: for further information visit https://rust-lang.github.io/rust-clippy/master/index.html#cast_possible_wrap

warning: adding items after statements is confusing, since items exist from the start of the scope
   --> kernel/src/actions/deletion_vector_writer.rs:469:9
    |
469 |         use crate::engine::sync::SyncEngine;
    |         ^^^^^^^^^^^^^^^^^^^^^^^^^^^^^^^^^^^^
    |
    = help: for further information visit https://rust-lang.github.io/rust-clippy/master/index.html#items_after_statements
    = note: `-W clippy::items-after-statements` implied by `-W clippy::pedantic`
    = help: to override `-W clippy::pedantic` add `#[allow(clippy::items_after_statements)]`

warning: casting `i32` to `u64` may lose the sign of the value
   --> kernel/src/actions/deletion_vector_writer.rs:496:29
    |
496 |         cursor.set_position(descriptor.offset as u64);
    |                             ^^^^^^^^^^^^^^^^^^^^^^^^
    |
    = help: for further information visit https://rust-lang.github.io/rust-clippy/master/index.html#cast_sign_loss
    = note: `-W clippy::cast-sign-loss` implied by `-W clippy::pedantic`
    = help: to override `-W clippy::pedantic` add `#[allow(clippy::cast_sign_loss)]`

warning: casting `i32` to `u32` may lose the sign of the value
   --> kernel/src/actions/deletion_vector_writer.rs:502:26
    |
502 |         assert_eq!(size, descriptor.size_in_bytes as u32);
    |                          ^^^^^^^^^^^^^^^^^^^^^^^^^^^^^^^
    |
    = help: for further information visit https://rust-lang.github.io/rust-clippy/master/index.html#cast_sign_loss

warning: adding items after statements is confusing, since items exist from the start of the scope
   --> kernel/src/actions/deletion_vector_writer.rs:628:9
    |
628 |         use crate::engine::sync::SyncEngine;
    |         ^^^^^^^^^^^^^^^^^^^^^^^^^^^^^^^^^^^^
    |
    = help: for further information visit https://rust-lang.github.io/rust-clippy/master/index.html#items_after_statements

warning: casting `usize` to `i64` may wrap around the value on targets with 64-bit wide pointers
   --> kernel/src/actions/deletion_vector_writer.rs:623:46
    |
623 |         assert_eq!(write_result.cardinality, deleted_indexes.len() as i64);
    |                                              ^^^^^^^^^^^^^^^^^^^^^^^^^^^^
    |
    = help: for further information visit https://rust-lang.github.io/rust-clippy/master/index.html#cast_possible_wrap

warning: empty String is being created manually
   --> kernel/src/actions/deletion_vector_writer.rs:673:22
    |
673 |         let prefix = String::from("");
    |                      ^^^^^^^^^^^^^^^^ help: consider using: `String::new()`
    |
    = help: for further information visit https://rust-lang.github.io/rust-clippy/master/index.html#manual_string_new

warning: adding items after statements is confusing, since items exist from the start of the scope
   --> kernel/src/actions/deletion_vector_writer.rs:767:9
    |
767 |         use crate::engine::sync::SyncEngine;
    |         ^^^^^^^^^^^^^^^^^^^^^^^^^^^^^^^^^^^^
    |
    = help: for further information visit https://rust-lang.github.io/rust-clippy/master/index.html#items_after_statements

warning: variables can be used directly in the `format!` string
   --> kernel/src/actions/deletion_vector_writer.rs:781:13
    |
781 | /             assert_eq!(
782 | |                 treemap,
783 | |                 expected_indexes.iter().collect::<RoaringTreemap>(),
784 | |                 "read {:?} != expected {:?}",
785 | |                 treemap,
786 | |                 expected_indexes
787 | |             );
    | |_____________^
    |
    = help: for further information visit https://rust-lang.github.io/rust-clippy/master/index.html#uninlined_format_args

warning: adding items after statements is confusing, since items exist from the start of the scope
  --> kernel/src/actions/set_transaction.rs:83:5
   |
83 | /     static META_PREDICATE: LazyLock<Option<PredicateRef>> = LazyLock::new(|| {
84 | |         Some(Arc::new(
85 | |             Expr::column([SET_TRANSACTION_NAME, "appId"]).is_not_null(),
86 | |         ))
87 | |     });
   | |_______^
   |
   = help: for further information visit https://rust-lang.github.io/rust-clippy/master/index.html#items_after_statements

warning: calling `HashMap::default()` is more clear than this expression
   --> kernel/src/actions/visitors.rs:769:26
    |
769 |                 options: Default::default(),
    |                          ^^^^^^^^^^^^^^^^^^ help: try: `HashMap::default()`
    |
    = help: for further information visit https://rust-lang.github.io/rust-clippy/master/index.html#default_trait_access

warning: this function has too many lines (158/100)
    --> kernel/src/actions/visitors.rs:978:5
     |
 978 | /     fn test_parse_domain_metadata() {
 979 | |         // note: we process commit_1, commit_0 since the visitor expects things in reverse order.
 980 | |         // these come from the 'more recent' commit
 981 | |         let json_strings: StringArray = vec![
...    |
1145 | |         assert!(domain_metadata_visitor.domain_metadatas.is_empty());
1146 | |     }
     | |_____^
     |
     = help: for further information visit https://rust-lang.github.io/rust-clippy/master/index.html#too_many_lines
     = note: `-W clippy::too-many-lines` implied by `-W clippy::pedantic`
     = help: to override `-W clippy::pedantic` add `#[allow(clippy::too_many_lines)]`

warning: this argument is passed by value, but not consumed in the function body
    --> kernel/src/actions/visitors.rs:1159:31
     |
1159 |     fn transform_batch(batch: Box<dyn EngineData>) -> Box<dyn EngineData> {
     |                               ^^^^^^^^^^^^^^^^^^^
     |
     = help: for further information visit https://rust-lang.github.io/rust-clippy/master/index.html#needless_pass_by_value
help: consider taking a reference instead
     |
1159 |     fn transform_batch(batch: &Box<dyn EngineData>) -> Box<dyn EngineData> {
     |                               +

warning: empty String is being created manually
    --> kernel/src/actions/mod.rs:1934:35
     |
1934 |             ("empty".to_string(), "".to_string()),
     |                                   ^^^^^^^^^^^^^^ help: consider using: `String::new()`
     |
     = help: for further information visit https://rust-lang.github.io/rust-clippy/master/index.html#manual_string_new

warning: casting `u128` to `i64` may truncate the value
  --> kernel/src/checkpoint/tests.rs:32:33
   |
32 |     let reference_time_millis = reference_time.as_millis() as i64;
   |                                 ^^^^^^^^^^^^^^^^^^^^^^^^^^^^^^^^^
   |
   = help: if this is intentional allow the lint with `#[allow(clippy::cast_possible_truncation)]` ...
   = help: for further information visit https://rust-lang.github.io/rust-clippy/master/index.html#cast_possible_truncation
help: ... or use `try_from` and handle the error accordingly
   |
32 -     let reference_time_millis = reference_time.as_millis() as i64;
32 +     let reference_time_millis = i64::try_from(reference_time.as_millis());
   |

warning: casting `u64` to `i64` may wrap around the value
  --> kernel/src/checkpoint/tests.rs:40:38
   |
40 |             reference_time_millis - (DEFAULT_RETENTION_SECS as i64 * MILLIS_PER_SECOND),
   |                                      ^^^^^^^^^^^^^^^^^^^^^^^^^^^^^
   |
   = help: for further information visit https://rust-lang.github.io/rust-clippy/master/index.html#cast_possible_wrap

warning: item in documentation is missing backticks
   --> kernel/src/checkpoint/tests.rs:158:81
    |
158 | /// Create an in-memory store and return the store and the URL for the store's _delta_log directory.
    |                                                                                 ^^^^^^^^^
    |
    = help: for further information visit https://rust-lang.github.io/rust-clippy/master/index.html#doc_markdown
help: try
    |
158 - /// Create an in-memory store and return the store and the URL for the store's _delta_log directory.
158 + /// Create an in-memory store and return the store and the URL for the store's _`delta_log` directory.
    |

warning: item in documentation is missing backticks
   --> kernel/src/checkpoint/tests.rs:170:30
    |
170 | /// Writes all actions to a _delta_log json commit file in the store.
    |                              ^^^^^^^^^
    |
    = help: for further information visit https://rust-lang.github.io/rust-clippy/master/index.html#doc_markdown
help: try
    |
170 - /// Writes all actions to a _delta_log json commit file in the store.
170 + /// Writes all actions to a _`delta_log` json commit file in the store.
    |

warning: item in documentation is missing backticks
   --> kernel/src/checkpoint/tests.rs:171:59
    |
171 | /// This function formats the provided filename into the _delta_log directory.
    |                                                           ^^^^^^^^^
    |
    = help: for further information visit https://rust-lang.github.io/rust-clippy/master/index.html#doc_markdown
help: try
    |
171 - /// This function formats the provided filename into the _delta_log directory.
171 + /// This function formats the provided filename into the _`delta_log` directory.
    |

warning: item in documentation is missing backticks
   --> kernel/src/checkpoint/tests.rs:232:27
    |
232 | /// The remove action has deletion_timestamp set to i64::MAX to ensure the
    |                           ^^^^^^^^^^^^^^^^^^
    |
    = help: for further information visit https://rust-lang.github.io/rust-clippy/master/index.html#doc_markdown
help: try
    |
232 - /// The remove action has deletion_timestamp set to i64::MAX to ensure the
232 + /// The remove action has `deletion_timestamp` set to i64::MAX to ensure the
    |

warning: item in documentation is missing backticks
   --> kernel/src/checkpoint/tests.rs:232:53
    |
232 | /// The remove action has deletion_timestamp set to i64::MAX to ensure the
    |                                                     ^^^^^^^^
    |
    = help: for further information visit https://rust-lang.github.io/rust-clippy/master/index.html#doc_markdown
help: try
    |
232 - /// The remove action has deletion_timestamp set to i64::MAX to ensure the
232 + /// The remove action has deletion_timestamp set to `i64::MAX` to ensure the
    |

warning: variables can be used directly in the `format!` string
   --> kernel/src/committer.rs:209:9
    |
209 | /         assert!(
210 | |             staged_path_str.starts_with(
211 | |                 "s3://my-bucket/path/to/table/_delta_log/_staged_commits/00000000000000000042."
212 | |             ),
213 | |             "Staged path should start with the correct prefix, got: {}",
214 | |             staged_path_str
215 | |         );
    | |_________^
    |
    = help: for further information visit https://rust-lang.github.io/rust-clippy/master/index.html#uninlined_format_args

warning: variables can be used directly in the `format!` string
   --> kernel/src/committer.rs:216:9
    |
216 | /         assert!(
217 | |             staged_path_str.ends_with(".json"),
218 | |             "Staged path should end with .json, got: {}",
219 | |             staged_path_str
220 | |         );
    | |_________^
    |
    = help: for further information visit https://rust-lang.github.io/rust-clippy/master/index.html#uninlined_format_args

warning: case-sensitive file extension comparison
   --> kernel/src/committer.rs:217:13
    |
217 |             staged_path_str.ends_with(".json"),
    |             ^^^^^^^^^^^^^^^^^^^^^^^^^^^^^^^^^^
    |
    = help: consider using a case-insensitive comparison instead
    = help: for further information visit https://rust-lang.github.io/rust-clippy/master/index.html#case_sensitive_file_extension_comparisons
    = note: `-W clippy::case-sensitive-file-extension-comparisons` implied by `-W clippy::pedantic`
    = help: to override `-W clippy::pedantic` add `#[allow(clippy::case_sensitive_file_extension_comparisons)]`
help: use std::path::Path
    |
217 ~             std::path::Path::new(staged_path_str)
218 +                 .extension()
219 ~                 .is_some_and(|ext| ext.eq_ignore_ascii_case("json")),
    |

warning: consider adding a `;` to the last statement for consistent formatting
   --> kernel/src/expressions/column_names.rs:157:9
    |
157 |         (**self).hash(hasher)
    |         ^^^^^^^^^^^^^^^^^^^^^ help: add a `;` here: `(**self).hash(hasher);`
    |
    = help: for further information visit https://rust-lang.github.io/rust-clippy/master/index.html#semicolon_if_nothing_returned

warning: consider adding a `;` to the last statement for consistent formatting
   --> kernel/src/expressions/column_names.rs:589:21
    |
589 |                     assert_eq!(output, expected_output, "from {input}")
    |                     ^^^^^^^^^^^^^^^^^^^^^^^^^^^^^^^^^^^^^^^^^^^^^^^^^^^ help: add a `;` here: `assert_eq!(output, expected_output, "from {input}");`
    |
    = help: for further information visit https://rust-lang.github.io/rust-clippy/master/index.html#semicolon_if_nothing_returned

warning: consider adding a `;` to the last statement for consistent formatting
   --> kernel/src/expressions/column_names.rs:672:21
    |
672 |                     assert_eq!(output, expected_output, "from \"{input}\"")
    |                     ^^^^^^^^^^^^^^^^^^^^^^^^^^^^^^^^^^^^^^^^^^^^^^^^^^^^^^^ help: add a `;` here: `assert_eq!(output, expected_output, "from \"{input}\"");`
    |
    = help: for further information visit https://rust-lang.github.io/rust-clippy/master/index.html#semicolon_if_nothing_returned

warning: this argument is passed by value, but not consumed in the function body
   --> kernel/src/expressions/literal_expression_transform.rs:338:88
    |
338 |     fn run_test(test_schema: TestSchema, values: (Option<i32>, Option<i32>), expected: Expected) {
    |                                                                                        ^^^^^^^^
    |
help: or consider marking this type as `Copy`
   --> kernel/src/expressions/literal_expression_transform.rs:331:5
    |
331 |     enum Expected {
    |     ^^^^^^^^^^^^^
    = help: for further information visit https://rust-lang.github.io/rust-clippy/master/index.html#needless_pass_by_value
help: consider taking a reference instead
    |
338 |     fn run_test(test_schema: TestSchema, values: (Option<i32>, Option<i32>), expected: &Expected) {
    |                                                                                        +

warning: unnecessary semicolon
   --> kernel/src/expressions/scalars.rs:803:10
    |
803 |         };
    |          ^ help: remove
    |
    = help: for further information visit https://rust-lang.github.io/rust-clippy/master/index.html#unnecessary_semicolon
    = note: `-W clippy::unnecessary-semicolon` implied by `-W clippy::pedantic`
    = help: to override `-W clippy::pedantic` add `#[allow(clippy::unnecessary_semicolon)]`

warning: variables can be used directly in the `format!` string
  --> kernel/src/log_compaction/tests.rs:94:21
   |
94 |     let debug_str = format!("{:?}", writer);
   |                     ^^^^^^^^^^^^^^^^^^^^^^^
   |
   = help: for further information visit https://rust-lang.github.io/rust-clippy/master/index.html#uninlined_format_args
help: change this to
   |
94 -     let debug_str = format!("{:?}", writer);
94 +     let debug_str = format!("{writer:?}");
   |

warning: variables can be used directly in the `format!` string
   --> kernel/src/log_compaction/tests.rs:114:21
    |
114 |     let debug_str = format!("{:?}", iterator);
    |                     ^^^^^^^^^^^^^^^^^^^^^^^^^
    |
    = help: for further information visit https://rust-lang.github.io/rust-clippy/master/index.html#uninlined_format_args
help: change this to
    |
114 -     let debug_str = format!("{:?}", iterator);
114 +     let debug_str = format!("{iterator:?}");
    |

warning: variables can be used directly in the `format!` string
   --> kernel/src/log_compaction/tests.rs:200:9
    |
200 | /         assert!(
201 | |             path.to_string().ends_with(expected_suffix),
202 | |             "Path {} doesn't end with {}",
203 | |             path,
204 | |             expected_suffix
205 | |         );
    | |_________^
    |
    = help: for further information visit https://rust-lang.github.io/rust-clippy/master/index.html#uninlined_format_args

warning: adding items after statements is confusing, since items exist from the start of the scope
   --> kernel/src/log_compaction/tests.rs:243:5
    |
243 |     use crate::actions::{Metadata, Protocol};
    |     ^^^^^^^^^^^^^^^^^^^^^^^^^^^^^^^^^^^^^^^^^
    |
    = help: for further information visit https://rust-lang.github.io/rust-clippy/master/index.html#items_after_statements

warning: adding items after statements is confusing, since items exist from the start of the scope
   --> kernel/src/log_compaction/tests.rs:243:26
    |
243 |     use crate::actions::{Metadata, Protocol};
    |                          ^^^^^^^^
    |
    = help: for further information visit https://rust-lang.github.io/rust-clippy/master/index.html#items_after_statements

warning: adding items after statements is confusing, since items exist from the start of the scope
   --> kernel/src/log_compaction/tests.rs:243:36
    |
243 |     use crate::actions::{Metadata, Protocol};
    |                                    ^^^^^^^^
    |
    = help: for further information visit https://rust-lang.github.io/rust-clippy/master/index.html#items_after_statements

warning: adding items after statements is confusing, since items exist from the start of the scope
   --> kernel/src/log_compaction/tests.rs:244:5
    |
244 |     use crate::schema::{DataType as KernelDataType, StructField, StructType};
    |     ^^^^^^^^^^^^^^^^^^^^^^^^^^^^^^^^^^^^^^^^^^^^^^^^^^^^^^^^^^^^^^^^^^^^^^^^^
    |
    = help: for further information visit https://rust-lang.github.io/rust-clippy/master/index.html#items_after_statements

warning: adding items after statements is confusing, since items exist from the start of the scope
   --> kernel/src/log_compaction/tests.rs:244:25
    |
244 |     use crate::schema::{DataType as KernelDataType, StructField, StructType};
    |                         ^^^^^^^^^^^^^^^^^^^^^^^^^^
    |
    = help: for further information visit https://rust-lang.github.io/rust-clippy/master/index.html#items_after_statements

warning: adding items after statements is confusing, since items exist from the start of the scope
   --> kernel/src/log_compaction/tests.rs:244:53
    |
244 |     use crate::schema::{DataType as KernelDataType, StructField, StructType};
    |                                                     ^^^^^^^^^^^
    |
    = help: for further information visit https://rust-lang.github.io/rust-clippy/master/index.html#items_after_statements

warning: adding items after statements is confusing, since items exist from the start of the scope
   --> kernel/src/log_compaction/tests.rs:244:66
    |
244 |     use crate::schema::{DataType as KernelDataType, StructField, StructType};
    |                                                                  ^^^^^^^^^^
    |
    = help: for further information visit https://rust-lang.github.io/rust-clippy/master/index.html#items_after_statements

warning: adding items after statements is confusing, since items exist from the start of the scope
   --> kernel/src/log_compaction/tests.rs:245:5
    |
245 |     use crate::utils::test_utils::Action;
    |     ^^^^^^^^^^^^^^^^^^^^^^^^^^^^^^^^^^^^^
    |
    = help: for further information visit https://rust-lang.github.io/rust-clippy/master/index.html#items_after_statements

warning: variables can be used directly in the `format!` string
   --> kernel/src/log_compaction/tests.rs:271:17
    |
271 |                 format!("{}\n{}", metadata_action, protocol_action).into(),
    |                 ^^^^^^^^^^^^^^^^^^^^^^^^^^^^^^^^^^^^^^^^^^^^^^^^^^^
    |
    = help: for further information visit https://rust-lang.github.io/rust-clippy/master/index.html#uninlined_format_args
help: change this to
    |
271 -                 format!("{}\n{}", metadata_action, protocol_action).into(),
271 +                 format!("{metadata_action}\n{protocol_action}").into(),
    |

warning: adding items after statements is confusing, since items exist from the start of the scope
   --> kernel/src/scan/data_skipping/tests.rs:255:5
    |
255 |     const VAL: Expr = Expr::Literal(Scalar::Integer(10));
    |     ^^^^^^^^^^^^^^^^^^^^^^^^^^^^^^^^^^^^^^^^^^^^^^^^^^^^^
    |
    = help: for further information visit https://rust-lang.github.io/rust-clippy/master/index.html#items_after_statements

warning: adding items after statements is confusing, since items exist from the start of the scope
   --> kernel/src/scan/data_skipping/tests.rs:256:5
    |
256 |     const NULL: Pred = Pred::null_literal();
    |     ^^^^^^^^^^^^^^^^^^^^^^^^^^^^^^^^^^^^^^^^
    |
    = help: for further information visit https://rust-lang.github.io/rust-clippy/master/index.html#items_after_statements

warning: adding items after statements is confusing, since items exist from the start of the scope
   --> kernel/src/scan/data_skipping/tests.rs:257:5
    |
257 |     const FALSE: Pred = Pred::literal(false);
    |     ^^^^^^^^^^^^^^^^^^^^^^^^^^^^^^^^^^^^^^^^^
    |
    = help: for further information visit https://rust-lang.github.io/rust-clippy/master/index.html#items_after_statements

warning: adding items after statements is confusing, since items exist from the start of the scope
   --> kernel/src/scan/data_skipping/tests.rs:258:5
    |
258 |     const TRUE: Pred = Pred::literal(true);
    |     ^^^^^^^^^^^^^^^^^^^^^^^^^^^^^^^^^^^^^^^
    |
    = help: for further information visit https://rust-lang.github.io/rust-clippy/master/index.html#items_after_statements

warning: adding items after statements is confusing, since items exist from the start of the scope
   --> kernel/src/scan/data_skipping/tests.rs:260:5
    |
260 |     const ROWCOUNT: i64 = 2;
    |     ^^^^^^^^^^^^^^^^^^^^^^^^
    |
    = help: for further information visit https://rust-lang.github.io/rust-clippy/master/index.html#items_after_statements

warning: adding items after statements is confusing, since items exist from the start of the scope
   --> kernel/src/scan/data_skipping/tests.rs:261:5
    |
261 |     const ALL_NULL: i64 = ROWCOUNT;
    |     ^^^^^^^^^^^^^^^^^^^^^^^^^^^^^^^
    |
    = help: for further information visit https://rust-lang.github.io/rust-clippy/master/index.html#items_after_statements

warning: adding items after statements is confusing, since items exist from the start of the scope
   --> kernel/src/scan/data_skipping/tests.rs:262:5
    |
262 |     const SOME_NULL: i64 = 1;
    |     ^^^^^^^^^^^^^^^^^^^^^^^^^
    |
    = help: for further information visit https://rust-lang.github.io/rust-clippy/master/index.html#items_after_statements

warning: adding items after statements is confusing, since items exist from the start of the scope
   --> kernel/src/scan/data_skipping/tests.rs:263:5
    |
263 |     const NO_NULL: i64 = 0;
    |     ^^^^^^^^^^^^^^^^^^^^^^^
    |
    = help: for further information visit https://rust-lang.github.io/rust-clippy/master/index.html#items_after_statements

warning: adding items after statements is confusing, since items exist from the start of the scope
   --> kernel/src/scan/data_skipping/tests.rs:301:5
    |
301 |     const MISSING: bool = true;
    |     ^^^^^^^^^^^^^^^^^^^^^^^^^^^
    |
    = help: for further information visit https://rust-lang.github.io/rust-clippy/master/index.html#items_after_statements

warning: adding items after statements is confusing, since items exist from the start of the scope
   --> kernel/src/scan/data_skipping/tests.rs:302:5
    |
302 |     const PRESENT: bool = false;
    |     ^^^^^^^^^^^^^^^^^^^^^^^^^^^^
    |
    = help: for further information visit https://rust-lang.github.io/rust-clippy/master/index.html#items_after_statements

warning: this argument is passed by value, but not consumed in the function body
   --> kernel/src/scan/log_replay.rs:441:16
    |
441 |         stats: Option<Stats>,
    |                ^^^^^^^^^^^^^
    |
    = help: for further information visit https://rust-lang.github.io/rust-clippy/master/index.html#needless_pass_by_value
help: consider taking a reference instead
    |
441 |         stats: Option<&Stats>,
    |                       +

warning: this argument is passed by value, but not consumed in the function body
   --> kernel/src/scan/log_replay.rs:444:20
    |
444 |         part_vals: HashMap<String, String>,
    |                    ^^^^^^^^^^^^^^^^^^^^^^^
    |
    = help: for further information visit https://rust-lang.github.io/rust-clippy/master/index.html#needless_pass_by_value
help: consider taking a reference instead
    |
444 |         part_vals: &HashMap<String, String>,
    |                    +

warning: adding items after statements is confusing, since items exist from the start of the scope
   --> kernel/src/scan/log_replay.rs:527:9
    |
527 | /         fn validate_transform(transform: Option<&ExpressionRef>, expected_date_offset: i32) {
528 | |             assert!(transform.is_some());
529 | |             let Expr::Transform(transform) = transform.unwrap().as_ref() else {
530 | |                 panic!("Transform should always be a Transform expr");
...   |
546 | |             assert!(field_transforms.next().is_none());
547 | |         }
    | |_________^
    |
    = help: for further information visit https://rust-lang.github.io/rust-clippy/master/index.html#items_after_statements

warning: calling `to_string` on `&&str`
   --> kernel/src/scan/log_replay.rs:581:28
    |
581 |             .map(|(k, v)| (k.to_string(), v.to_string()))
    |                            ^^^^^^^^^^^^^ help: try dereferencing the receiver: `(*k).to_string()`
    |
    = help: `&str` implements `ToString` through a slower blanket impl, but `str` has a fast specialization of `ToString`
    = help: for further information visit https://rust-lang.github.io/rust-clippy/master/index.html#inefficient_to_string
    = note: `-W clippy::inefficient-to-string` implied by `-W clippy::pedantic`
    = help: to override `-W clippy::pedantic` add `#[allow(clippy::inefficient_to_string)]`

warning: calling `to_string` on `&&str`
   --> kernel/src/scan/log_replay.rs:581:43
    |
581 |             .map(|(k, v)| (k.to_string(), v.to_string()))
    |                                           ^^^^^^^^^^^^^ help: try dereferencing the receiver: `(*v).to_string()`
    |
    = help: `&str` implements `ToString` through a slower blanket impl, but `str` has a fast specialization of `ToString`
    = help: for further information visit https://rust-lang.github.io/rust-clippy/master/index.html#inefficient_to_string

warning: this argument is passed by value, but not consumed in the function body
   --> kernel/src/scan/state.rs:247:16
    |
247 |         stats: Option<Stats>,
    |                ^^^^^^^^^^^^^
    |
    = help: for further information visit https://rust-lang.github.io/rust-clippy/master/index.html#needless_pass_by_value
help: consider taking a reference instead
    |
247 |         stats: Option<&Stats>,
    |                       +

warning: this argument is passed by value, but not consumed in the function body
   --> kernel/src/scan/state.rs:249:20
    |
249 |         transform: Option<ExpressionRef>,
    |                    ^^^^^^^^^^^^^^^^^^^^^
    |
    = help: for further information visit https://rust-lang.github.io/rust-clippy/master/index.html#needless_pass_by_value
help: consider taking a reference instead
    |
249 |         transform: Option<&ExpressionRef>,
    |                           +

warning: this argument is passed by value, but not consumed in the function body
   --> kernel/src/scan/state.rs:250:20
    |
250 |         part_vals: HashMap<String, String>,
    |                    ^^^^^^^^^^^^^^^^^^^^^^^
    |
    = help: for further information visit https://rust-lang.github.io/rust-clippy/master/index.html#needless_pass_by_value
help: consider taking a reference instead
    |
250 |         part_vals: &HashMap<String, String>,
    |                    +

warning: it is more concise to loop over containers instead of using explicit iteration methods
   --> kernel/src/scan/state_info.rs:264:29
    |
264 |         for (name, spec) in metadata_cols.into_iter() {
    |                             ^^^^^^^^^^^^^^^^^^^^^^^^^ help: to write this more concisely, try: `metadata_cols`
    |
    = help: for further information visit https://rust-lang.github.io/rust-clippy/master/index.html#explicit_into_iter_loop
    = note: `-W clippy::explicit-into-iter-loop` implied by `-W clippy::pedantic`
    = help: to override `-W clippy::pedantic` add `#[allow(clippy::explicit_into_iter_loop)]`

warning: boolean to int conversion using if
   --> kernel/src/scan/state_info.rs:284:31
    |
284 |         let generate_offset = if requested_row_indexes { 0 } else { 1 };
    |                               ^^^^^^^^^^^^^^^^^^^^^^^^^^^^^^^^^^^^^^^^^ help: replace with from: `usize::from(!requested_row_indexes)`
    |
    = note: `!requested_row_indexes as usize` or `(!requested_row_indexes).into()` can also be valid options
    = help: for further information visit https://rust-lang.github.io/rust-clippy/master/index.html#bool_to_int_with_if
    = note: `-W clippy::bool-to-int-with-if` implied by `-W clippy::pedantic`
    = help: to override `-W clippy::pedantic` add `#[allow(clippy::bool_to_int_with_if)]`

warning: calling `to_string` on `&&str`
   --> kernel/src/scan/state_info.rs:476:28
    |
476 |             .map(|(k, v)| (k.to_string(), v.to_string()))
    |                            ^^^^^^^^^^^^^ help: try dereferencing the receiver: `(*k).to_string()`
    |
    = help: `&str` implements `ToString` through a slower blanket impl, but `str` has a fast specialization of `ToString`
    = help: for further information visit https://rust-lang.github.io/rust-clippy/master/index.html#inefficient_to_string

warning: calling `to_string` on `&&str`
   --> kernel/src/scan/state_info.rs:476:43
    |
476 |             .map(|(k, v)| (k.to_string(), v.to_string()))
    |                                           ^^^^^^^^^^^^^ help: try dereferencing the receiver: `(*v).to_string()`
    |
    = help: `&str` implements `ToString` through a slower blanket impl, but `str` has a fast specialization of `ToString`
    = help: for further information visit https://rust-lang.github.io/rust-clippy/master/index.html#inefficient_to_string

warning: boxed return of the sized type `engine::arrow_data::ArrowEngineData`
   --> kernel/src/scan/mod.rs:758:10
    |
758 |     ) -> Box<ArrowEngineData> {
    |          ^^^^^^^^^^^^^^^^^^^^ help: try: `engine::arrow_data::ArrowEngineData`
    |
    = help: changing this also requires a change to the return expressions in this function
    = help: for further information visit https://rust-lang.github.io/rust-clippy/master/index.html#unnecessary_box_returns
    = note: `-W clippy::unnecessary-box-returns` implied by `-W clippy::pedantic`
    = help: to override `-W clippy::pedantic` add `#[allow(clippy::unnecessary_box_returns)]`

warning: this argument is passed by value, but not consumed in the function body
   --> kernel/src/scan/mod.rs:756:16
    |
756 |         paths: Vec<&str>,
    |                ^^^^^^^^^ help: consider changing the type to: `&[&str]`
    |
    = help: for further information visit https://rust-lang.github.io/rust-clippy/master/index.html#needless_pass_by_value

warning: redundant closure
   --> kernel/src/scan/mod.rs:772:37
    |
772 |             json_strings.iter().map(|s| s.as_str()).collect_vec().into();
    |                                     ^^^^^^^^^^^^^^ help: replace the closure with the method itself: `std::string::String::as_str`
    |
    = help: for further information visit https://rust-lang.github.io/rust-clippy/master/index.html#redundant_closure_for_method_calls

warning: boxed return of the sized type `engine::arrow_data::ArrowEngineData`
   --> kernel/src/scan/mod.rs:786:65
    |
786 |     pub(crate) fn add_batch_simple(output_schema: SchemaRef) -> Box<ArrowEngineData> {
    |                                                                 ^^^^^^^^^^^^^^^^^^^^ help: try: `engine::arrow_data::ArrowEngineData`
    |
    = help: changing this also requires a change to the return expressions in this function
    = help: for further information visit https://rust-lang.github.io/rust-clippy/master/index.html#unnecessary_box_returns

warning: boxed return of the sized type `engine::arrow_data::ArrowEngineData`
   --> kernel/src/scan/mod.rs:801:69
    |
801 |     pub(crate) fn add_batch_for_row_id(output_schema: SchemaRef) -> Box<ArrowEngineData> {
    |                                                                     ^^^^^^^^^^^^^^^^^^^^ help: try: `engine::arrow_data::ArrowEngineData`
    |
    = help: changing this also requires a change to the return expressions in this function
    = help: for further information visit https://rust-lang.github.io/rust-clippy/master/index.html#unnecessary_box_returns

warning: boxed return of the sized type `engine::arrow_data::ArrowEngineData`
   --> kernel/src/scan/mod.rs:815:70
    |
815 |     pub(crate) fn add_batch_with_remove(output_schema: SchemaRef) -> Box<ArrowEngineData> {
    |                                                                      ^^^^^^^^^^^^^^^^^^^^ help: try: `engine::arrow_data::ArrowEngineData`
    |
    = help: changing this also requires a change to the return expressions in this function
    = help: for further information visit https://rust-lang.github.io/rust-clippy/master/index.html#unnecessary_box_returns

warning: boxed return of the sized type `engine::arrow_data::ArrowEngineData`
   --> kernel/src/scan/mod.rs:831:53
    |
831 |     pub(crate) fn add_batch_with_partition_col() -> Box<ArrowEngineData> {
    |                                                     ^^^^^^^^^^^^^^^^^^^^ help: try: `engine::arrow_data::ArrowEngineData`
    |
    = help: changing this also requires a change to the return expressions in this function
    = help: for further information visit https://rust-lang.github.io/rust-clippy/master/index.html#unnecessary_box_returns

warning: this function has too many lines (147/100)
    --> kernel/src/scan/mod.rs:932:5
     |
 932 | /     fn test_physical_predicate() {
 933 | |         let logical_schema = StructType::new_unchecked(vec![
 934 | |             StructField::nullable("a", DataType::LONG),
 935 | |             StructField::nullable("b", DataType::LONG).with_metadata([(
...    |
1084 | |     }
     | |_____^
     |
     = help: for further information visit https://rust-lang.github.io/rust-clippy/master/index.html#too_many_lines

warning: this argument is passed by value, but not consumed in the function body
    --> kernel/src/scan/mod.rs:1086:33
     |
1086 |     fn get_files_for_scan(scan: Scan, engine: &dyn Engine) -> DeltaResult<Vec<String>> {
     |                                 ^^^^
     |
     = help: for further information visit https://rust-lang.github.io/rust-clippy/master/index.html#needless_pass_by_value
help: consider taking a reference instead
     |
1086 |     fn get_files_for_scan(scan: &Scan, engine: &dyn Engine) -> DeltaResult<Vec<String>> {
     |                                 +

warning: adding items after statements is confusing, since items exist from the start of the scope
    --> kernel/src/scan/mod.rs:1088:9
     |
1088 | /         fn scan_metadata_callback(
1089 | |             paths: &mut Vec<String>,
1090 | |             path: &str,
1091 | |             _size: i64,
...    |
1098 | |             assert!(dv_info.deletion_vector.is_none());
1099 | |         }
     | |_________^
     |
     = help: for further information visit https://rust-lang.github.io/rust-clippy/master/index.html#items_after_statements

warning: this argument is passed by value, but not consumed in the function body
    --> kernel/src/scan/mod.rs:1093:22
     |
1093 |             dv_info: DvInfo,
     |                      ^^^^^^
     |
     = help: for further information visit https://rust-lang.github.io/rust-clippy/master/index.html#needless_pass_by_value
help: consider taking a reference instead
     |
1093 |             dv_info: &DvInfo,
     |                      +

warning: consider adding a `;` to the last statement for consistent formatting
    --> kernel/src/scan/mod.rs:1138:9
     |
1138 |         assert_eq!(num_rows, 10)
     |         ^^^^^^^^^^^^^^^^^^^^^^^^ help: add a `;` here: `assert_eq!(num_rows, 10);`
     |
     = help: for further information visit https://rust-lang.github.io/rust-clippy/master/index.html#semicolon_if_nothing_returned

warning: calling `to_string` on `&&str`
    --> kernel/src/scan/mod.rs:1264:23
     |
1264 |                 Some(&raw.to_string()),
     |                       ^^^^^^^^^^^^^^^ help: try dereferencing the receiver: `(*raw).to_string()`
     |
     = help: `&str` implements `ToString` through a slower blanket impl, but `str` has a fast specialization of `ToString`
     = help: for further information visit https://rust-lang.github.io/rust-clippy/master/index.html#inefficient_to_string

warning: unnecessary semicolon
   --> kernel/src/schema/compare.rs:172:10
    |
172 |         };
    |          ^ help: remove
    |
    = help: for further information visit https://rust-lang.github.io/rust-clippy/master/index.html#unnecessary_semicolon

warning: needless use of `for_each`
   --> kernel/src/schema/variant_utils.rs:104:9
    |
104 | / ...   features
105 | | ...       .iter()
106 | | ...       .for_each(|(variant_reader, variant_writer)| {
...   |
165 | | ...           assert_result_error_with_message(result, "Unsupported: Table contains VARIANT columns but does not have the required 'varia...
166 | | ...       });
    | |_____________^
    |
    = help: for further information visit https://rust-lang.github.io/rust-clippy/master/index.html#needless_for_each
    = note: `-W clippy::needless-for-each` implied by `-W clippy::pedantic`
    = help: to override `-W clippy::pedantic` add `#[allow(clippy::needless_for_each)]`
help: try
    |
104 ~         for (variant_reader, variant_writer) in features
105 +             .iter() {
106 +                 // Protocol with variantType features
107 +                 let protocol_with_features =
108 +                     Protocol::try_new(3, 7, Some([variant_reader]), Some([variant_writer]))
109 +                         .unwrap();
110 + 
111 +                 // Protocol without variantType features
112 +                 let protocol_without_features = Protocol::try_new(
113 +                     3,
114 +                     7,
115 +                     Some::<Vec<String>>(vec![]),
116 +                     Some::<Vec<String>>(vec![]),
117 +                 )
118 +                 .unwrap();
119 + 
120 +                 // Since variant features are ReaderWriter feature, protocol that
121 +                 // lists a variant feature in only one of reader/writer feature = ERR
122 +                 let protocol_without_writer_feature =
123 +                     Protocol::try_new(3, 7, Some([variant_reader]), Some::<Vec<String>>(vec![]));
124 +                 assert_result_error_with_message(protocol_without_writer_feature,
125 +                     "Reader features must contain only ReaderWriter features that are also listed in writer features");
126 + 
127 +                 let protocol_without_reader_feature =
128 +                     Protocol::try_new(3, 7, Some::<Vec<String>>(vec![]), Some([variant_writer]));
129 +                 assert_result_error_with_message(protocol_without_reader_feature,
130 +                     "Writer features must be Writer-only or also listed in reader features");
131 + 
132 +                 // Schema with VARIANT + Protocol with features = OK
133 +                 validate_variant_type_feature_support(
134 +                     &schema_with_variant,
135 +                     &protocol_with_features,
136 +                 )
137 +                 .expect("Should succeed when features are present");
138 + 
139 +                 // Schema without VARIANT + Protocol without features = OK
140 +                 validate_variant_type_feature_support(
141 +                     &schema_without_variant,
142 +                     &protocol_without_features,
143 +                 )
144 +                 .expect("Should succeed when no VARIANT columns are present");
145 + 
146 +                 // Schema without VARIANT + Protocol with features = OK
147 +                 validate_variant_type_feature_support(
148 +                     &schema_without_variant,
149 +                     &protocol_with_features,
150 +                 )
151 +                 .expect("Should succeed when no VARIANT columns are present, even with features");
152 + 
153 +                 // Schema with VARIANT + Protocol without features = ERROR
154 +                 let result = validate_variant_type_feature_support(
155 +                     &schema_with_variant,
156 +                     &protocol_without_features,
157 +                 );
158 +                 assert_result_error_with_message(result, "Unsupported: Table contains VARIANT columns but does not have the required 'variantType' feature in reader and writer features");
159 + 
160 +                 let result = validate_variant_type_feature_support(
161 +                     &nested_schema_with_variant,
162 +                     &protocol_without_features,
163 +                 );
164 +                 assert_result_error_with_message(result, "Unsupported: Table contains VARIANT columns but does not have the required 'variantType' feature in reader and writer features");
165 +             }
    |

warning: needless use of `for_each`
    --> kernel/src/schema/mod.rs:2039:9
     |
2039 | /         [ColumnMappingMode::Name, ColumnMappingMode::Id]
2040 | |             .into_iter()
2041 | |             .for_each(|mode| {
2042 | |                 let data = example_schema_metadata();
...    |
2123 | |             });
     | |_______________^
     |
     = help: for further information visit https://rust-lang.github.io/rust-clippy/master/index.html#needless_for_each
help: try
     |
2039 ~         for mode in [ColumnMappingMode::Name, ColumnMappingMode::Id]
2040 +             .into_iter() {
2041 +                 let data = example_schema_metadata();
2042 + 
2043 +                 let field: StructField = serde_json::from_str(data).unwrap();
2044 + 
2045 +                 let col_id = field
2046 +                     .get_config_value(&ColumnMetadataKey::ColumnMappingId)
2047 +                     .unwrap();
2048 +                 let id_start = field
2049 +                     .get_config_value(&ColumnMetadataKey::IdentityStart)
2050 +                     .unwrap();
2051 +                 assert!(matches!(col_id, MetadataValue::Number(num) if *num == 4));
2052 +                 assert!(matches!(id_start, MetadataValue::Number(num) if *num == 2147483648i64));
2053 +                 assert_eq!(
2054 +                     field.physical_name(mode),
2055 +                     "col-5f422f40-de70-45b2-88ab-1d5c90e94db1"
2056 +                 );
2057 +                 let physical_field = field.make_physical(mode);
2058 + 
2059 +                 // Parquet field id should only be present in id column mapping mode
2060 +                 match mode {
2061 +                     ColumnMappingMode::Id => {
2062 +                         assert!(matches!(
2063 +                             physical_field.get_config_value(&ColumnMetadataKey::ParquetFieldId),
2064 +                             Some(MetadataValue::Number(4))
2065 +                         ));
2066 + 
2067 +                         assert!(matches!(
2068 +                             physical_field.get_config_value(&ColumnMetadataKey::ColumnMappingId),
2069 +                             Some(MetadataValue::Number(4))
2070 +                         ));
2071 +                     }
2072 +                     ColumnMappingMode::Name => {
2073 +                         assert!(physical_field
2074 +                             .get_config_value(&ColumnMetadataKey::ParquetFieldId)
2075 +                             .is_none());
2076 +                         assert!(physical_field
2077 +                             .get_config_value(&ColumnMetadataKey::ColumnMappingId)
2078 +                             .is_none(),);
2079 +                     }
2080 +                     ColumnMappingMode::None => panic!("unexpected column mapping mode"),
2081 +                 }
2082 + 
2083 +                 assert_eq!(
2084 +                     physical_field.name,
2085 +                     "col-5f422f40-de70-45b2-88ab-1d5c90e94db1"
2086 +                 );
2087 +                 let DataType::Array(atype) = physical_field.data_type else {
2088 +                     panic!("Expected an Array");
2089 +                 };
2090 +                 let DataType::Struct(stype) = atype.element_type else {
2091 +                     panic!("Expected a Struct");
2092 +                 };
2093 + 
2094 +                 let struct_field = stype.fields.get_index(0).unwrap().1;
2095 +                 assert_eq!(
2096 +                     struct_field.name,
2097 +                     "col-a7f4159c-53be-4cb0-b81a-f7e5240cfc49"
2098 +                 );
2099 + 
2100 +                 // The subfield should also have ParquetFieldId present it column mapping id mode
2101 +                 match mode {
2102 +                     ColumnMappingMode::Id => {
2103 +                         assert!(matches!(
2104 +                             struct_field.get_config_value(&ColumnMetadataKey::ParquetFieldId),
2105 +                             Some(MetadataValue::Number(5))
2106 +                         ));
2107 +                         assert!(matches!(
2108 +                             struct_field.get_config_value(&ColumnMetadataKey::ColumnMappingId),
2109 +                             Some(MetadataValue::Number(5))
2110 +                         ));
2111 +                     }
2112 +                     ColumnMappingMode::Name => {
2113 +                         assert!(struct_field
2114 +                             .get_config_value(&ColumnMetadataKey::ParquetFieldId)
2115 +                             .is_none());
2116 +                         assert!(struct_field
2117 +                             .get_config_value(&ColumnMetadataKey::ColumnMappingId)
2118 +                             .is_none());
2119 +                     }
2120 +                     ColumnMappingMode::None => panic!("unexpected column mapping mode"),
2121 +                 }
2122 +             }
     |

warning: consider adding a `;` to the last statement for consistent formatting
    --> kernel/src/schema/mod.rs:2134:9
     |
2134 |         assert!(schema.is_ok())
     |         ^^^^^^^^^^^^^^^^^^^^^^^ help: add a `;` here: `assert!(schema.is_ok());`
     |
     = help: for further information visit https://rust-lang.github.io/rust-clippy/master/index.html#semicolon_if_nothing_returned

warning: redundant closure
    --> kernel/src/schema/mod.rs:2393:60
     |
2393 |         let field_names: Vec<_> = struct_type.fields().map(|f| f.name()).collect();
     |                                                            ^^^^^^^^^^^^ help: replace the closure with the method itself: `super::StructField::name`
     |
     = help: for further information visit https://rust-lang.github.io/rust-clippy/master/index.html#redundant_closure_for_method_calls

warning: redundant closure
    --> kernel/src/schema/mod.rs:2507:60
     |
2507 |         let field_names: Vec<_> = struct_type.fields().map(|f| f.name()).collect();
     |                                                            ^^^^^^^^^^^^ help: replace the closure with the method itself: `super::StructField::name`
     |
     = help: for further information visit https://rust-lang.github.io/rust-clippy/master/index.html#redundant_closure_for_method_calls

warning: redundant closure
    --> kernel/src/schema/mod.rs:2511:64
     |
2511 |         let ref_names: Vec<_> = (&struct_type).into_iter().map(|f| f.name()).collect();
     |                                                                ^^^^^^^^^^^^ help: replace the closure with the method itself: `super::StructField::name`
     |
     = help: for further information visit https://rust-lang.github.io/rust-clippy/master/index.html#redundant_closure_for_method_calls

warning: redundant closure
    --> kernel/src/schema/mod.rs:2558:18
     |
2558 |             .map(|f| f.name())
     |                  ^^^^^^^^^^^^ help: replace the closure with the method itself: `super::StructField::name`
     |
     = help: for further information visit https://rust-lang.github.io/rust-clippy/master/index.html#redundant_closure_for_method_calls

warning: variables can be used directly in the `format!` string
    --> kernel/src/schema/mod.rs:2569:22
     |
2569 |                 _ => panic!("Unexpected field index: {}", index),
     |                      ^^^^^^^^^^^^^^^^^^^^^^^^^^^^^^^^^^^^^^^^^^^
     |
     = help: for further information visit https://rust-lang.github.io/rust-clippy/master/index.html#uninlined_format_args
help: change this to
     |
2569 -                 _ => panic!("Unexpected field index: {}", index),
2569 +                 _ => panic!("Unexpected field index: {index}"),
     |

warning: redundant closure
    --> kernel/src/schema/mod.rs:2636:69
     |
2636 |         let reversed_names: Vec<_> = struct_type.fields().rev().map(|f| f.name()).collect();
     |                                                                     ^^^^^^^^^^^^ help: replace the closure with the method itself: `super::StructField::name`
     |
     = help: for further information visit https://rust-lang.github.io/rust-clippy/master/index.html#redundant_closure_for_method_calls

warning: this function's return value is unnecessary
    --> kernel/src/schema/mod.rs:2883:5
     |
2883 |     fn test_nested_metadata_columns_validation_struct() -> DeltaResult<()> {
     |     ^^^^^^^^^^^^^^^^^^^^^^^^^^^^^^^^^^^^^^^^^^^^^^^^^^^^^^^^^^^^^^^^^^^^^^
     |
     = help: for further information visit https://rust-lang.github.io/rust-clippy/master/index.html#unnecessary_wraps
help: remove the return type...
     |
2883 -     fn test_nested_metadata_columns_validation_struct() -> DeltaResult<()> {
2883 +     fn test_nested_metadata_columns_validation_struct() -> () {
     |
help: ...and then remove returned values
     |
2904 -         Ok(())
     |

warning: this function's return value is unnecessary
    --> kernel/src/schema/mod.rs:2908:5
     |
2908 |     fn test_nested_metadata_columns_validation_array() -> DeltaResult<()> {
     |     ^^^^^^^^^^^^^^^^^^^^^^^^^^^^^^^^^^^^^^^^^^^^^^^^^^^^^^^^^^^^^^^^^^^^^
     |
     = help: for further information visit https://rust-lang.github.io/rust-clippy/master/index.html#unnecessary_wraps
help: remove the return type...
     |
2908 -     fn test_nested_metadata_columns_validation_array() -> DeltaResult<()> {
2908 +     fn test_nested_metadata_columns_validation_array() -> () {
     |
help: ...and then remove returned values
     |
2930 -         Ok(())
     |

warning: this function's return value is unnecessary
    --> kernel/src/schema/mod.rs:2934:5
     |
2934 |     fn test_nested_metadata_columns_validation_map() -> DeltaResult<()> {
     |     ^^^^^^^^^^^^^^^^^^^^^^^^^^^^^^^^^^^^^^^^^^^^^^^^^^^^^^^^^^^^^^^^^^^
     |
     = help: for further information visit https://rust-lang.github.io/rust-clippy/master/index.html#unnecessary_wraps
help: remove the return type...
     |
2934 -     fn test_nested_metadata_columns_validation_map() -> DeltaResult<()> {
2934 +     fn test_nested_metadata_columns_validation_map() -> () {
     |
help: ...and then remove returned values
     |
2969 -         Ok(())
     |

warning: consider adding a `;` to the last statement for consistent formatting
    --> kernel/src/schema/mod.rs:3206:9
     |
3206 |         assert_eq!(schema.num_fields(), 0)
     |         ^^^^^^^^^^^^^^^^^^^^^^^^^^^^^^^^^^ help: add a `;` here: `assert_eq!(schema.num_fields(), 0);`
     |
     = help: for further information visit https://rust-lang.github.io/rust-clippy/master/index.html#semicolon_if_nothing_returned

warning: variables can be used directly in the `format!` string
   --> kernel/src/snapshot.rs:545:9
    |
545 |         format!("{}\n{}", protocol, metadata)
    |         ^^^^^^^^^^^^^^^^^^^^^^^^^^^^^^^^^^^^^
    |
    = help: for further information visit https://rust-lang.github.io/rust-clippy/master/index.html#uninlined_format_args
help: change this to
    |
545 -         format!("{}\n{}", protocol, metadata)
545 +         format!("{protocol}\n{metadata}")
    |

warning: this function has too many lines (159/100)
   --> kernel/src/snapshot.rs:609:11
    |
609 |       async fn test_snapshot_new_from() -> DeltaResult<()> {
    |  ___________^
610 | |         let path =
611 | |             std::fs::canonicalize(PathBuf::from("./tests/data/table-with-dv-small/")).unwrap();
612 | |         let url = url::Url::from_directory_path(path).unwrap();
...   |
806 | |         Ok(())
807 | |     }
    | |_____^
    |
    = help: for further information visit https://rust-lang.github.io/rust-clippy/master/index.html#too_many_lines

warning: adding items after statements is confusing, since items exist from the start of the scope
   --> kernel/src/snapshot.rs:645:9
    |
645 | /         fn test_new_from(store: Arc<InMemory>) -> DeltaResult<()> {
646 | |             let url = Url::parse("memory:///")?;
647 | |             let engine = DefaultEngine::new(store);
648 | |             let base_snapshot = Snapshot::builder_for(url.clone())
...   |
658 | |             Ok(())
659 | |         }
    | |_________^
    |
    = help: for further information visit https://rust-lang.github.io/rust-clippy/master/index.html#items_after_statements

warning: this function has too many lines (105/100)
   --> kernel/src/snapshot.rs:811:11
    |
811 |       async fn test_snapshot_new_from_crc() -> Result<(), Box<dyn std::error::Error>> {
    |  ___________^
812 | |         let store = Arc::new(InMemory::new());
813 | |         let url = Url::parse("memory:///")?;
814 | |         let engine = DefaultEngine::new(store.clone());
...   |
931 | |         Ok(())
932 | |     }
    | |_____^
    |
    = help: for further information visit https://rust-lang.github.io/rust-clippy/master/index.html#too_many_lines

warning: consider adding a `;` to the last statement for consistent formatting
    --> kernel/src/snapshot.rs:1009:9
     |
1009 |         assert!(invalid.is_none())
     |         ^^^^^^^^^^^^^^^^^^^^^^^^^^ help: add a `;` here: `assert!(invalid.is_none());`
     |
     = help: for further information visit https://rust-lang.github.io/rust-clippy/master/index.html#semicolon_if_nothing_returned

warning: variables can be used directly in the `format!` string
    --> kernel/src/snapshot.rs:1031:43
     |
1031 |                     let path = Path::from(format!("{}/_last_checkpoint", path_prefix));
     |                                           ^^^^^^^^^^^^^^^^^^^^^^^^^^^^^^^^^^^^^^^^^^^
     |
     = help: for further information visit https://rust-lang.github.io/rust-clippy/master/index.html#uninlined_format_args
help: change this to
     |
1031 -                     let path = Path::from(format!("{}/_last_checkpoint", path_prefix));
1031 +                     let path = Path::from(format!("{path_prefix}/_last_checkpoint"));
     |

warning: variables can be used directly in the `format!` string
    --> kernel/src/snapshot.rs:1045:35
     |
1045 |             let url = Url::parse(&format!("memory:///{}/", path_prefix)).expect("valid url");
     |                                   ^^^^^^^^^^^^^^^^^^^^^^^^^^^^^^^^^^^^^
     |
     = help: for further information visit https://rust-lang.github.io/rust-clippy/master/index.html#uninlined_format_args
help: change this to
     |
1045 -             let url = Url::parse(&format!("memory:///{}/", path_prefix)).expect("valid url");
1045 +             let url = Url::parse(&format!("memory:///{path_prefix}/")).expect("valid url");
     |

warning: this function's return value is unnecessarily wrapped by `Result`
  --> kernel/src/table_changes/log_replay.rs:53:1
   |
53 | / pub(crate) fn table_changes_action_iter(
54 | |     engine: Arc<dyn Engine>,
55 | |     commit_files: impl IntoIterator<Item = ParsedLogPath>,
56 | |     table_schema: SchemaRef,
57 | |     physical_predicate: Option<(PredicateRef, SchemaRef)>,
58 | | ) -> DeltaResult<impl Iterator<Item = DeltaResult<TableChangesScanMetadata>>> {
   | |_____________________________________________________________________________^
   |
   = help: for further information visit https://rust-lang.github.io/rust-clippy/master/index.html#unnecessary_wraps
help: remove `Result` from the return type...
   |
58 - ) -> DeltaResult<impl Iterator<Item = DeltaResult<TableChangesScanMetadata>>> {
58 + ) -> impl std::iter::Iterator<Item = std::result::Result<table_changes::log_replay::TableChangesScanMetadata, error::Error>> {
   |
help: ...and then remove the surrounding `Ok()` from returning expressions
   |
68 -     Ok(result)
68 +     result
   |

warning: this argument is passed by value, but not consumed in the function body
   --> kernel/src/table_changes/resolve_dvs.rs:172:38
    |
172 |     fn treemap_to_dv_descriptor(map: RoaringTreemap) -> DeletionVectorDescriptor {
    |                                      ^^^^^^^^^^^^^^
    |
    = help: for further information visit https://rust-lang.github.io/rust-clippy/master/index.html#needless_pass_by_value
help: consider taking a reference instead
    |
172 |     fn treemap_to_dv_descriptor(map: &RoaringTreemap) -> DeletionVectorDescriptor {
    |                                      +

warning: calling `DvInfo::default()` is more clear than this expression
   --> kernel/src/table_changes/resolve_dvs.rs:220:30
    |
220 |         let remove_dv = Some(Default::default());
    |                              ^^^^^^^^^^^^^^^^^^ help: try: `DvInfo::default()`
    |
    = help: for further information visit https://rust-lang.github.io/rust-clippy/master/index.html#default_trait_access

warning: calling `DvInfo::default()` is more clear than this expression
   --> kernel/src/table_changes/resolve_dvs.rs:250:23
    |
250 |         let dv_info = Default::default();
    |                       ^^^^^^^^^^^^^^^^^^ help: try: `DvInfo::default()`
    |
    = help: for further information visit https://rust-lang.github.io/rust-clippy/master/index.html#default_trait_access

warning: calling `DvInfo::default()` is more clear than this expression
   --> kernel/src/table_changes/resolve_dvs.rs:355:65
    |
355 |         let mut scan_file = get_scan_file(CdfScanFileType::Cdc, Default::default(), remove_dv);
    |                                                                 ^^^^^^^^^^^^^^^^^^ help: try: `DvInfo::default()`
    |
    = help: for further information visit https://rust-lang.github.io/rust-clippy/master/index.html#default_trait_access

warning: calling `DvInfo::default()` is more clear than this expression
   --> kernel/src/table_changes/resolve_dvs.rs:381:61
    |
381 |         let scan_file = get_scan_file(CdfScanFileType::Cdc, Default::default(), None);
    |                                                             ^^^^^^^^^^^^^^^^^^ help: try: `DvInfo::default()`
    |
    = help: for further information visit https://rust-lang.github.io/rust-clippy/master/index.html#default_trait_access

warning: calling `DvInfo::default()` is more clear than this expression
   --> kernel/src/table_changes/resolve_dvs.rs:397:64
    |
397 |         let scan_file = get_scan_file(CdfScanFileType::Remove, Default::default(), None);
    |                                                                ^^^^^^^^^^^^^^^^^^ help: try: `DvInfo::default()`
    |
    = help: for further information visit https://rust-lang.github.io/rust-clippy/master/index.html#default_trait_access

warning: calling `DvInfo::default()` is more clear than this expression
   --> kernel/src/table_changes/resolve_dvs.rs:412:61
    |
412 |         let scan_file = get_scan_file(CdfScanFileType::Add, Default::default(), None);
    |                                                             ^^^^^^^^^^^^^^^^^^ help: try: `DvInfo::default()`
    |
    = help: for further information visit https://rust-lang.github.io/rust-clippy/master/index.html#default_trait_access

warning: this function has too many lines (137/100)
   --> kernel/src/table_changes/scan_file.rs:267:11
    |
267 |       async fn test_scan_file_visiting() {
    |  ___________^
268 | |         let engine = SyncEngine::new();
269 | |         let mut mock_table = LocalMockTable::new();
...   |
413 | |         assert_eq!(scan_files, expected_scan_files);
414 | |     }
    | |_____^
    |
    = help: for further information visit https://rust-lang.github.io/rust-clippy/master/index.html#too_many_lines

warning: consider adding a `;` to the last statement for consistent formatting
   --> kernel/src/table_changes/mod.rs:301:13
    |
301 |             assert!(matches!(res, Err(Error::ChangeDataFeedUnsupported(_))))
    |             ^^^^^^^^^^^^^^^^^^^^^^^^^^^^^^^^^^^^^^^^^^^^^^^^^^^^^^^^^^^^^^^^ help: add a `;` here: `assert!(matches!(res, Err(Error::ChangeDataFeedUnsupported(_))));`
    |
    = help: for further information visit https://rust-lang.github.io/rust-clippy/master/index.html#semicolon_if_nothing_returned

warning: usage of `FromIterator::from_iter`
   --> kernel/src/table_configuration.rs:727:13
    |
727 | /             HashMap::from_iter(
728 | |                 props_to_enable
729 | |                     .iter()
730 | |                     .map(|key| (key.to_string(), "true".to_string())),
731 | |             ),
    | |_____________^
    |
    = help: for further information visit https://rust-lang.github.io/rust-clippy/master/index.html#from_iter_instead_of_collect
    = note: `-W clippy::from-iter-instead-of-collect` implied by `-W clippy::pedantic`
    = help: to override `-W clippy::pedantic` add `#[allow(clippy::from_iter_instead_of_collect)]`
help: use `.collect()` instead of `::from_iter()`
    |
727 ~             props_to_enable
728 +                     .iter()
729 ~                     .map(|key| (key.to_string(), "true".to_string())).collect::<HashMap<_, _>>(),
    |

warning: calling `to_string` on `&&str`
   --> kernel/src/table_configuration.rs:730:33
    |
730 |                     .map(|key| (key.to_string(), "true".to_string())),
    |                                 ^^^^^^^^^^^^^^^ help: try dereferencing the receiver: `(*key).to_string()`
    |
    = help: `&str` implements `ToString` through a slower blanket impl, but `str` has a fast specialization of `ToString`
    = help: for further information visit https://rust-lang.github.io/rust-clippy/master/index.html#inefficient_to_string

warning: consider adding a `;` to the last statement for consistent formatting
   --> kernel/src/table_configuration.rs:984:9
    |
984 | /         assert_eq!(
985 | |             info,
986 | |             InCommitTimestampEnablement::Enabled {
987 | |                 enablement: Some((5, 100))
988 | |             }
989 | |         )
    | |_________^
    |
    = help: for further information visit https://rust-lang.github.io/rust-clippy/master/index.html#semicolon_if_nothing_returned
help: add a `;` here
    |
989 |         assert_eq!(
...
993 |             }
994 ~         );
    |

warning: needless use of `for_each`
   --> kernel/src/table_features/column_mapping.rs:313:9
    |
313 | /         [ColumnMappingMode::Name, ColumnMappingMode::Id]
314 | |             .into_iter()
315 | |             .for_each(|mode| {
316 | |                 let schema = create_schema("5", "\"col-a7f4159c\"", "4", "\"col-5f422f40\"");
...   |
339 | |                 validate_schema_column_mapping(&schema, mode).expect_err("invalid field name");
340 | |             });
    | |_______________^
    |
    = help: for further information visit https://rust-lang.github.io/rust-clippy/master/index.html#needless_for_each
help: try
    |
313 ~         for mode in [ColumnMappingMode::Name, ColumnMappingMode::Id]
314 +             .into_iter() {
315 +                 let schema = create_schema("5", "\"col-a7f4159c\"", "4", "\"col-5f422f40\"");
316 +                 validate_schema_column_mapping(&schema, mode).unwrap();
317 + 
318 +                 // missing annotation
319 +                 let schema = create_schema(None, "\"col-a7f4159c\"", "4", "\"col-5f422f40\"");
320 +                 validate_schema_column_mapping(&schema, mode).expect_err("missing field id");
321 +                 let schema = create_schema("5", None, "4", "\"col-5f422f40\"");
322 +                 validate_schema_column_mapping(&schema, mode).expect_err("missing field name");
323 +                 let schema = create_schema("5", "\"col-a7f4159c\"", None, "\"col-5f422f40\"");
324 +                 validate_schema_column_mapping(&schema, mode).expect_err("missing field id");
325 +                 let schema = create_schema("5", "\"col-a7f4159c\"", "4", None);
326 +                 validate_schema_column_mapping(&schema, mode).expect_err("missing field name");
327 + 
328 +                 // wrong-type field id annotation (string instead of int)
329 +                 let schema = create_schema("\"5\"", "\"col-a7f4159c\"", "4", "\"col-5f422f40\"");
330 +                 validate_schema_column_mapping(&schema, mode).expect_err("invalid field id");
331 +                 let schema = create_schema("5", "\"col-a7f4159c\"", "\"4\"", "\"col-5f422f40\"");
332 +                 validate_schema_column_mapping(&schema, mode).expect_err("invalid field id");
333 + 
334 +                 // wrong-type field name annotation (int instead of string)
335 +                 let schema = create_schema("5", "555", "4", "\"col-5f422f40\"");
336 +                 validate_schema_column_mapping(&schema, mode).expect_err("invalid field name");
337 +                 let schema = create_schema("5", "\"col-a7f4159c\"", "4", "444");
338 +                 validate_schema_column_mapping(&schema, mode).expect_err("invalid field name");
339 +             }
    |

warning: this argument is passed by value, but not consumed in the function body
   --> kernel/src/table_features/mod.rs:675:30
    |
675 |     pub(crate) fn unknown(s: impl ToString) -> Self {
    |                              ^^^^^^^^^^^^^
    |
    = help: for further information visit https://rust-lang.github.io/rust-clippy/master/index.html#needless_pass_by_value
help: consider taking a reference instead
    |
675 |     pub(crate) fn unknown(s: &impl ToString) -> Self {
    |                              +

warning: casting `i64` to `u64` may lose the sign of the value
   --> kernel/src/table_properties/deserialize.rs:197:18
    |
197 |     let number = number as u64; // non-negative i64 => always safe
    |                  ^^^^^^^^^^^^^
    |
    = help: for further information visit https://rust-lang.github.io/rust-clippy/master/index.html#cast_sign_loss

warning: empty String is being created manually
    --> kernel/src/transaction/mod.rs:1092:63
     |
1092 |         let dv_path1 = write_context.new_deletion_vector_path(String::from(""));
     |                                                               ^^^^^^^^^^^^^^^^ help: consider using: `String::new()`
     |
     = help: for further information visit https://rust-lang.github.io/rust-clippy/master/index.html#manual_string_new

warning: item in documentation is missing backticks
   --> kernel/src/row_tracking.rs:148:14
    |
148 |     /// Mock GetData implementation for testing
    |              ^^^^^^^
    |
    = help: for further information visit https://rust-lang.github.io/rust-clippy/master/index.html#doc_markdown
help: try
    |
148 -     /// Mock GetData implementation for testing
148 +     /// Mock `GetData` implementation for testing
    |

warning: this function's return value is unnecessary
   --> kernel/src/row_tracking.rs:273:5
    |
273 |     fn test_visit_wrong_getter_count() -> DeltaResult<()> {
    |     ^^^^^^^^^^^^^^^^^^^^^^^^^^^^^^^^^^^^^^^^^^^^^^^^^^^^^
    |
    = help: for further information visit https://rust-lang.github.io/rust-clippy/master/index.html#unnecessary_wraps
help: remove the return type...
    |
273 -     fn test_visit_wrong_getter_count() -> DeltaResult<()> {
273 +     fn test_visit_wrong_getter_count() -> () {
    |
help: ...and then remove returned values
    |
280 -         Ok(())
    |

warning: this function's return value is unnecessary
   --> kernel/src/row_tracking.rs:284:5
    |
284 |     fn test_visit_missing_num_records() -> DeltaResult<()> {
    |     ^^^^^^^^^^^^^^^^^^^^^^^^^^^^^^^^^^^^^^^^^^^^^^^^^^^^^^
    |
    = help: for further information visit https://rust-lang.github.io/rust-clippy/master/index.html#unnecessary_wraps
help: remove the return type...
    |
284 -     fn test_visit_missing_num_records() -> DeltaResult<()> {
284 +     fn test_visit_missing_num_records() -> () {
    |
help: ...and then remove returned values
    |
295 -         Ok(())
    |

warning: item in documentation is missing backticks
  --> kernel/src/kernel_predicates/parquet_stats_skipping/tests.rs:43:11
   |
43 | /// Tests apply_junction and apply_scalar
   |           ^^^^^^^^^^^^^^
   |
   = help: for further information visit https://rust-lang.github.io/rust-clippy/master/index.html#doc_markdown
help: try
   |
43 - /// Tests apply_junction and apply_scalar
43 + /// Tests `apply_junction` and apply_scalar
   |

warning: item in documentation is missing backticks
  --> kernel/src/kernel_predicates/parquet_stats_skipping/tests.rs:43:30
   |
43 | /// Tests apply_junction and apply_scalar
   |                              ^^^^^^^^^^^^
   |
   = help: for further information visit https://rust-lang.github.io/rust-clippy/master/index.html#doc_markdown
help: try
   |
43 - /// Tests apply_junction and apply_scalar
43 + /// Tests apply_junction and `apply_scalar`
   |

warning: it is more idiomatic to use `Option<&T>` instead of `&Option<T>`
   --> kernel/src/kernel_predicates/parquet_stats_skipping/tests.rs:132:5
    |
132 |       fn get_stat_value(stat: &Option<Scalar>, data_type: &DataType) -> Option<Scalar> {
    |       ^                       --------------- help: change this to: `Option<&Scalar>`
    |  _____|
    | |
133 | |         stat.as_ref()
134 | |             .filter(|v| v.data_type() == *data_type)
135 | |             .cloned()
136 | |     }
    | |_____^
    |
    = help: for further information visit https://rust-lang.github.io/rust-clippy/master/index.html#ref_option

warning: it is more concise to loop over containers instead of using explicit iteration methods
  --> kernel/src/kernel_predicates/tests.rs:48:38
   |
48 |     for (value, inverted, expect) in test_cases.into_iter() {
   |                                      ^^^^^^^^^^^^^^^^^^^^^^ help: to write this more concisely, try: `test_cases`
   |
   = help: for further information visit https://rust-lang.github.io/rust-clippy/master/index.html#explicit_into_iter_loop

warning: this function has too many lines (110/100)
   --> kernel/src/kernel_predicates/tests.rs:59:1
    |
 59 | / fn test_default_partial_cmp_scalars() {
 60 | |     use Ordering::*;
 61 | |     use Scalar::*;
...   |
185 | | }
    | |_^
    |
    = help: for further information visit https://rust-lang.github.io/rust-clippy/master/index.html#too_many_lines

warning: this function has too many lines (114/100)
   --> kernel/src/kernel_predicates/tests.rs:188:1
    |
188 | / fn test_default_scalar_arithmetic() {
189 | |     use Scalar::*;
190 | |     let left = &[Byte(2), Short(200), Integer(20000), Long(2000000)];
191 | |     let right = &[Byte(3), Short(30), Integer(3000), Long(300000)];
...   |
314 | | }
    | |_^
    |
    = help: for further information visit https://rust-lang.github.io/rust-clippy/master/index.html#too_many_lines

warning: it is more concise to loop over references to containers instead of using explicit iteration methods
   --> kernel/src/kernel_predicates/tests.rs:405:44
    |
405 |     for (inputs, expect_and, expect_or) in test_cases.iter() {
    |                                            ^^^^^^^^^^^^^^^^^ help: to write this more concisely, try: `&test_cases`
    |
    = help: for further information visit https://rust-lang.github.io/rust-clippy/master/index.html#explicit_iter_loop

warning: used `cloned` where `copied` could be used instead
   --> kernel/src/kernel_predicates/tests.rs:408:14
    |
408 |             .cloned()
    |              ^^^^^^ help: try: `copied`
    |
    = help: for further information visit https://rust-lang.github.io/rust-clippy/master/index.html#cloned_instead_of_copied
    = note: `-W clippy::cloned-instead-of-copied` implied by `-W clippy::pedantic`
    = help: to override `-W clippy::pedantic` add `#[allow(clippy::cloned_instead_of_copied)]`

warning: unused `self` argument
   --> kernel/src/kernel_predicates/tests.rs:620:13
    |
620 |     fn name(&self) -> &str {
    |             ^^^^^
    |
    = help: consider refactoring to an associated function
    = help: for further information visit https://rust-lang.github.io/rust-clippy/master/index.html#unused_self
    = note: `-W clippy::unused-self` implied by `-W clippy::pedantic`
    = help: to override `-W clippy::pedantic` add `#[allow(clippy::unused_self)]`

warning: returning a `str` unnecessarily tied to the lifetime of arguments
   --> kernel/src/kernel_predicates/tests.rs:620:23
    |
620 |     fn name(&self) -> &str {
    |                       ^^^^ help: try: `&'static str`
    |
    = help: for further information visit https://rust-lang.github.io/rust-clippy/master/index.html#unnecessary_literal_bound
    = note: `-W clippy::unnecessary-literal-bound` implied by `-W clippy::pedantic`
    = help: to override `-W clippy::pedantic` add `#[allow(clippy::unnecessary_literal_bound)]`

warning: unused `self` argument
   --> kernel/src/kernel_predicates/tests.rs:625:9
    |
625 |         &self,
    |         ^^^^^
    |
    = help: consider refactoring to an associated function
    = help: for further information visit https://rust-lang.github.io/rust-clippy/master/index.html#unused_self

warning: returning a `str` unnecessarily tied to the lifetime of arguments
   --> kernel/src/kernel_predicates/tests.rs:764:23
    |
764 |     fn name(&self) -> &str {
    |                       ^^^^ help: try: `&'static str`
    |
    = help: for further information visit https://rust-lang.github.io/rust-clippy/master/index.html#unnecessary_literal_bound

warning: adding items after statements is confusing, since items exist from the start of the scope
   --> kernel/src/kernel_predicates/tests.rs:921:5
    |
921 |     const VAL: Expr = Expr::Literal(Scalar::Integer(1));
    |     ^^^^^^^^^^^^^^^^^^^^^^^^^^^^^^^^^^^^^^^^^^^^^^^^^^^^
    |
    = help: for further information visit https://rust-lang.github.io/rust-clippy/master/index.html#items_after_statements

warning: adding items after statements is confusing, since items exist from the start of the scope
   --> kernel/src/kernel_predicates/tests.rs:922:5
    |
922 |     const NULL: Pred = Pred::null_literal();
    |     ^^^^^^^^^^^^^^^^^^^^^^^^^^^^^^^^^^^^^^^^
    |
    = help: for further information visit https://rust-lang.github.io/rust-clippy/master/index.html#items_after_statements

warning: adding items after statements is confusing, since items exist from the start of the scope
   --> kernel/src/kernel_predicates/tests.rs:923:5
    |
923 |     const FALSE: Pred = Pred::literal(false);
    |     ^^^^^^^^^^^^^^^^^^^^^^^^^^^^^^^^^^^^^^^^^
    |
    = help: for further information visit https://rust-lang.github.io/rust-clippy/master/index.html#items_after_statements

warning: adding items after statements is confusing, since items exist from the start of the scope
   --> kernel/src/kernel_predicates/tests.rs:924:5
    |
924 |     const TRUE: Pred = Pred::literal(true);
    |     ^^^^^^^^^^^^^^^^^^^^^^^^^^^^^^^^^^^^^^^
    |
    = help: for further information visit https://rust-lang.github.io/rust-clippy/master/index.html#items_after_statements

warning: calling `to_string` on `&&str`
   --> kernel/src/path.rs:144:32
    |
144 |             Some(extension) => extension.to_string(),
    |                                ^^^^^^^^^^^^^^^^^^^^^ help: try dereferencing the receiver: `(*extension).to_string()`
    |
    = help: `&str` implements `ToString` through a slower blanket impl, but `str` has a fast specialization of `ToString`
    = help: for further information visit https://rust-lang.github.io/rust-clippy/master/index.html#inefficient_to_string

warning: empty String is being created manually
   --> kernel/src/path.rs:945:23
    |
945 |             filename: "".to_string(),
    |                       ^^^^^^^^^^^^^^ help: consider using: `String::new()`
    |
    = help: for further information visit https://rust-lang.github.io/rust-clippy/master/index.html#manual_string_new

warning: empty String is being created manually
   --> kernel/src/path.rs:946:24
    |
946 |             extension: "".to_string(),
    |                        ^^^^^^^^^^^^^^ help: consider using: `String::new()`
    |
    = help: for further information visit https://rust-lang.github.io/rust-clippy/master/index.html#manual_string_new

warning: unused `self` argument
   --> kernel/src/log_replay.rs:128:9
    |
128 |         &self,
    |         ^^^^^
    |
    = help: consider refactoring to an associated function
    = help: for further information visit https://rust-lang.github.io/rust-clippy/master/index.html#unused_self

warning: item in documentation is missing backticks
   --> kernel/src/log_replay.rs:368:14
    |
368 |     /// Mock GetData implementation for testing
    |              ^^^^^^^
    |
    = help: for further information visit https://rust-lang.github.io/rust-clippy/master/index.html#doc_markdown
help: try
    |
368 -     /// Mock GetData implementation for testing
368 +     /// Mock `GetData` implementation for testing
    |

warning: redundant closure
   --> kernel/src/log_replay.rs:402:22
    |
402 |                 .map(|s| s.as_str()))
    |                      ^^^^^^^^^^^^^^ help: replace the closure with the method itself: `std::string::String::as_str`
    |
    = help: for further information visit https://rust-lang.github.io/rust-clippy/master/index.html#redundant_closure_for_method_calls

warning: used `cloned` where `copied` could be used instead
   --> kernel/src/log_replay.rs:412:18
    |
412 |                 .cloned())
    |                  ^^^^^^ help: try: `copied`
    |
    = help: for further information visit https://rust-lang.github.io/rust-clippy/master/index.html#cloned_instead_of_copied

warning: item in documentation is missing backticks
   --> kernel/src/log_replay.rs:416:28
    |
416 |     /// Helper to create a FileActionDeduplicator with standard indices
    |                            ^^^^^^^^^^^^^^^^^^^^^^
    |
    = help: for further information visit https://rust-lang.github.io/rust-clippy/master/index.html#doc_markdown
help: try
    |
416 -     /// Helper to create a FileActionDeduplicator with standard indices
416 +     /// Helper to create a `FileActionDeduplicator` with standard indices
    |

warning: item in documentation is missing backticks
   --> kernel/src/log_segment/tests.rs:154:30
    |
154 | /// Writes all actions to a _delta_log parquet checkpoint file in the store.
    |                              ^^^^^^^^^
    |
    = help: for further information visit https://rust-lang.github.io/rust-clippy/master/index.html#doc_markdown
help: try
    |
154 - /// Writes all actions to a _delta_log parquet checkpoint file in the store.
154 + /// Writes all actions to a _`delta_log` parquet checkpoint file in the store.
    |

warning: item in documentation is missing backticks
   --> kernel/src/log_segment/tests.rs:155:59
    |
155 | /// This function formats the provided filename into the _delta_log directory.
    |                                                           ^^^^^^^^^
    |
    = help: for further information visit https://rust-lang.github.io/rust-clippy/master/index.html#doc_markdown
help: try
    |
155 - /// This function formats the provided filename into the _delta_log directory.
155 + /// This function formats the provided filename into the _`delta_log` directory.
    |

warning: item in documentation is missing backticks
   --> kernel/src/log_segment/tests.rs:165:30
    |
165 | /// Writes all actions to a _delta_log/_sidecars file in the store.
    |                              ^^^^^^^^^
    |
    = help: for further information visit https://rust-lang.github.io/rust-clippy/master/index.html#doc_markdown
help: try
    |
165 - /// Writes all actions to a _delta_log/_sidecars file in the store.
165 + /// Writes all actions to a _`delta_log`/_sidecars file in the store.
    |

warning: item in documentation is missing backticks
   --> kernel/src/log_segment/tests.rs:176:30
    |
176 | /// Writes all actions to a _delta_log json checkpoint file in the store.
    |                              ^^^^^^^^^
    |
    = help: for further information visit https://rust-lang.github.io/rust-clippy/master/index.html#doc_markdown
help: try
    |
176 - /// Writes all actions to a _delta_log json checkpoint file in the store.
176 + /// Writes all actions to a _`delta_log` json checkpoint file in the store.
    |

warning: item in documentation is missing backticks
   --> kernel/src/log_segment/tests.rs:177:59
    |
177 | /// This function formats the provided filename into the _delta_log directory.
    |                                                           ^^^^^^^^^
    |
    = help: for further information visit https://rust-lang.github.io/rust-clippy/master/index.html#doc_markdown
help: try
    |
177 - /// This function formats the provided filename into the _delta_log directory.
177 + /// This function formats the provided filename into the _`delta_log` directory.
    |

warning: consider adding a `;` to the last statement for consistent formatting
   --> kernel/src/log_segment/tests.rs:508:5
    |
508 | /     assert_result_error_with_message(
509 | |         log_segment,
510 | |         "Invalid Checkpoint: Had a _last_checkpoint hint but didn't find any checkpoints",
511 | |     )
    | |_____^
    |
    = help: for further information visit https://rust-lang.github.io/rust-clippy/master/index.html#semicolon_if_nothing_returned
help: add a `;` here
    |
511 |     assert_result_error_with_message(
512 |         log_segment,
513 |         "Invalid Checkpoint: Had a _last_checkpoint hint but didn't find any checkpoints",
514 ~     );
    |

warning: consider adding a `;` to the last statement for consistent formatting
   --> kernel/src/log_segment/tests.rs:551:5
    |
551 | /     assert_result_error_with_message(
552 | |         log_segment,
553 | |         "Invalid Checkpoint: _last_checkpoint indicated that checkpoint should have 1 parts, but \
554 | |         it has 2",
555 | |     )
    | |_____^
    |
    = help: for further information visit https://rust-lang.github.io/rust-clippy/master/index.html#semicolon_if_nothing_returned
help: add a `;` here
    |
555 |     assert_result_error_with_message(
...
558 |         it has 2",
559 ~     );
    |

warning: it is more concise to loop over containers instead of using explicit iteration methods
   --> kernel/src/log_segment/tests.rs:927:39
    |
927 |     for (input_path, expected_url) in test_cases.into_iter() {
    |                                       ^^^^^^^^^^^^^^^^^^^^^^ help: to write this more concisely, try: `test_cases`
    |
    = help: for further information visit https://rust-lang.github.io/rust-clippy/master/index.html#explicit_into_iter_loop

warning: it is more concise to loop over references to containers instead of using explicit iteration methods
    --> kernel/src/log_segment/tests.rs:1169:29
     |
1169 |     for expected_sidecar in ["sidecar1.parquet", "sidecar2.parquet"].iter() {
     |                             ^^^^^^^^^^^^^^^^^^^^^^^^^^^^^^^^^^^^^^^^^^^^^^^ help: to write this more concisely, try: `&["sidecar1.parquet", "sidecar2.parquet"]`
     |
     = help: for further information visit https://rust-lang.github.io/rust-clippy/master/index.html#explicit_iter_loop

warning: called `map(<f>).unwrap_or(<a>)` on an `Option` value
    --> kernel/src/log_segment/tests.rs:1453:30
     |
1453 |     let checkpoint_cuttoff = checkpoint_version.map(|v| v as i64).unwrap_or(-1);
     |                              ^^^^^^^^^^^^^^^^^^^^^^^^^^^^^^^^^^^^^^^^^^^^^^^^^^
     |
     = help: for further information visit https://rust-lang.github.io/rust-clippy/master/index.html#map_unwrap_or
help: use `map_or(<a>, <f>)` instead
     |
1453 -     let checkpoint_cuttoff = checkpoint_version.map(|v| v as i64).unwrap_or(-1);
1453 +     let checkpoint_cuttoff = checkpoint_version.map_or(-1, |v| v as i64);
     |

warning: casting `u64` to `i64` may wrap around the value
    --> kernel/src/log_segment/tests.rs:1453:57
     |
1453 |     let checkpoint_cuttoff = checkpoint_version.map(|v| v as i64).unwrap_or(-1);
     |                                                         ^^^^^^^^
     |
     = help: for further information visit https://rust-lang.github.io/rust-clippy/master/index.html#cast_possible_wrap

warning: casting `u64` to `i64` may wrap around the value
    --> kernel/src/log_segment/tests.rs:1456:21
     |
1456 |         .filter(|v| **v as i64 > checkpoint_cuttoff && **v <= version_to_load)
     |                     ^^^^^^^^^^
     |
     = help: for further information visit https://rust-lang.github.io/rust-clippy/master/index.html#cast_possible_wrap

warning: casting `u64` to `i64` may wrap around the value
    --> kernel/src/log_segment/tests.rs:1460:32
     |
1460 |         .filter(|(start, end)| *start as i64 > checkpoint_cuttoff && *end <= version_to_load)
     |                                ^^^^^^^^^^^^^
     |
     = help: for further information visit https://rust-lang.github.io/rust-clippy/master/index.html#cast_possible_wrap

warning: usage of `FromIterator::from_iter`
    --> kernel/src/log_segment/tests.rs:1720:10
     |
1720 |         &Vec::from_iter(0..20),
     |          ^^^^^^^^^^^^^^^^^^^^^ help: use `.collect()` instead of `::from_iter()`: `(0..20).collect::<Vec<_>>()`
     |
     = help: for further information visit https://rust-lang.github.io/rust-clippy/master/index.html#from_iter_instead_of_collect

warning: usage of `FromIterator::from_iter`
    --> kernel/src/log_segment/tests.rs:1736:10
     |
1736 |         &Vec::from_iter(0..4),
     |          ^^^^^^^^^^^^^^^^^^^^ help: use `.collect()` instead of `::from_iter()`: `(0..4).collect::<Vec<_>>()`
     |
     = help: for further information visit https://rust-lang.github.io/rust-clippy/master/index.html#from_iter_instead_of_collect

warning: usage of `FromIterator::from_iter`
    --> kernel/src/log_segment/tests.rs:1752:10
     |
1752 |         &Vec::from_iter(0..6),
     |          ^^^^^^^^^^^^^^^^^^^^ help: use `.collect()` instead of `::from_iter()`: `(0..6).collect::<Vec<_>>()`
     |
     = help: for further information visit https://rust-lang.github.io/rust-clippy/master/index.html#from_iter_instead_of_collect

warning: usage of `FromIterator::from_iter`
    --> kernel/src/log_segment/tests.rs:1856:10
     |
1856 |         &Vec::from_iter(0..=4),
     |          ^^^^^^^^^^^^^^^^^^^^^ help: use `.collect()` instead of `::from_iter()`: `(0..=4).collect::<Vec<_>>()`
     |
     = help: for further information visit https://rust-lang.github.io/rust-clippy/master/index.html#from_iter_instead_of_collect

warning: usage of `FromIterator::from_iter`
    --> kernel/src/log_segment/tests.rs:1866:10
     |
1866 |         &Vec::from_iter(0..=4),
     |          ^^^^^^^^^^^^^^^^^^^^^ help: use `.collect()` instead of `::from_iter()`: `(0..=4).collect::<Vec<_>>()`
     |
     = help: for further information visit https://rust-lang.github.io/rust-clippy/master/index.html#from_iter_instead_of_collect

warning: usage of `FromIterator::from_iter`
    --> kernel/src/log_segment/tests.rs:1876:10
     |
1876 |         &Vec::from_iter(0..=6),
     |          ^^^^^^^^^^^^^^^^^^^^^ help: use `.collect()` instead of `::from_iter()`: `(0..=6).collect::<Vec<_>>()`
     |
     = help: for further information visit https://rust-lang.github.io/rust-clippy/master/index.html#from_iter_instead_of_collect

warning: usage of `FromIterator::from_iter`
    --> kernel/src/log_segment/tests.rs:1886:10
     |
1886 |         &Vec::from_iter(0..=6),
     |          ^^^^^^^^^^^^^^^^^^^^^ help: use `.collect()` instead of `::from_iter()`: `(0..=6).collect::<Vec<_>>()`
     |
     = help: for further information visit https://rust-lang.github.io/rust-clippy/master/index.html#from_iter_instead_of_collect

warning: usage of `FromIterator::from_iter`
    --> kernel/src/log_segment/tests.rs:1896:10
     |
1896 |         &Vec::from_iter(0..=6),
     |          ^^^^^^^^^^^^^^^^^^^^^ help: use `.collect()` instead of `::from_iter()`: `(0..=6).collect::<Vec<_>>()`
     |
     = help: for further information visit https://rust-lang.github.io/rust-clippy/master/index.html#from_iter_instead_of_collect

warning: usage of `FromIterator::from_iter`
    --> kernel/src/log_segment/tests.rs:1906:10
     |
1906 |         &Vec::from_iter(0..=6),
     |          ^^^^^^^^^^^^^^^^^^^^^ help: use `.collect()` instead of `::from_iter()`: `(0..=6).collect::<Vec<_>>()`
     |
     = help: for further information visit https://rust-lang.github.io/rust-clippy/master/index.html#from_iter_instead_of_collect

warning: usage of `FromIterator::from_iter`
    --> kernel/src/log_segment/tests.rs:1916:10
     |
1916 |         &Vec::from_iter(0..=10),
     |          ^^^^^^^^^^^^^^^^^^^^^^ help: use `.collect()` instead of `::from_iter()`: `(0..=10).collect::<Vec<_>>()`
     |
     = help: for further information visit https://rust-lang.github.io/rust-clippy/master/index.html#from_iter_instead_of_collect

warning: adding items after statements is confusing, since items exist from the start of the scope
    --> kernel/src/log_segment/tests.rs:2268:5
     |
2268 |     use crate::Error;
     |     ^^^^^^^^^^^^^^^^^
     |
     = help: for further information visit https://rust-lang.github.io/rust-clippy/master/index.html#items_after_statements

warning: item in documentation is missing backticks
  --> kernel/src/last_checkpoint_hint.rs:75:21
   |
75 |     /// Convert the LastCheckpointHint to JSON bytes
   |                     ^^^^^^^^^^^^^^^^^^
   |
   = help: for further information visit https://rust-lang.github.io/rust-clippy/master/index.html#doc_markdown
help: try
   |
75 -     /// Convert the LastCheckpointHint to JSON bytes
75 +     /// Convert the `LastCheckpointHint` to JSON bytes
   |

warning: this argument (4 byte) is passed by reference, but would be more efficient if passed by value (limit: 8 byte)
   --> kernel/src/history_manager/search.rs:169:19
    |
169 |     fn get_val(x: &i32) -> DeltaResult<i32> {
    |                   ^^^^ help: consider passing by value instead: `i32`
    |
    = help: for further information visit https://rust-lang.github.io/rust-clippy/master/index.html#trivially_copy_pass_by_ref

warning: this function's return value is unnecessarily wrapped by `Result`
   --> kernel/src/history_manager/search.rs:169:5
    |
169 |     fn get_val(x: &i32) -> DeltaResult<i32> {
    |     ^^^^^^^^^^^^^^^^^^^^^^^^^^^^^^^^^^^^^^^
    |
    = help: for further information visit https://rust-lang.github.io/rust-clippy/master/index.html#unnecessary_wraps
help: remove `Result` from the return type...
    |
169 -     fn get_val(x: &i32) -> DeltaResult<i32> {
169 +     fn get_val(x: &i32) -> i32 {
    |
help: ...and then remove the surrounding `Ok()` from returning expressions
    |
170 -         Ok(*x)
170 +         *x
    |

warning: this function has too many lines (116/100)
   --> kernel/src/engine/arrow_expression/evaluate_expression.rs:296:1
    |
296 | / pub fn evaluate_predicate(
297 | |     predicate: &Predicate,
298 | |     batch: &RecordBatch,
299 | |     inverted: bool,
...   |
436 | | }
    | |_^
    |
    = help: for further information visit https://rust-lang.github.io/rust-clippy/master/index.html#too_many_lines

warning: item in documentation is missing backticks
   --> kernel/src/engine/arrow_expression/evaluate_expression.rs:610:37
    |
610 |     /// Helper function to validate Int32Array columns in test results
    |                                     ^^^^^^^^^^
    |
    = help: for further information visit https://rust-lang.github.io/rust-clippy/master/index.html#doc_markdown
help: try
    |
610 -     /// Helper function to validate Int32Array columns in test results
610 +     /// Helper function to validate `Int32Array` columns in test results
    |

warning: this function has too many lines (111/100)
   --> kernel/src/engine/arrow_expression/tests.rs:120:1
    |
120 | / fn test_literal_complex_type_array() {
121 | |     use crate::arrow::array::{Array as _, AsArray as _};
122 | |     use crate::arrow::datatypes::Int32Type;
...   |
242 | |     assert!(expected_values.zip(map_values).all(|(a, b)| a == b));
243 | | }
    | |_^
    |
    = help: for further information visit https://rust-lang.github.io/rust-clippy/master/index.html#too_many_lines

warning: used `cloned` where `copied` could be used instead
   --> kernel/src/engine/arrow_expression/tests.rs:198:68
    |
198 |     let expected_valid = (0..5).flat_map(|_| expected_valid.iter().cloned());
    |                                                                    ^^^^^^ help: try: `copied`
    |
    = help: for further information visit https://rust-lang.github.io/rust-clippy/master/index.html#cloned_instead_of_copied

warning: used `cloned` where `copied` could be used instead
   --> kernel/src/engine/arrow_expression/tests.rs:204:70
    |
204 |     let expected_values = (0..5).flat_map(|_| expected_values.iter().cloned());
    |                                                                      ^^^^^^ help: try: `copied`
    |
    = help: for further information visit https://rust-lang.github.io/rust-clippy/master/index.html#cloned_instead_of_copied

warning: used `cloned` where `copied` could be used instead
   --> kernel/src/engine/arrow_expression/tests.rs:215:71
    |
215 |     let expected_values = (0..10).flat_map(|_| expected_values.iter().cloned());
    |                                                                       ^^^^^^ help: try: `copied`
    |
    = help: for further information visit https://rust-lang.github.io/rust-clippy/master/index.html#cloned_instead_of_copied

warning: used `cloned` where `copied` could be used instead
   --> kernel/src/engine/arrow_expression/tests.rs:233:67
    |
233 |     let expected_keys = (0..10).flat_map(|_| expected_keys.iter().cloned());
    |                                                                   ^^^^^^ help: try: `copied`
    |
    = help: for further information visit https://rust-lang.github.io/rust-clippy/master/index.html#cloned_instead_of_copied

warning: used `cloned` where `copied` could be used instead
   --> kernel/src/engine/arrow_expression/tests.rs:234:71
    |
234 |     let expected_values = (0..10).flat_map(|_| expected_values.iter().cloned());
    |                                                                       ^^^^^^ help: try: `copied`
    |
    = help: for further information visit https://rust-lang.github.io/rust-clippy/master/index.html#cloned_instead_of_copied

warning: consider adding a `;` to the last statement for consistent formatting
   --> kernel/src/engine/arrow_expression/tests.rs:366:5
    |
366 |     assert_eq!(results.as_ref(), expected.as_ref())
    |     ^^^^^^^^^^^^^^^^^^^^^^^^^^^^^^^^^^^^^^^^^^^^^^^ help: add a `;` here: `assert_eq!(results.as_ref(), expected.as_ref());`
    |
    = help: for further information visit https://rust-lang.github.io/rust-clippy/master/index.html#semicolon_if_nothing_returned

warning: unused `self` argument
   --> kernel/src/engine/arrow_expression/tests.rs:520:13
    |
520 |     fn name(&self) -> &str {
    |             ^^^^^
    |
    = help: consider refactoring to an associated function
    = help: for further information visit https://rust-lang.github.io/rust-clippy/master/index.html#unused_self

warning: returning a `str` unnecessarily tied to the lifetime of arguments
   --> kernel/src/engine/arrow_expression/tests.rs:520:23
    |
520 |     fn name(&self) -> &str {
    |                       ^^^^ help: try: `&'static str`
    |
    = help: for further information visit https://rust-lang.github.io/rust-clippy/master/index.html#unnecessary_literal_bound

warning: unused `self` argument
   --> kernel/src/engine/arrow_expression/tests.rs:525:9
    |
525 |         &self,
    |         ^^^^^
    |
    = help: consider refactoring to an associated function
    = help: for further information visit https://rust-lang.github.io/rust-clippy/master/index.html#unused_self

warning: `match` on a boolean expression
   --> kernel/src/engine/arrow_expression/tests.rs:530:21
    |
530 |           let op_fn = match inverted {
    |  _____________________^
531 | |             true => gt_eq,
532 | |             false => lt,
533 | |         };
    | |_________^ help: consider using an `if`/`else` expression: `if inverted { gt_eq } else { lt }`
    |
    = help: for further information visit https://rust-lang.github.io/rust-clippy/master/index.html#match_bool

warning: this argument is passed by value, but not consumed in the function body
   --> kernel/src/engine/arrow_expression/tests.rs:696:70
    |
696 | fn assert_create_one(values: &[Scalar], schema: SchemaRef, expected: RecordBatch) {
    |                                                                      ^^^^^^^^^^^
    |
    = help: for further information visit https://rust-lang.github.io/rust-clippy/master/index.html#needless_pass_by_value
help: consider taking a reference instead
    |
696 | fn assert_create_one(values: &[Scalar], schema: SchemaRef, expected: &RecordBatch) {
    |                                                                      +

warning: needless use of `for_each`
    --> kernel/src/engine/arrow_utils.rs:1299:9
     |
1299 | /         column_mapping_cases().into_iter().for_each(|mode| {
1300 | |             let requested_schema = StructType::new_unchecked([
1301 | |                 StructField::not_null(logical_name(0), DataType::INTEGER)
1302 | |                     .with_metadata(column_mapping_metadata(0)),
...    |
1327 | |             assert_eq!(reorder_indices, expect_reorder);
1328 | |         });
     | |___________^
     |
     = help: for further information visit https://rust-lang.github.io/rust-clippy/master/index.html#needless_for_each
help: try
     |
1299 ~         for mode in column_mapping_cases().into_iter() {
1300 +             let requested_schema = StructType::new_unchecked([
1301 +                 StructField::not_null(logical_name(0), DataType::INTEGER)
1302 +                     .with_metadata(column_mapping_metadata(0)),
1303 +                 StructField::nullable(logical_name(1), DataType::STRING)
1304 +                     .with_metadata(column_mapping_metadata(1)),
1305 +                 StructField::nullable(logical_name(2), DataType::INTEGER)
1306 +                     .with_metadata(column_mapping_metadata(2)),
1307 +             ])
1308 +             .make_physical(mode)
1309 +             .into();
1310 +             let parquet_schema = Arc::new(ArrowSchema::new(vec![
1311 +                 ArrowField::new(parquet_name(0, mode), ArrowDataType::Int32, false)
1312 +                     .with_metadata(arrow_fid(0)),
1313 +                 ArrowField::new(parquet_name(1, mode), ArrowDataType::Utf8, true)
1314 +                     .with_metadata(arrow_fid(1)),
1315 +                 ArrowField::new(parquet_name(2, mode), ArrowDataType::Int32, true)
1316 +                     .with_metadata(arrow_fid(2)),
1317 +             ]));
1318 +             let (mask_indices, reorder_indices) =
1319 +                 get_requested_indices(&requested_schema, &parquet_schema).unwrap();
1320 +             let expect_mask = vec![0, 1, 2];
1321 +             let expect_reorder = vec![
1322 +                 ReorderIndex::identity(0),
1323 +                 ReorderIndex::identity(1),
1324 +                 ReorderIndex::identity(2),
1325 +             ];
1326 +             assert_eq!(mask_indices, expect_mask);
1327 +             assert_eq!(reorder_indices, expect_reorder);
1328 +         }
     |

warning: this function has too many lines (133/100)
    --> kernel/src/engine/arrow_utils.rs:1332:5
     |
1332 | /     fn test_variant_masks() {
1333 | |         fn unshredded_variant_parquet_schema() -> ArrowField {
1334 | |             ArrowField::new(
1335 | |                 "v",
...    |
1471 | |             Err(e) if e.to_string().contains("The default engine does not support shredded reads")));
1472 | |     }
     | |_____^
     |
     = help: for further information visit https://rust-lang.github.io/rust-clippy/master/index.html#too_many_lines

warning: consider adding a `;` to the last statement for consistent formatting
    --> kernel/src/engine/arrow_utils.rs:1476:9
     |
1476 | /         column_mapping_cases().into_iter().for_each(|mode| {
1477 | |             let requested_schema = StructType::new_unchecked([
1478 | |                 StructField::not_null(logical_name(0), DataType::INTEGER)
1479 | |                     .with_metadata(column_mapping_metadata(0)),
...    |
1513 | |             );
1514 | |         })
     | |__________^
     |
     = help: for further information visit https://rust-lang.github.io/rust-clippy/master/index.html#semicolon_if_nothing_returned
help: add a `;` here
     |
1514 |         column_mapping_cases().into_iter().for_each(|mode| {
 ...
1551 |             );
1552 ~         });
     |

warning: needless use of `for_each`
    --> kernel/src/engine/arrow_utils.rs:1519:9
     |
1519 | /         column_mapping_cases().into_iter().for_each(|mode| {
1520 | |             let requested_schema = StructType::new_unchecked([StructField::not_null(
1521 | |                 logical_name(0),
1522 | |                 MapType::new(DataType::INTEGER, DataType::STRING, false),
...    |
1543 | |             assert_eq!(reorder_indices, expect_reorder);
1544 | |         });
     | |___________^
     |
     = help: for further information visit https://rust-lang.github.io/rust-clippy/master/index.html#needless_for_each
help: try
     |
1519 ~         for mode in column_mapping_cases().into_iter() {
1520 +             let requested_schema = StructType::new_unchecked([StructField::not_null(
1521 +                 logical_name(0),
1522 +                 MapType::new(DataType::INTEGER, DataType::STRING, false),
1523 +             )
1524 +             .with_metadata(column_mapping_metadata(0))])
1525 +             .make_physical(mode)
1526 +             .into();
1527 + 
1528 +             // The key and value may have field ids not present in the delta schema
1529 +             let parquet_schema = Arc::new(ArrowSchema::new(vec![ArrowField::new_map(
1530 +                 parquet_name(0, mode),
1531 +                 "entries",
1532 +                 ArrowField::new("i", ArrowDataType::Int32, false),
1533 +                 ArrowField::new("s", ArrowDataType::Utf8, false),
1534 +                 false,
1535 +                 false,
1536 +             )
1537 +             .with_metadata(arrow_fid(1))]));
1538 +             let (mask_indices, reorder_indices) =
1539 +                 get_requested_indices(&requested_schema, &parquet_schema).unwrap();
1540 +             let expect_mask = vec![0, 1];
1541 +             let expect_reorder = vec![ReorderIndex::identity(0)];
1542 +             assert_eq!(mask_indices, expect_mask);
1543 +             assert_eq!(reorder_indices, expect_reorder);
1544 +         }
     |

warning: consider adding a `;` to the last statement for consistent formatting
    --> kernel/src/engine/arrow_utils.rs:1549:9
     |
1549 | /         column_mapping_cases().into_iter().for_each(|mode| {
1550 | |             let requested_schema = StructType::new_unchecked([
1551 | |                 StructField::not_null(logical_name(0), DataType::INTEGER)
1552 | |                     .with_metadata(column_mapping_metadata(0)),
...    |
1577 | |             assert_eq!(reorder_indices, expect_reorder);
1578 | |         })
     | |__________^
     |
     = help: for further information visit https://rust-lang.github.io/rust-clippy/master/index.html#semicolon_if_nothing_returned
help: add a `;` here
     |
1578 |         column_mapping_cases().into_iter().for_each(|mode| {
 ...
1606 |             assert_eq!(reorder_indices, expect_reorder);
1607 ~         });
     |

warning: needless use of `for_each`
    --> kernel/src/engine/arrow_utils.rs:1583:9
     |
1583 | /         column_mapping_cases().into_iter().for_each(|mode| {
1584 | |             let requested_schema = StructType::new_unchecked([
1585 | |                 StructField::not_null(logical_name(0), DataType::INTEGER)
1586 | |                     .with_metadata(column_mapping_metadata(0)),
...    |
1619 | |             assert_eq!(reorder_indices, expect_reorder);
1620 | |         });
     | |___________^
     |
     = help: for further information visit https://rust-lang.github.io/rust-clippy/master/index.html#needless_for_each
help: try
     |
1583 ~         for mode in column_mapping_cases().into_iter() {
1584 +             let requested_schema = StructType::new_unchecked([
1585 +                 StructField::not_null(logical_name(0), DataType::INTEGER)
1586 +                     .with_metadata(column_mapping_metadata(0)),
1587 +                 StructField::nullable(logical_name(1), DataType::STRING)
1588 +                     .with_metadata(column_mapping_metadata(1)),
1589 +                 StructField::nullable(logical_name(2), DataType::INTEGER)
1590 +                     .with_metadata(column_mapping_metadata(2)),
1591 +             ])
1592 +             .make_physical(mode)
1593 +             .into();
1594 +             let parquet_schema = Arc::new(ArrowSchema::new(vec![
1595 +                 ArrowField::new(parquet_name(0, mode), ArrowDataType::Int32, false)
1596 +                     .with_metadata(arrow_fid(0)),
1597 +                 ArrowField::new(parquet_name(2, mode), ArrowDataType::Int32, true)
1598 +                     .with_metadata(arrow_fid(2)),
1599 +             ]));
1600 +             let (mask_indices, reorder_indices) =
1601 +                 get_requested_indices(&requested_schema, &parquet_schema).unwrap();
1602 +             let expect_mask = vec![0, 1];
1603 +             let expected_arrow_metadata = requested_schema
1604 +                 .field(parquet_name(1, mode))
1605 +                 .unwrap()
1606 +                 .metadata_with_string_values();
1607 +             let expect_reorder = vec![
1608 +                 ReorderIndex::identity(0),
1609 +                 ReorderIndex::identity(2),
1610 +                 ReorderIndex::missing(
1611 +                     1,
1612 +                     Arc::new(
1613 +                         ArrowField::new(parquet_name(1, mode), ArrowDataType::Utf8, true)
1614 +                             .with_metadata(expected_arrow_metadata),
1615 +                     ),
1616 +                 ),
1617 +             ];
1618 +             assert_eq!(mask_indices, expect_mask);
1619 +             assert_eq!(reorder_indices, expect_reorder);
1620 +         }
     |

warning: needless use of `for_each`
    --> kernel/src/engine/arrow_utils.rs:1955:9
     |
1955 | /         column_mapping_cases().into_iter().for_each(|mode| {
1956 | |             let requested_schema = StructType::new_unchecked([
1957 | |                 StructField::not_null(logical_name(1), DataType::INTEGER)
1958 | |                     .with_metadata(column_mapping_metadata(1)),
...    |
1987 | |             assert_eq!(reorder_indices, expect_reorder);
1988 | |         });
     | |___________^
     |
     = help: for further information visit https://rust-lang.github.io/rust-clippy/master/index.html#needless_for_each
help: try
     |
1955 ~         for mode in column_mapping_cases().into_iter() {
1956 +             let requested_schema = StructType::new_unchecked([
1957 +                 StructField::not_null(logical_name(1), DataType::INTEGER)
1958 +                     .with_metadata(column_mapping_metadata(1)),
1959 +                 StructField::not_null(
1960 +                     logical_name(3),
1961 +                     StructType::new_unchecked([
1962 +                         StructField::not_null(logical_name(4), DataType::INTEGER)
1963 +                             .with_metadata(column_mapping_metadata(4)),
1964 +                         StructField::not_null(logical_name(5), DataType::STRING)
1965 +                             .with_metadata(column_mapping_metadata(5)),
1966 +                     ]),
1967 +                 )
1968 +                 .with_metadata(column_mapping_metadata(3)),
1969 +                 StructField::not_null(logical_name(2), DataType::INTEGER)
1970 +                     .with_metadata(column_mapping_metadata(2)),
1971 +             ])
1972 +             .make_physical(mode)
1973 +             .into();
1974 +             let parquet_schema = nested_parquet_schema(mode);
1975 +             let (mask_indices, reorder_indices) =
1976 +                 get_requested_indices(&requested_schema, &parquet_schema).unwrap();
1977 +             let expect_mask = vec![0, 1, 2, 3];
1978 +             let expect_reorder = vec![
1979 +                 ReorderIndex::identity(0),
1980 +                 ReorderIndex::nested(
1981 +                     1,
1982 +                     vec![ReorderIndex::identity(0), ReorderIndex::identity(1)],
1983 +                 ),
1984 +                 ReorderIndex::identity(2),
1985 +             ];
1986 +             assert_eq!(mask_indices, expect_mask);
1987 +             assert_eq!(reorder_indices, expect_reorder);
1988 +         }
     |

warning: needless use of `for_each`
    --> kernel/src/engine/arrow_utils.rs:1992:9
     |
1992 | /         column_mapping_cases().into_iter().for_each(|mode| {
1993 | |             let requested_schema = StructType::new_unchecked([
1994 | |                 StructField::not_null(
1995 | |                     logical_name(3),
...    |
2024 | |             assert_eq!(reorder_indices, expect_reorder);
2025 | |         });
     | |___________^
     |
     = help: for further information visit https://rust-lang.github.io/rust-clippy/master/index.html#needless_for_each
help: try
     |
1992 ~         for mode in column_mapping_cases().into_iter() {
1993 +             let requested_schema = StructType::new_unchecked([
1994 +                 StructField::not_null(
1995 +                     logical_name(3),
1996 +                     StructType::new_unchecked([
1997 +                         StructField::not_null(logical_name(5), DataType::STRING)
1998 +                             .with_metadata(column_mapping_metadata(5)),
1999 +                         StructField::not_null(logical_name(4), DataType::INTEGER)
2000 +                             .with_metadata(column_mapping_metadata(4)),
2001 +                     ]),
2002 +                 )
2003 +                 .with_metadata(column_mapping_metadata(3)),
2004 +                 StructField::not_null(logical_name(2), DataType::INTEGER)
2005 +                     .with_metadata(column_mapping_metadata(2)),
2006 +                 StructField::not_null(logical_name(1), DataType::INTEGER)
2007 +                     .with_metadata(column_mapping_metadata(1)),
2008 +             ])
2009 +             .make_physical(mode)
2010 +             .into();
2011 +             let parquet_schema = nested_parquet_schema(mode);
2012 +             let (mask_indices, reorder_indices) =
2013 +                 get_requested_indices(&requested_schema, &parquet_schema).unwrap();
2014 +             let expect_mask = vec![0, 1, 2, 3];
2015 +             let expect_reorder = vec![
2016 +                 ReorderIndex::identity(2),
2017 +                 ReorderIndex::nested(
2018 +                     0,
2019 +                     vec![ReorderIndex::identity(1), ReorderIndex::identity(0)],
2020 +                 ),
2021 +                 ReorderIndex::identity(1),
2022 +             ];
2023 +             assert_eq!(mask_indices, expect_mask);
2024 +             assert_eq!(reorder_indices, expect_reorder);
2025 +         }
     |

warning: consider adding a `;` to the last statement for consistent formatting
    --> kernel/src/engine/arrow_utils.rs:2030:9
     |
2030 | /         column_mapping_cases().into_iter().for_each(|mode| {
2031 | |             let requested_schema = StructType::new_unchecked([
2032 | |                 StructField::not_null(logical_name(1), DataType::INTEGER)
2033 | |                     .with_metadata(column_mapping_metadata(1)),
...    |
2058 | |             assert_eq!(reorder_indices, expect_reorder);
2059 | |         })
     | |__________^
     |
     = help: for further information visit https://rust-lang.github.io/rust-clippy/master/index.html#semicolon_if_nothing_returned
help: add a `;` here
     |
2059 |         column_mapping_cases().into_iter().for_each(|mode| {
 ...
2087 |             assert_eq!(reorder_indices, expect_reorder);
2088 ~         });
     |

warning: needless use of `for_each`
    --> kernel/src/engine/arrow_utils.rs:2064:9
     |
2064 | /         column_mapping_cases().into_iter().for_each(|mode| {
2065 | |             let requested_schema = StructType::new_unchecked([
2066 | |                 StructField::not_null(logical_name(1), DataType::INTEGER)
2067 | |                     .with_metadata(column_mapping_metadata(1)),
...    |
2100 | |             assert_eq!(reorder_indices, expect_reorder);
2101 | |         });
     | |___________^
     |
     = help: for further information visit https://rust-lang.github.io/rust-clippy/master/index.html#needless_for_each
help: try
     |
2064 ~         for mode in column_mapping_cases().into_iter() {
2065 +             let requested_schema = StructType::new_unchecked([
2066 +                 StructField::not_null(logical_name(1), DataType::INTEGER)
2067 +                     .with_metadata(column_mapping_metadata(1)),
2068 +                 StructField::not_null(logical_name(2), ArrayType::new(DataType::INTEGER, false))
2069 +                     .with_metadata(column_mapping_metadata(2)),
2070 +                 StructField::not_null(logical_name(3), DataType::INTEGER)
2071 +                     .with_metadata(column_mapping_metadata(3)),
2072 +             ])
2073 +             .make_physical(mode)
2074 +             .into();
2075 +             let parquet_schema = Arc::new(ArrowSchema::new(vec![
2076 +                 ArrowField::new(parquet_name(1, mode), ArrowDataType::Int32, false)
2077 +                     .with_metadata(arrow_fid(1)),
2078 +                 ArrowField::new(
2079 +                     parquet_name(2, mode),
2080 +                     ArrowDataType::List(Arc::new(ArrowField::new(
2081 +                         "nested",
2082 +                         ArrowDataType::Int32,
2083 +                         false,
2084 +                     ))),
2085 +                     false,
2086 +                 )
2087 +                 .with_metadata(arrow_fid(2)),
2088 +                 ArrowField::new(parquet_name(3, mode), ArrowDataType::Int32, false)
2089 +                     .with_metadata(arrow_fid(3)),
2090 +             ]));
2091 +             let (mask_indices, reorder_indices) =
2092 +                 get_requested_indices(&requested_schema, &parquet_schema).unwrap();
2093 +             let expect_mask = vec![0, 1, 2];
2094 +             let expect_reorder = vec![
2095 +                 ReorderIndex::identity(0),
2096 +                 ReorderIndex::identity(1),
2097 +                 ReorderIndex::identity(2),
2098 +             ];
2099 +             assert_eq!(mask_indices, expect_mask);
2100 +             assert_eq!(reorder_indices, expect_reorder);
2101 +         }
     |

warning: needless use of `for_each`
    --> kernel/src/engine/arrow_utils.rs:2106:9
     |
2106 | /         column_mapping_cases().into_iter().for_each(|mode| {
2107 | |             let requested_schema = StructType::new_unchecked([StructField::not_null(
2108 | |                 logical_name(1),
2109 | |                 ArrayType::new(DataType::INTEGER, false),
...    |
2132 | |             assert_eq!(reorder_indices, expect_reorder);
2133 | |         });
     | |___________^
     |
     = help: for further information visit https://rust-lang.github.io/rust-clippy/master/index.html#needless_for_each
help: try
     |
2106 ~         for mode in column_mapping_cases().into_iter() {
2107 +             let requested_schema = StructType::new_unchecked([StructField::not_null(
2108 +                 logical_name(1),
2109 +                 ArrayType::new(DataType::INTEGER, false),
2110 +             )
2111 +             .with_metadata(column_mapping_metadata(1))])
2112 +             .make_physical(mode)
2113 +             .into();
2114 +             let parquet_schema = Arc::new(ArrowSchema::new(vec![
2115 +                 ArrowField::new(parquet_name(0, mode), ArrowDataType::Int32, false)
2116 +                     .with_metadata(arrow_fid(0)),
2117 +                 ArrowField::new(
2118 +                     parquet_name(1, mode),
2119 +                     ArrowDataType::List(Arc::new(
2120 +                         ArrowField::new(parquet_name(2, mode), ArrowDataType::Int32, false)
2121 +                             .with_metadata(arrow_fid(2)),
2122 +                     )),
2123 +                     false,
2124 +                 )
2125 +                 .with_metadata(arrow_fid(1)),
2126 +             ]));
2127 +             let (mask_indices, reorder_indices) =
2128 +                 get_requested_indices(&requested_schema, &parquet_schema).unwrap();
2129 +             let expect_mask = vec![1];
2130 +             let expect_reorder = vec![ReorderIndex::identity(0)];
2131 +             assert_eq!(mask_indices, expect_mask);
2132 +             assert_eq!(reorder_indices, expect_reorder);
2133 +         }
     |

warning: needless use of `for_each`
    --> kernel/src/engine/arrow_utils.rs:2138:9
     |
2138 | /         column_mapping_cases().into_iter().for_each(|mode| {
2139 | |             let requested_schema = StructType::new_unchecked([
2140 | |                 StructField::not_null(logical_name(0), DataType::INTEGER)
2141 | |                     .with_metadata(column_mapping_metadata(0)),
...    |
2197 | |             assert_eq!(reorder_indices, expect_reorder);
2198 | |         });
     | |___________^
     |
     = help: for further information visit https://rust-lang.github.io/rust-clippy/master/index.html#needless_for_each
help: try
     |
2138 ~         for mode in column_mapping_cases().into_iter() {
2139 +             let requested_schema = StructType::new_unchecked([
2140 +                 StructField::not_null(logical_name(0), DataType::INTEGER)
2141 +                     .with_metadata(column_mapping_metadata(0)),
2142 +                 StructField::not_null(
2143 +                     logical_name(1),
2144 +                     ArrayType::new(
2145 +                         StructType::new_unchecked([
2146 +                             StructField::not_null(logical_name(3), DataType::INTEGER)
2147 +                                 .with_metadata(column_mapping_metadata(3)),
2148 +                             StructField::not_null(logical_name(4), DataType::STRING)
2149 +                                 .with_metadata(column_mapping_metadata(4)),
2150 +                         ])
2151 +                         .into(),
2152 +                         false,
2153 +                     ),
2154 +                 )
2155 +                 .with_metadata(column_mapping_metadata(1)),
2156 +                 StructField::not_null(logical_name(2), DataType::INTEGER)
2157 +                     .with_metadata(column_mapping_metadata(2)),
2158 +             ])
2159 +             .make_physical(mode)
2160 +             .into();
2161 +             let parquet_schema = Arc::new(ArrowSchema::new(vec![
2162 +                 ArrowField::new(parquet_name(0, mode), ArrowDataType::Int32, false)
2163 +                     .with_metadata(arrow_fid(0)),
2164 +                 ArrowField::new(
2165 +                     parquet_name(1, mode),
2166 +                     ArrowDataType::List(Arc::new(ArrowField::new(
2167 +                         "nested",
2168 +                         ArrowDataType::Struct(
2169 +                             vec![
2170 +                                 ArrowField::new(parquet_name(3, mode), ArrowDataType::Int32, false)
2171 +                                     .with_metadata(arrow_fid(3)),
2172 +                                 ArrowField::new(parquet_name(4, mode), ArrowDataType::Utf8, false)
2173 +                                     .with_metadata(arrow_fid(4)),
2174 +                             ]
2175 +                             .into(),
2176 +                         ),
2177 +                         false,
2178 +                     ))),
2179 +                     false,
2180 +                 )
2181 +                 .with_metadata(arrow_fid(1)),
2182 +                 ArrowField::new(parquet_name(2, mode), ArrowDataType::Int32, false)
2183 +                     .with_metadata(arrow_fid(2)),
2184 +             ]));
2185 +             let (mask_indices, reorder_indices) =
2186 +                 get_requested_indices(&requested_schema, &parquet_schema).unwrap();
2187 +             let expect_mask = vec![0, 1, 2, 3];
2188 +             let expect_reorder = vec![
2189 +                 ReorderIndex::identity(0),
2190 +                 ReorderIndex::nested(
2191 +                     1,
2192 +                     vec![ReorderIndex::identity(0), ReorderIndex::identity(1)],
2193 +                 ),
2194 +                 ReorderIndex::identity(2),
2195 +             ];
2196 +             assert_eq!(mask_indices, expect_mask);
2197 +             assert_eq!(reorder_indices, expect_reorder);
2198 +         }
     |

warning: needless use of `for_each`
    --> kernel/src/engine/arrow_utils.rs:2203:9
     |
2203 | /         column_mapping_cases().into_iter().for_each(|mode| {
2204 | |             let requested_schema = StructType::new_unchecked([
2205 | |                 StructField::not_null(logical_name(1), DataType::INTEGER)
2206 | |                     .with_metadata(column_mapping_metadata(1)),
...    |
2241 | |             assert_eq!(reorder_indices, expect_reorder);
2242 | |         });
     | |___________^
     |
     = help: for further information visit https://rust-lang.github.io/rust-clippy/master/index.html#needless_for_each
help: try
     |
2203 ~         for mode in column_mapping_cases().into_iter() {
2204 +             let requested_schema = StructType::new_unchecked([
2205 +                 StructField::not_null(logical_name(1), DataType::INTEGER)
2206 +                     .with_metadata(column_mapping_metadata(1)),
2207 +                 StructField::not_null(logical_name(3), DataType::INTEGER)
2208 +                     .with_metadata(column_mapping_metadata(3)),
2209 +             ])
2210 +             .make_physical(mode)
2211 +             .into();
2212 +             let parquet_schema = Arc::new(ArrowSchema::new(vec![
2213 +                 ArrowField::new(parquet_name(1, mode), ArrowDataType::Int32, false)
2214 +                     .with_metadata(arrow_fid(1)),
2215 +                 ArrowField::new(
2216 +                     parquet_name(2, mode),
2217 +                     ArrowDataType::List(Arc::new(ArrowField::new(
2218 +                         "nested",
2219 +                         ArrowDataType::Struct(
2220 +                             vec![
2221 +                                 ArrowField::new(parquet_name(4, mode), ArrowDataType::Int32, false)
2222 +                                     .with_metadata(arrow_fid(4)),
2223 +                                 ArrowField::new(parquet_name(5, mode), ArrowDataType::Utf8, false)
2224 +                                     .with_metadata(arrow_fid(5)),
2225 +                             ]
2226 +                             .into(),
2227 +                         ),
2228 +                         false,
2229 +                     ))),
2230 +                     false,
2231 +                 )
2232 +                 .with_metadata(arrow_fid(2)),
2233 +                 ArrowField::new(parquet_name(3, mode), ArrowDataType::Int32, false)
2234 +                     .with_metadata(arrow_fid(3)),
2235 +             ]));
2236 +             let (mask_indices, reorder_indices) =
2237 +                 get_requested_indices(&requested_schema, &parquet_schema).unwrap();
2238 +             let expect_mask = vec![0, 3];
2239 +             let expect_reorder = vec![ReorderIndex::identity(0), ReorderIndex::identity(1)];
2240 +             assert_eq!(mask_indices, expect_mask);
2241 +             assert_eq!(reorder_indices, expect_reorder);
2242 +         }
     |

warning: needless use of `for_each`
    --> kernel/src/engine/arrow_utils.rs:2247:9
     |
2247 | /         column_mapping_cases().into_iter().for_each(|mode| {
2248 | |             let requested_schema = StructType::new_unchecked([
2249 | |                 StructField::not_null(logical_name(1), DataType::INTEGER)
2250 | |                     .with_metadata(column_mapping_metadata(1)),
...    |
2302 | |             assert_eq!(reorder_indices, expect_reorder);
2303 | |         });
     | |___________^
     |
     = help: for further information visit https://rust-lang.github.io/rust-clippy/master/index.html#needless_for_each
help: try
     |
2247 ~         for mode in column_mapping_cases().into_iter() {
2248 +             let requested_schema = StructType::new_unchecked([
2249 +                 StructField::not_null(logical_name(1), DataType::INTEGER)
2250 +                     .with_metadata(column_mapping_metadata(1)),
2251 +                 StructField::not_null(
2252 +                     logical_name(2),
2253 +                     ArrayType::new(
2254 +                         StructType::new_unchecked([StructField::not_null(
2255 +                             logical_name(4),
2256 +                             DataType::INTEGER,
2257 +                         )
2258 +                         .with_metadata(column_mapping_metadata(4))])
2259 +                         .into(),
2260 +                         false,
2261 +                     ),
2262 +                 )
2263 +                 .with_metadata(column_mapping_metadata(2)),
2264 +                 StructField::not_null(logical_name(3), DataType::INTEGER)
2265 +                     .with_metadata(column_mapping_metadata(3)),
2266 +             ])
2267 +             .make_physical(mode)
2268 +             .into();
2269 +             let parquet_schema = Arc::new(ArrowSchema::new(vec![
2270 +                 ArrowField::new(parquet_name(1, mode), ArrowDataType::Int32, false)
2271 +                     .with_metadata(arrow_fid(1)),
2272 +                 ArrowField::new(
2273 +                     parquet_name(2, mode),
2274 +                     ArrowDataType::List(Arc::new(ArrowField::new(
2275 +                         "nested",
2276 +                         ArrowDataType::Struct(
2277 +                             vec![
2278 +                                 ArrowField::new(parquet_name(4, mode), ArrowDataType::Int32, false)
2279 +                                     .with_metadata(arrow_fid(4)),
2280 +                                 ArrowField::new(parquet_name(5, mode), ArrowDataType::Utf8, false)
2281 +                                     .with_metadata(arrow_fid(5)),
2282 +                             ]
2283 +                             .into(),
2284 +                         ),
2285 +                         false,
2286 +                     ))),
2287 +                     false,
2288 +                 )
2289 +                 .with_metadata(arrow_fid(2)),
2290 +                 ArrowField::new(parquet_name(3, mode), ArrowDataType::Int32, false)
2291 +                     .with_metadata(arrow_fid(3)),
2292 +             ]));
2293 +             let (mask_indices, reorder_indices) =
2294 +                 get_requested_indices(&requested_schema, &parquet_schema).unwrap();
2295 +             let expect_mask = vec![0, 1, 3];
2296 +             let expect_reorder = vec![
2297 +                 ReorderIndex::identity(0),
2298 +                 ReorderIndex::nested(1, vec![ReorderIndex::identity(0)]),
2299 +                 ReorderIndex::identity(2),
2300 +             ];
2301 +             assert_eq!(mask_indices, expect_mask);
2302 +             assert_eq!(reorder_indices, expect_reorder);
2303 +         }
     |

warning: needless use of `for_each`
    --> kernel/src/engine/arrow_utils.rs:2308:9
     |
2308 | /         column_mapping_cases().into_iter().for_each(|mode| {
2309 | |             let requested_schema = StructType::new_unchecked([
2310 | |                 StructField::not_null(logical_name(1), DataType::INTEGER)
2311 | |                     .with_metadata(column_mapping_metadata(1)),
...    |
2369 | |             assert_eq!(reorder_indices, expect_reorder);
2370 | |         });
     | |___________^
     |
     = help: for further information visit https://rust-lang.github.io/rust-clippy/master/index.html#needless_for_each
help: try
     |
2308 ~         for mode in column_mapping_cases().into_iter() {
2309 +             let requested_schema = StructType::new_unchecked([
2310 +                 StructField::not_null(logical_name(1), DataType::INTEGER)
2311 +                     .with_metadata(column_mapping_metadata(1)),
2312 +                 StructField::not_null(
2313 +                     logical_name(2),
2314 +                     ArrayType::new(
2315 +                         StructType::new_unchecked([
2316 +                             StructField::not_null(logical_name(6), DataType::STRING)
2317 +                                 .with_metadata(column_mapping_metadata(6)),
2318 +                             StructField::not_null(logical_name(5), DataType::INTEGER)
2319 +                                 .with_metadata(column_mapping_metadata(5)),
2320 +                         ])
2321 +                         .into(),
2322 +                         false,
2323 +                     ),
2324 +                 )
2325 +                 .with_metadata(column_mapping_metadata(2)),
2326 +                 StructField::not_null(logical_name(3), DataType::INTEGER)
2327 +                     .with_metadata(column_mapping_metadata(3)),
2328 +             ])
2329 +             .make_physical(mode)
2330 +             .into();
2331 +             let parquet_schema = Arc::new(ArrowSchema::new(vec![
2332 +                 ArrowField::new(parquet_name(1, mode), ArrowDataType::Int32, false)
2333 +                     .with_metadata(arrow_fid(1)),
2334 +                 ArrowField::new(
2335 +                     parquet_name(2, mode),
2336 +                     ArrowDataType::List(Arc::new(ArrowField::new(
2337 +                         "nested",
2338 +                         ArrowDataType::Struct(
2339 +                             vec![
2340 +                                 ArrowField::new(parquet_name(4, mode), ArrowDataType::Int32, false)
2341 +                                     .with_metadata(arrow_fid(4)),
2342 +                                 ArrowField::new(parquet_name(5, mode), ArrowDataType::Int32, false)
2343 +                                     .with_metadata(arrow_fid(5)),
2344 +                                 ArrowField::new(parquet_name(6, mode), ArrowDataType::Utf8, false)
2345 +                                     .with_metadata(arrow_fid(6)),
2346 +                             ]
2347 +                             .into(),
2348 +                         ),
2349 +                         false,
2350 +                     ))),
2351 +                     false,
2352 +                 )
2353 +                 .with_metadata(arrow_fid(2)),
2354 +                 ArrowField::new(parquet_name(3, mode), ArrowDataType::Int32, false)
2355 +                     .with_metadata(arrow_fid(3)),
2356 +             ]));
2357 +             let (mask_indices, reorder_indices) =
2358 +                 get_requested_indices(&requested_schema, &parquet_schema).unwrap();
2359 +             let expect_mask = vec![0, 2, 3, 4];
2360 +             let expect_reorder = vec![
2361 +                 ReorderIndex::identity(0),
2362 +                 ReorderIndex::nested(
2363 +                     1,
2364 +                     vec![ReorderIndex::identity(1), ReorderIndex::identity(0)],
2365 +                 ),
2366 +                 ReorderIndex::identity(2),
2367 +             ];
2368 +             assert_eq!(mask_indices, expect_mask);
2369 +             assert_eq!(reorder_indices, expect_reorder);
2370 +         }
     |

warning: needless use of `for_each`
    --> kernel/src/engine/arrow_utils.rs:2375:9
     |
2375 | /         column_mapping_cases().into_iter().for_each(|mode| {
2376 | |             let requested_schema = StructType::new_unchecked([
2377 | |                 StructField::not_null(logical_name(1), DataType::INTEGER)
2378 | |                     .with_metadata(column_mapping_metadata(1)),
...    |
2440 | |             assert_eq!(reorder_indices, expect_reorder);
2441 | |         });
     | |___________^
     |
     = help: for further information visit https://rust-lang.github.io/rust-clippy/master/index.html#needless_for_each
help: try
     |
2375 ~         for mode in column_mapping_cases().into_iter() {
2376 +             let requested_schema = StructType::new_unchecked([
2377 +                 StructField::not_null(logical_name(1), DataType::INTEGER)
2378 +                     .with_metadata(column_mapping_metadata(1)),
2379 +                 StructField::not_null(
2380 +                     logical_name(2),
2381 +                     StructType::new_unchecked([
2382 +                         StructField::not_null(logical_name(4), DataType::INTEGER)
2383 +                             .with_metadata(column_mapping_metadata(4)),
2384 +                         StructField::not_null(logical_name(5), DataType::STRING)
2385 +                             .with_metadata(column_mapping_metadata(5)),
2386 +                     ]),
2387 +                 )
2388 +                 .with_metadata(column_mapping_metadata(2)),
2389 +                 StructField::not_null(logical_name(3), DataType::INTEGER)
2390 +                     .with_metadata(column_mapping_metadata(3)),
2391 +             ])
2392 +             .make_physical(mode)
2393 +             .into();
2394 +             let parquet_schema = Arc::new(ArrowSchema::new(vec![
2395 +                 ArrowField::new(
2396 +                     "skipped",
2397 +                     ArrowDataType::Struct(
2398 +                         vec![
2399 +                             ArrowField::new(parquet_name(7, mode), ArrowDataType::Int32, false)
2400 +                                 .with_metadata(arrow_fid(7)),
2401 +                             ArrowField::new(parquet_name(8, mode), ArrowDataType::Utf8, false)
2402 +                                 .with_metadata(arrow_fid(8)),
2403 +                         ]
2404 +                         .into(),
2405 +                     ),
2406 +                     false,
2407 +                 )
2408 +                 .with_metadata(arrow_fid(6)),
2409 +                 ArrowField::new(parquet_name(3, mode), ArrowDataType::Int32, false)
2410 +                     .with_metadata(arrow_fid(3)),
2411 +                 ArrowField::new(
2412 +                     parquet_name(2, mode),
2413 +                     ArrowDataType::Struct(
2414 +                         vec![
2415 +                             ArrowField::new(parquet_name(4, mode), ArrowDataType::Int32, false)
2416 +                                 .with_metadata(arrow_fid(4)),
2417 +                             ArrowField::new(parquet_name(5, mode), ArrowDataType::Utf8, false)
2418 +                                 .with_metadata(arrow_fid(5)),
2419 +                         ]
2420 +                         .into(),
2421 +                     ),
2422 +                     false,
2423 +                 )
2424 +                 .with_metadata(arrow_fid(2)),
2425 +                 ArrowField::new(parquet_name(1, mode), ArrowDataType::Int32, false)
2426 +                     .with_metadata(arrow_fid(1)),
2427 +             ]));
2428 +             let (mask_indices, reorder_indices) =
2429 +                 get_requested_indices(&requested_schema, &parquet_schema).unwrap();
2430 +             let expect_mask = vec![2, 3, 4, 5];
2431 +             let expect_reorder = vec![
2432 +                 ReorderIndex::identity(2),
2433 +                 ReorderIndex::nested(
2434 +                     1,
2435 +                     vec![ReorderIndex::identity(0), ReorderIndex::identity(1)],
2436 +                 ),
2437 +                 ReorderIndex::identity(0),
2438 +             ];
2439 +             assert_eq!(mask_indices, expect_mask);
2440 +             assert_eq!(reorder_indices, expect_reorder);
2441 +         }
     |

warning: this argument is passed by value, but not consumed in the function body
    --> kernel/src/engine/arrow_utils.rs:2698:67
     |
2698 |                 fn assert_col_order(field: &ArrowField, expected: Vec<&str>) {
     |                                                                   ^^^^^^^^^ help: consider changing the type to: `&[&str]`
     |
     = help: for further information visit https://rust-lang.github.io/rust-clippy/master/index.html#needless_pass_by_value

warning: needless use of `for_each`
    --> kernel/src/engine/arrow_utils.rs:2719:9
     |
2719 | /         column_mapping_cases().into_iter().for_each(|mode| {
2720 | |             let requested_schema = StructType::new_unchecked([
2721 | |                 StructField::nullable(logical_name(1), DataType::STRING)
2722 | |                     .with_metadata(column_mapping_metadata(1)),
...    |
2757 | |             assert_eq!(reorder_indices, expect_reorder);
2758 | |         });
     | |___________^
     |
     = help: for further information visit https://rust-lang.github.io/rust-clippy/master/index.html#needless_for_each
help: try
     |
2719 ~         for mode in column_mapping_cases().into_iter() {
2720 +             let requested_schema = StructType::new_unchecked([
2721 +                 StructField::nullable(logical_name(1), DataType::STRING)
2722 +                     .with_metadata(column_mapping_metadata(1)),
2723 +                 StructField::nullable(logical_name(2), DataType::INTEGER)
2724 +                     .with_metadata(column_mapping_metadata(2)),
2725 +             ])
2726 +             .make_physical(mode)
2727 +             .into();
2728 +             let nots_field =
2729 +                 ArrowField::new("NOTs", ArrowDataType::Utf8, true).with_metadata(arrow_fid(3));
2730 +             let noti2_field =
2731 +                 ArrowField::new("NOTi2", ArrowDataType::Int32, true).with_metadata(arrow_fid(4));
2732 +             let parquet_schema = Arc::new(ArrowSchema::new(vec![
2733 +                 nots_field.clone(),
2734 +                 noti2_field.clone(),
2735 +             ]));
2736 +             let (mask_indices, reorder_indices) =
2737 +                 get_requested_indices(&requested_schema, &parquet_schema).unwrap();
2738 +             let expect_mask: Vec<usize> = vec![];
2739 + 
2740 +             // Build expected arrow fields
2741 +             let mut fields = requested_schema.fields();
2742 +             let metadata1 = fields.next().unwrap().metadata_with_string_values();
2743 +             let metadata2 = fields.next().unwrap().metadata_with_string_values();
2744 +             let expected_field1 = ArrowField::new(parquet_name(1, mode), ArrowDataType::Utf8, true)
2745 +                 .with_metadata(metadata1)
2746 +                 .into();
2747 +             let expected_field2 =
2748 +                 ArrowField::new(parquet_name(2, mode), ArrowDataType::Int32, true)
2749 +                     .with_metadata(metadata2)
2750 +                     .into();
2751 + 
2752 +             let expect_reorder = vec![
2753 +                 ReorderIndex::missing(0, expected_field1),
2754 +                 ReorderIndex::missing(1, expected_field2),
2755 +             ];
2756 +             assert_eq!(mask_indices, expect_mask);
2757 +             assert_eq!(reorder_indices, expect_reorder);
2758 +         }
     |

warning: it is more concise to loop over containers instead of using explicit iteration methods
   --> kernel/src/engine/default/filesystem.rs:303:21
    |
303 |         for meta in files.into_iter() {
    |                     ^^^^^^^^^^^^^^^^^ help: to write this more concisely, try: `files`
    |
    = help: for further information visit https://rust-lang.github.io/rust-clippy/master/index.html#explicit_into_iter_loop

warning: casting `i64` to `u64` may lose the sign of the value
   --> kernel/src/engine/default/filesystem.rs:397:47
    |
397 |         let meta_time = Duration::from_millis(file_meta.last_modified as u64);
    |                                               ^^^^^^^^^^^^^^^^^^^^^^^^^^^^^^
    |
    = help: for further information visit https://rust-lang.github.io/rust-clippy/master/index.html#cast_sign_loss

warning: it is more concise to loop over references to containers instead of using explicit iteration methods
   --> kernel/src/engine/default/json.rs:327:24
    |
327 |             for key in ordered_keys.iter() {
    |                        ^^^^^^^^^^^^^^^^^^^ help: to write this more concisely, try: `&ordered_keys`
    |
    = help: for further information visit https://rust-lang.github.io/rust-clippy/master/index.html#explicit_iter_loop

warning: only a `panic!` in `if`-then statement
   --> kernel/src/engine/default/json.rs:328:17
    |
328 | /                 if !seen.insert(key) {
329 | |                     panic!("Duplicate key in OrderedGetStore: {key}");
330 | |                 }
    | |_________________^ help: try instead: `assert!(seen.insert(key), "Duplicate key in OrderedGetStore: {key}");`
    |
    = help: for further information visit https://rust-lang.github.io/rust-clippy/master/index.html#manual_assert
    = note: `-W clippy::manual-assert` implied by `-W clippy::pedantic`
    = help: to override `-W clippy::pedantic` add `#[allow(clippy::manual_assert)]`

warning: this function's return value is unnecessary
   --> kernel/src/engine/default/json.rs:655:5
    |
655 |     fn test_read_invalid_json() -> Result<(), Box<dyn std::error::Error>> {
    |     ^^^^^^^^^^^^^^^^^^^^^^^^^^^^^^^^^^^^^^^^^^^^^^^^^^^^^^^^^^^^^^^^^^^^^
    |
    = help: for further information visit https://rust-lang.github.io/rust-clippy/master/index.html#unnecessary_wraps
help: remove the return type...
    |
655 -     fn test_read_invalid_json() -> Result<(), Box<dyn std::error::Error>> {
655 +     fn test_read_invalid_json() -> () {
    |
help: ...and then remove returned values
    |
696 -         Ok(())
    |

warning: casting `usize` to `i64` may wrap around the value on targets with 64-bit wide pointers
   --> kernel/src/engine/default/parquet.rs:532:49
    |
532 |             vec![Arc::new(Int64Array::from(vec![num_records as i64]))],
    |                                                 ^^^^^^^^^^^^^^^^^^
    |
    = help: for further information visit https://rust-lang.github.io/rust-clippy/master/index.html#cast_possible_wrap

warning: casting `u64` to `i64` may wrap around the value
   --> kernel/src/engine/default/parquet.rs:543:48
    |
543 |                 Arc::new(Int64Array::from(vec![size as i64])),
    |                                                ^^^^^^^^^^^
    |
    = help: for further information visit https://rust-lang.github.io/rust-clippy/master/index.html#cast_possible_wrap

warning: item in documentation is missing backticks
   --> kernel/src/engine/default/storage.rs:117:56
    |
117 |     /// Example funciton of doing testing of a custom [HdfsObjectStore] construction
    |                                                        ^^^^^^^^^^^^^^^
    |
    = help: for further information visit https://rust-lang.github.io/rust-clippy/master/index.html#doc_markdown
help: try
    |
117 -     /// Example funciton of doing testing of a custom [HdfsObjectStore] construction
117 +     /// Example funciton of doing testing of a custom [`HdfsObjectStore`] construction
    |

warning: matching over `()` is more explicit
  --> kernel/src/engine/sync/json.rs:61:23
   |
61 |             .map_err(|_| crate::Error::generic("sync client can only read local files"))?;
   |                       ^ help: use `()` instead of `_`: `()`
   |
   = help: for further information visit https://rust-lang.github.io/rust-clippy/master/index.html#ignored_unit_patterns

warning: this argument is passed by value, but not consumed in the function body
  --> kernel/src/engine/sync/parquet.rs:20:13
   |
20 |     schema: SchemaRef,
   |             ^^^^^^^^^
   |
   = help: for further information visit https://rust-lang.github.io/rust-clippy/master/index.html#needless_pass_by_value
help: consider taking a reference instead
   |
20 |     schema: &SchemaRef,
   |             +

warning: calling `ArrowReaderOptions::default()` is more clear than this expression
  --> kernel/src/engine/sync/parquet.rs:24:53
   |
24 |     let metadata = ArrowReaderMetadata::load(&file, Default::default())?;
   |                                                     ^^^^^^^^^^^^^^^^^^ help: try: `ArrowReaderOptions::default()`
   |
   = help: for further information visit https://rust-lang.github.io/rust-clippy/master/index.html#default_trait_access

warning: redundant closure
  --> kernel/src/engine/sync/parquet.rs:41:43
   |
41 |     let mut row_indexes = row_indexes.map(|rb| rb.build()).transpose()?;
   |                                           ^^^^^^^^^^^^^^^ help: replace the closure with the method itself: `super::super::arrow_utils::RowIndexBuilder::build`
   |
   = help: for further information visit https://rust-lang.github.io/rust-clippy/master/index.html#redundant_closure_for_method_calls

warning: matching over `()` is more explicit
  --> kernel/src/engine/sync/storage.rs:19:27
   |
19 |                 .map_err(|_| Error::Generic(format!("Invalid path for list_from: {url_path:?}")))?;
   |                           ^ help: use `()` instead of `_`: `()`
   |
   = help: for further information visit https://rust-lang.github.io/rust-clippy/master/index.html#ignored_unit_patterns

warning: redundant closure
  --> kernel/src/engine/sync/storage.rs:47:32
   |
47 |                 .sorted_by_key(|ent| ent.path())
   |                                ^^^^^^^^^^^^^^^^ help: replace the closure with the method itself: `std::fs::DirEntry::path`
   |
   = help: for further information visit https://rust-lang.github.io/rust-clippy/master/index.html#redundant_closure_for_method_calls

warning: redundant closure
  --> kernel/src/engine/sync/storage.rs:65:43
   |
65 |                         bytes_vec_res.map(|bytes_vec| bytes_vec.into());
   |                                           ^^^^^^^^^^^^^^^^^^^^^^^^^^^^ help: replace the closure with the method itself: `std::convert::Into::into`
   |
   = help: for further information visit https://rust-lang.github.io/rust-clippy/master/index.html#redundant_closure_for_method_calls

warning: it is more concise to loop over references to containers instead of using explicit iteration methods
   --> kernel/src/engine/sync/storage.rs:119:21
    |
119 |         for meta in files.iter() {
    |                     ^^^^^^^^^^^^ help: to write this more concisely, try: `&files`
    |
    = help: for further information visit https://rust-lang.github.io/rust-clippy/master/index.html#explicit_iter_loop

warning: all fields have the same postfix: `handler`
  --> kernel/src/engine/sync/mod.rs:23:1
   |
23 | / pub(crate) struct SyncEngine {
24 | |     storage_handler: Arc<storage::SyncStorageHandler>,
25 | |     json_handler: Arc<json::SyncJsonHandler>,
26 | |     parquet_handler: Arc<parquet::SyncParquetHandler>,
27 | |     evaluation_handler: Arc<ArrowEvaluationHandler>,
28 | | }
   | |_^
   |
   = help: remove the postfixes
   = help: for further information visit https://rust-lang.github.io/rust-clippy/master/index.html#struct_field_names
   = note: `-W clippy::struct-field-names` implied by `-W clippy::pedantic`
   = help: to override `-W clippy::pedantic` add `#[allow(clippy::struct_field_names)]`

warning: matching over `()` is more explicit
  --> kernel/src/engine/sync/mod.rs:86:27
   |
86 |                 .map_err(|_| Error::generic("can only read local files"))?;
   |                           ^ help: use `()` instead of `_`: `()`
   |
   = help: for further information visit https://rust-lang.github.io/rust-clippy/master/index.html#ignored_unit_patterns

warning: adding items after statements is confusing, since items exist from the start of the scope
   --> kernel/src/engine/arrow_data.rs:794:9
    |
794 | /         struct BinaryVisitor {
795 | |             values: Vec<Option<Vec<u8>>>,
796 | |         }
    | |_________^
    |
    = help: for further information visit https://rust-lang.github.io/rust-clippy/master/index.html#items_after_statements

warning: adding items after statements is confusing, since items exist from the start of the scope
   --> kernel/src/engine/arrow_data.rs:798:9
    |
798 | /         impl RowVisitor for BinaryVisitor {
799 | |             fn selected_column_names_and_types(
800 | |                 &self,
801 | |             ) -> (&'static [ColumnName], &'static [DataType]) {
...   |
822 | |         }
    | |_________^
    |
    = help: for further information visit https://rust-lang.github.io/rust-clippy/master/index.html#items_after_statements

warning: redundant closure
   --> kernel/src/engine/arrow_data.rs:818:65
    |
818 |                         .push(getter.get_binary(i, "data")?.map(|b| b.to_vec()));
    |                                                                 ^^^^^^^^^^^^^^ help: replace the closure with the method itself: `<[u8]>::to_vec`
    |
    = help: for further information visit https://rust-lang.github.io/rust-clippy/master/index.html#redundant_closure_for_method_calls

warning: adding items after statements is confusing, since items exist from the start of the scope
   --> kernel/src/engine/arrow_data.rs:860:9
    |
860 | /         struct BinaryVisitor {
861 | |             values: Vec<Option<Vec<u8>>>,
862 | |         }
    | |_________^
    |
    = help: for further information visit https://rust-lang.github.io/rust-clippy/master/index.html#items_after_statements

warning: adding items after statements is confusing, since items exist from the start of the scope
   --> kernel/src/engine/arrow_data.rs:864:9
    |
864 | /         impl RowVisitor for BinaryVisitor {
865 | |             fn selected_column_names_and_types(
866 | |                 &self,
867 | |             ) -> (&'static [ColumnName], &'static [DataType]) {
...   |
888 | |         }
    | |_________^
    |
    = help: for further information visit https://rust-lang.github.io/rust-clippy/master/index.html#items_after_statements

warning: redundant closure
   --> kernel/src/engine/arrow_data.rs:884:65
    |
884 |                         .push(getter.get_binary(i, "data")?.map(|b| b.to_vec()));
    |                                                                 ^^^^^^^^^^^^^^ help: replace the closure with the method itself: `<[u8]>::to_vec`
    |
    = help: for further information visit https://rust-lang.github.io/rust-clippy/master/index.html#redundant_closure_for_method_calls

warning: usage of `FromIterator::from_iter`
   --> kernel/src/engine/ensure_data_types.rs:127:25
    |
127 |                         HashSet::from_iter(arrow_fields.iter().map(|f| f.name()));
    |                         ^^^^^^^^^^^^^^^^^^^^^^^^^^^^^^^^^^^^^^^^^^^^^^^^^^^^^^^^^ help: use `.collect()` instead of `::from_iter()`: `arrow_fields.iter().map(|f| f.name()).collect::<HashSet<_>>()`
    |
    = help: for further information visit https://rust-lang.github.io/rust-clippy/master/index.html#from_iter_instead_of_collect

warning: consider adding a `;` to the last statement for consistent formatting
   --> kernel/src/engine/ensure_data_types.rs:349:9
    |
349 | /         assert_result_error_with_message(
350 | |             ensure_data_types(
351 | |                 &DataType::unshredded_variant(),
352 | |                 &incorrect_variant_arrow_type(),
...   |
355 | |             "Invalid argument error: Incorrect datatype",
356 | |         )
    | |_________^
    |
    = help: for further information visit https://rust-lang.github.io/rust-clippy/master/index.html#semicolon_if_nothing_returned
help: add a `;` here
    |
356 |         assert_result_error_with_message(
...
362 |             "Invalid argument error: Incorrect datatype",
363 ~         );
    |

warning: consider adding a `;` to the last statement for consistent formatting
   --> kernel/src/engine/ensure_data_types.rs:367:9
    |
367 | /         assert_result_error_with_message(
368 | |             ensure_data_types(
369 | |                 &DataType::decimal(5, 2).unwrap(),
370 | |                 &ArrowDataType::Decimal128(5, 3),
...   |
373 | |             "Invalid argument error: Incorrect datatype. Expected Decimal128(5, 2), got Decimal128(5, 3)",
374 | |         )
    | |_________^
    |
    = help: for further information visit https://rust-lang.github.io/rust-clippy/master/index.html#semicolon_if_nothing_returned
help: add a `;` here
    |
374 |         assert_result_error_with_message(
...
380 |             "Invalid argument error: Incorrect datatype. Expected Decimal128(5, 2), got Decimal128(5, 3)",
381 ~         );
    |

warning: this function has too many lines (321/100)
   --> kernel/src/engine/parquet_row_group_skipping/tests.rs:38:1
    |
 38 | / fn test_get_stat_values() {
 39 | |     let file = File::open("./tests/data/parquet_row_group_skipping/part-00000-b92e017a-50ba-4676-8322-48fc371c2b59-c000.snappy.parquet")....
 40 | |     let metadata = ArrowReaderMetadata::load(&file, Default::default()).unwrap();
...   |
436 | |     );
437 | | }
    | |_^
    |
    = help: for further information visit https://rust-lang.github.io/rust-clippy/master/index.html#too_many_lines

warning: calling `ArrowReaderOptions::default()` is more clear than this expression
  --> kernel/src/engine/parquet_row_group_skipping/tests.rs:40:53
   |
40 |     let metadata = ArrowReaderMetadata::load(&file, Default::default()).unwrap();
   |                                                     ^^^^^^^^^^^^^^^^^^ help: try: `ArrowReaderOptions::default()`
   |
   = help: for further information visit https://rust-lang.github.io/rust-clippy/master/index.html#default_trait_access

warning: unused `async` for function with no await statements
   --> kernel/src/engine/default/executor.rs:219:9
    |
219 | /         async fn test_executor(executor: impl TaskExecutor) {
220 | |             // Can run a task
221 | |             let task = async {
222 | |                 tokio::time::sleep(std::time::Duration::from_millis(10)).await;
...   |
235 | |             assert_eq!(result, 4);
236 | |         }
    | |_________^
    |
    = help: consider removing the `async` from this function
note: `await` used in an async block, which does not require the enclosing function to be `async`
   --> kernel/src/engine/default/executor.rs:222:74
    |
222 |                 tokio::time::sleep(std::time::Duration::from_millis(10)).await;
    |                                                                          ^^^^^
    = help: for further information visit https://rust-lang.github.io/rust-clippy/master/index.html#unused_async
    = note: `-W clippy::unused-async` implied by `-W clippy::pedantic`
    = help: to override `-W clippy::pedantic` add `#[allow(clippy::unused_async)]`

warning: `delta_kernel` (lib test) generated 1134 warnings (784 duplicates) (run `cargo clippy --fix --lib -p delta_kernel --tests` to apply 120 suggestions)
    Finished `dev` profile [unoptimized + debuginfo] target(s) in 9.96s
