
*** baseline

*** /Users/branko.grbic/.rustup/toolchains/stable-aarch64-apple-darwin/bin/cargo test --no-run --verbose --package=delta_kernel@0.18.2 --features=default-engine-rustls
       Fresh unicode-ident v1.0.24
       Fresh cfg-if v1.0.4
       Fresh version_check v0.9.5
       Fresh autocfg v1.5.1
       Fresh bytes v1.12.1
       Fresh bitflags v2.13.1
       Fresh memchr v2.8.3
       Fresh once_cell v1.21.4
       Fresh core-foundation-sys v0.8.7
       Fresh proc-macro2 v1.0.107
       Fresh smallvec v1.15.2
       Fresh pin-project-lite v0.2.17
       Fresh itoa v1.0.18
       Fresh stable_deref_trait v1.2.1
       Fresh find-msvc-tools v0.1.11
       Fresh shlex v2.0.1
       Fresh quote v1.0.47
       Fresh libm v0.2.16
       Fresh serde_core v1.0.229
       Fresh libc v0.2.189
       Fresh futures-core v0.3.34
       Fresh iana-time-zone v0.1.65
       Fresh typenum v1.20.1
       Fresh futures-sink v0.3.34
       Fresh siphasher v1.0.3
       Fresh slab v0.4.12
       Fresh arrow-schema v57.3.1
       Fresh syn v2.0.119
       Fresh syn v3.0.3
       Fresh num-traits v0.2.19
       Fresh getrandom v0.3.4
       Fresh jobserver v0.1.35
       Fresh generic-array v0.14.7
       Fresh socket2 v0.6.5
       Fresh mio v1.2.2
       Fresh phf_shared v0.12.1
       Fresh futures-channel v0.3.34
       Fresh writeable v0.6.4
       Fresh litemap v0.8.3
       Fresh errno v0.3.14
       Fresh zerocopy-derive v0.8.56
       Fresh serde_derive v1.0.229
       Fresh synstructure v0.13.2
       Fresh cc v1.4.3
       Fresh zerovec-derive v0.11.4
       Fresh displaydoc v0.2.7
       Fresh num-integer v0.1.47
       Fresh tokio-macros v2.7.2
       Fresh phf v0.12.1
       Fresh futures-macro v0.3.34
       Fresh num-complex v0.4.6
       Fresh crypto-common v0.1.7
       Fresh either v1.17.0
       Fresh futures-task v0.3.34
       Fresh utf8_iter v1.0.4
       Fresh futures-io v0.3.34
       Fresh hashbrown v0.16.1
       Fresh zerocopy v0.8.56
       Fresh serde v1.0.229
       Fresh zerofrom-derive v0.1.7
       Fresh yoke-derive v0.8.2
       Fresh num-bigint v0.4.8
       Fresh tokio v1.53.1
       Fresh log v0.4.33
       Fresh futures-util v0.3.34
       Fresh tracing-attributes v0.1.31
       Fresh http v1.5.0
       Fresh tracing-core v0.1.36
       Fresh aho-corasick v1.1.5
       Fresh regex-syntax v0.8.11
       Fresh zerofrom v0.1.8
       Fresh half v2.7.1
       Fresh chrono v0.4.45
       Fresh ahash v0.8.12
       Fresh equivalent v1.0.2
       Fresh zeroize v1.9.0
       Fresh hashbrown v0.17.1
       Fresh subtle v2.6.1
       Fresh base64 v0.22.1
       Fresh percent-encoding v2.3.2
       Fresh scopeguard v1.2.0
       Fresh icu_normalizer_data v2.3.0
       Fresh parking_lot_core v0.9.12
       Fresh tracing v0.1.44
       Fresh regex-automata v0.4.18
       Fresh yoke v0.8.3
       Fresh arrow-buffer v57.3.1
       Fresh chrono-tz v0.10.4
       Fresh rustls-pki-types v1.15.1
       Fresh lock_api v0.4.14
       Fresh indexmap v2.14.0
       Fresh icu_properties_data v2.3.0
       Fresh lexical-util v1.0.7
       Fresh ryu v1.0.23
       Fresh http-body v1.1.0
       Fresh getrandom v0.2.17
       Fresh untrusted v0.9.0
       Fresh semver v1.0.28
       Fresh zerovec v0.11.7
       Fresh arrow-data v57.3.1
       Fresh zerotrie v0.2.5
       Fresh parking_lot v0.12.5
       Fresh heck v0.5.0
       Fresh rustc_version v0.4.1
       Fresh ring v0.17.14
       Fresh form_urlencoded v1.2.2
       Fresh tokio-util v0.7.19
       Fresh try-lock v0.2.5
       Fresh tower-service v0.3.3
       Fresh fnv v1.0.7
       Fresh tinystr v0.8.4
       Fresh potential_utf v0.1.6
       Fresh arrow-array v57.3.1
       Fresh zmij v1.0.23
       Fresh atomic-waker v1.1.2
       Fresh want v0.3.1
       Fresh rustversion v1.0.23
       Fresh rustls-webpki v0.103.14
       Fresh rustix v0.38.44
       Fresh lexical-parse-integer v1.0.6
       Fresh lexical-write-integer v1.0.6
       Fresh itertools v0.14.0
       Fresh block-buffer v0.10.4
       Fresh core-foundation v0.10.1
       Fresh security-framework-sys v2.17.0
       Fresh icu_locale_core v2.3.0
       Fresh icu_collections v2.3.0
       Fresh arrow-select v57.3.1
       Fresh serde_json v1.0.151
       Fresh httparse v1.10.1
       Fresh h2 v0.4.15
       Fresh pkg-config v0.3.34
       Fresh rand_core v0.10.1
       Fresh lexical-write-float v1.0.6
       Fresh digest v0.10.7
       Fresh security-framework v3.7.0
       Fresh lexical-parse-float v1.0.6
       Fresh strum_macros v0.26.4
       Fresh crossterm v0.28.1
       Fresh regex v1.13.1
       Fresh icu_provider v2.3.0
       Fresh rustls v0.23.43
       Fresh hyper v1.11.0
       Fresh ppv-lite86 v0.2.21
       Fresh block-padding v0.3.3
       Fresh rand_core v0.9.5
       Fresh sync_wrapper v1.0.2
       Fresh ipnet v2.12.1
       Fresh tower-layer v0.3.3
       Fresh strum v0.26.3
       Fresh unicode-width v0.2.2
       Fresh arrow-ord v57.3.1
       Fresh rustls-native-certs v0.8.4
       Fresh lexical-core v1.0.6
       Fresh icu_normalizer v2.3.0
       Fresh icu_properties v2.3.0
       Fresh tower v0.5.3
       Fresh tokio-rustls v0.26.4
       Fresh inout v0.1.4
       Fresh hyper-util v0.1.20
       Fresh getrandom v0.4.3
       Fresh rand_chacha v0.9.0
       Fresh comfy-table v7.1.2
       Fresh futures-executor v0.3.34
       Fresh atoi v2.0.0
       Fresh thiserror-impl v2.0.20
       Fresh same-file v1.0.6
       Fresh idna_adapter v1.2.2
       Fresh arrow-cast v57.3.1
       Fresh rand v0.9.5
       Fresh hyper-rustls v0.27.9
       Fresh walkdir v2.5.0
       Fresh futures v0.3.34
       Fresh cipher v0.4.4
       Fresh thiserror v2.0.20
       Fresh chacha20 v0.10.1
       Fresh md-5 v0.10.6
       Fresh serde_urlencoded v0.7.1
       Fresh http-body-util v0.1.5
       Fresh alloc-no-stdlib v2.0.4
       Fresh idna v1.1.0
       Fresh alloc-stdlib v0.2.4
       Fresh rand v0.10.2
       Fresh flatbuffers v25.12.19
       Fresh anyhow v1.0.104
       Fresh zstd-sys v2.0.16+zstd.1.5.7
       Fresh rustls-pemfile v2.2.0
       Fresh quick-xml v0.38.4
       Fresh async-trait v0.1.92
       Fresh csv-core v0.1.13
       Fresh byteorder v1.5.0
       Fresh url v2.5.8
       Fresh crossbeam-utils v0.8.22
       Fresh simdutf8 v0.1.5
       Fresh humantime v2.4.0
       Fresh crc-catalog v2.5.0
       Fresh csv v1.4.0
       Fresh prost-derive v0.14.4
       Fresh zstd-safe v7.2.4
       Fresh uuid v1.24.1
       Fresh brotli-decompressor v5.0.3
       Fresh arrow-ipc v57.3.1
       Fresh ordered-float v2.10.1
       Fresh tower-http v0.6.11
       Fresh crossbeam-epoch v0.9.20
       Fresh rustix v1.1.4
       Fresh crc v3.4.0
       Fresh twox-hash v2.1.3
       Fresh zlib-rs v0.6.7
       Fresh integer-encoding v3.0.4
       Fresh g2poly v1.2.2
       Fresh arrow-csv v57.3.1
       Fresh arrow-json v57.3.1
       Fresh snap v1.1.2
       Fresh prost v0.14.4
       Fresh zstd v0.13.3
       Fresh paste v1.0.15
       Fresh brotli v8.0.4
       Fresh reqwest v0.12.28
       Fresh g2gen v1.2.2
       Fresh flate2 v1.1.9
       Fresh thrift v0.17.0
       Fresh lz4_flex v0.12.2
       Fresh crossbeam-deque v0.8.7
       Fresh arrow-string v57.3.1
       Fresh arrow-row v57.3.1
       Fresh arrow-arith v57.3.1
       Fresh strum_macros v0.27.2
       Dirty delta_kernel v0.18.2 (/private/var/folders/d1/npqv18yn4vjdnbjs_lyc555m0000gp/T/cargo-mutants-delta-kernel-rs-Ez6R38.tmp/kernel): the file `kernel/build.rs` has changed (1788379977.799264000s, 5m 22s after last build at 1788379655.729844711s)
   Compiling delta_kernel v0.18.2 (/private/var/folders/d1/npqv18yn4vjdnbjs_lyc555m0000gp/T/cargo-mutants-delta-kernel-rs-Ez6R38.tmp/kernel)
       Fresh cpufeatures v0.2.17
       Fresh ciborium-io v0.2.2
       Fresh lazy_static v1.5.0
       Fresh seq-macro v0.3.6
     Running `/Users/branko.grbic/.rustup/toolchains/stable-aarch64-apple-darwin/bin/rustc --crate-name build_script_build --edition=2021 kernel/build.rs --error-format=json --json=diagnostic-rendered-ansi,artifacts,future-incompat --crate-type bin --emit=dep-info,link -C embed-bitcode=no --cfg 'feature="arrow"' --cfg 'feature="arrow-57"' --cfg 'feature="arrow-conversion"' --cfg 'feature="arrow-expression"' --cfg 'feature="catalog-managed"' --cfg 'feature="comfy-table"' --cfg 'feature="default"' --cfg 'feature="default-engine-base"' --cfg 'feature="default-engine-rustls"' --cfg 'feature="futures"' --cfg 'feature="internal-api"' --cfg 'feature="need-arrow"' --cfg 'feature="object_store"' --cfg 'feature="reqwest"' --cfg 'feature="tokio"' --check-cfg 'cfg(docsrs,test)' --check-cfg 'cfg(feature, values("arrow", "arrow-55", "arrow-56", "arrow-57", "arrow-conversion", "arrow-expression", "catalog-managed", "comfy-table", "default", "default-engine-base", "default-engine-native-tls", "default-engine-rustls", "futures", "integration-test", "internal-api", "need-arrow", "object_store", "reqwest", "tokio"))' -C metadata=f88c1f7925f7d7e0 -C extra-filename=-9dfa84c494d7826c --out-dir /var/folders/d1/npqv18yn4vjdnbjs_lyc555m0000gp/T/cursor-sandbox-cache/cdbffc07cc4039eb8b1fbd660be2a30a/cargo-target/debug/build/delta_kernel-9dfa84c494d7826c -C incremental=/var/folders/d1/npqv18yn4vjdnbjs_lyc555m0000gp/T/cursor-sandbox-cache/cdbffc07cc4039eb8b1fbd660be2a30a/cargo-target/debug/incremental -L dependency=/var/folders/d1/npqv18yn4vjdnbjs_lyc555m0000gp/T/cursor-sandbox-cache/cdbffc07cc4039eb8b1fbd660be2a30a/cargo-target/debug/deps --extern rustc_version=/var/folders/d1/npqv18yn4vjdnbjs_lyc555m0000gp/T/cursor-sandbox-cache/cdbffc07cc4039eb8b1fbd660be2a30a/cargo-target/debug/deps/librustc_version-ef9c647dd1d09952.rlib`
       Fresh object_store v0.12.5
       Fresh anstyle v1.0.14
       Fresh bytemuck v1.25.2
       Fresh plotters-backend v0.3.7
       Fresh clap_lex v1.1.0
       Fresh g2p v1.2.2
       Fresh arrow v57.3.1
       Fresh sharded-slab v0.1.7
       Fresh rayon-core v1.13.0
       Fresh strum v0.27.2
       Fresh ciborium-ll v0.2.2
       Fresh aes v0.8.4
       Fresh prost-types v0.14.4
       Fresh xattr v1.6.1
       Fresh ctr v0.9.2
       Fresh plotters-svg v0.3.7
       Fresh clap_builder v4.6.6
       Fresh roaring v0.11.5
       Fresh parquet v57.3.1
       Fresh cbc v0.1.2
       Fresh des v0.8.1
       Fresh hmac v0.12.1
       Fresh matchers v0.2.0
       Fresh itertools v0.10.5
       Dirty delta_kernel_derive v0.18.2 (/private/var/folders/d1/npqv18yn4vjdnbjs_lyc555m0000gp/T/cargo-mutants-delta-kernel-rs-Ez6R38.tmp/derive-macros): the file `derive-macros/src/lib.rs` has changed (1788379977.702186000s, 5m 22s after last build at 1788379655.735464466s)
   Compiling delta_kernel_derive v0.18.2 (/private/var/folders/d1/npqv18yn4vjdnbjs_lyc555m0000gp/T/cargo-mutants-delta-kernel-rs-Ez6R38.tmp/derive-macros)
       Fresh dns-lookup v2.1.1
       Fresh test-log-core v0.2.21
       Fresh filetime v0.2.29
       Fresh roxmltree v0.21.1
       Fresh libloading v0.8.9
       Fresh thread_local v1.1.10
     Running `/Users/branko.grbic/.rustup/toolchains/stable-aarch64-apple-darwin/bin/rustc --crate-name delta_kernel_derive --edition=2021 derive-macros/src/lib.rs --error-format=json --json=diagnostic-rendered-ansi,artifacts,future-incompat --crate-type proc-macro --emit=dep-info,link -C prefer-dynamic -C embed-bitcode=no --check-cfg 'cfg(docsrs,test)' --check-cfg 'cfg(feature, values())' -C metadata=7fca65d2adeb0b47 -C extra-filename=-44965556c8eb6a56 --out-dir /var/folders/d1/npqv18yn4vjdnbjs_lyc555m0000gp/T/cursor-sandbox-cache/cdbffc07cc4039eb8b1fbd660be2a30a/cargo-target/debug/deps -C incremental=/var/folders/d1/npqv18yn4vjdnbjs_lyc555m0000gp/T/cursor-sandbox-cache/cdbffc07cc4039eb8b1fbd660be2a30a/cargo-target/debug/incremental -L dependency=/var/folders/d1/npqv18yn4vjdnbjs_lyc555m0000gp/T/cursor-sandbox-cache/cdbffc07cc4039eb8b1fbd660be2a30a/cargo-target/debug/deps --extern proc_macro2=/var/folders/d1/npqv18yn4vjdnbjs_lyc555m0000gp/T/cursor-sandbox-cache/cdbffc07cc4039eb8b1fbd660be2a30a/cargo-target/debug/deps/libproc_macro2-781a691b16ebbd91.rlib --extern quote=/var/folders/d1/npqv18yn4vjdnbjs_lyc555m0000gp/T/cursor-sandbox-cache/cdbffc07cc4039eb8b1fbd660be2a30a/cargo-target/debug/deps/libquote-12dd444256a1fd5f.rlib --extern syn=/var/folders/d1/npqv18yn4vjdnbjs_lyc555m0000gp/T/cursor-sandbox-cache/cdbffc07cc4039eb8b1fbd660be2a30a/cargo-target/debug/deps/libsyn-e7d396cd1189f36f.rlib --extern proc_macro`
       Fresh fastrand v2.5.0
       Fresh bumpalo v3.20.3
       Fresh hex v0.4.3
       Fresh whoami v1.6.1
       Fresh cast v0.3.0
       Fresh z85 v3.0.7
       Fresh tar v0.4.46
       Fresh test-log-macros v0.2.21
       Fresh plotters v0.3.7
       Fresh tracing-subscriber v0.3.23
       Fresh clap v4.6.6
       Fresh ciborium v0.2.2
       Fresh rayon v1.12.0
       Fresh tinytemplate v1.2.1
       Fresh is-terminal v0.4.17
       Fresh hdfs-native v0.12.4
       Fresh criterion-plot v0.5.0
       Fresh tempfile v3.27.0
       Fresh anes v0.1.6
       Fresh oorandom v11.1.5
       Fresh test-log v0.2.21
       Fresh criterion v0.5.1
       Fresh hdfs-native-object-store v0.15.0
     Running `/var/folders/d1/npqv18yn4vjdnbjs_lyc555m0000gp/T/cursor-sandbox-cache/cdbffc07cc4039eb8b1fbd660be2a30a/cargo-target/debug/build/delta_kernel-9dfa84c494d7826c/build-script-build`
     Running `/Users/branko.grbic/.rustup/toolchains/stable-aarch64-apple-darwin/bin/rustc --crate-name delta_kernel --edition=2021 kernel/src/lib.rs --error-format=json --json=diagnostic-rendered-ansi,artifacts,future-incompat --crate-type lib --emit=dep-info,metadata,link -C embed-bitcode=no -C debuginfo=2 -C split-debuginfo=unpacked --cfg 'feature="arrow"' --cfg 'feature="arrow-57"' --cfg 'feature="arrow-conversion"' --cfg 'feature="arrow-expression"' --cfg 'feature="catalog-managed"' --cfg 'feature="comfy-table"' --cfg 'feature="default"' --cfg 'feature="default-engine-base"' --cfg 'feature="default-engine-rustls"' --cfg 'feature="futures"' --cfg 'feature="internal-api"' --cfg 'feature="need-arrow"' --cfg 'feature="object_store"' --cfg 'feature="reqwest"' --cfg 'feature="tokio"' --check-cfg 'cfg(docsrs,test)' --check-cfg 'cfg(feature, values("arrow", "arrow-55", "arrow-56", "arrow-57", "arrow-conversion", "arrow-expression", "catalog-managed", "comfy-table", "default", "default-engine-base", "default-engine-native-tls", "default-engine-rustls", "futures", "integration-test", "internal-api", "need-arrow", "object_store", "reqwest", "tokio"))' -C metadata=19c254d0b0bdafac -C extra-filename=-a282ec8623aedbd9 --out-dir /var/folders/d1/npqv18yn4vjdnbjs_lyc555m0000gp/T/cursor-sandbox-cache/cdbffc07cc4039eb8b1fbd660be2a30a/cargo-target/debug/deps -C incremental=/var/folders/d1/npqv18yn4vjdnbjs_lyc555m0000gp/T/cursor-sandbox-cache/cdbffc07cc4039eb8b1fbd660be2a30a/cargo-target/debug/incremental -L dependency=/var/folders/d1/npqv18yn4vjdnbjs_lyc555m0000gp/T/cursor-sandbox-cache/cdbffc07cc4039eb8b1fbd660be2a30a/cargo-target/debug/deps --extern arrow_57=/var/folders/d1/npqv18yn4vjdnbjs_lyc555m0000gp/T/cursor-sandbox-cache/cdbffc07cc4039eb8b1fbd660be2a30a/cargo-target/debug/deps/libarrow-e79edf40bc4fa7b9.rmeta --extern bytes=/var/folders/d1/npqv18yn4vjdnbjs_lyc555m0000gp/T/cursor-sandbox-cache/cdbffc07cc4039eb8b1fbd660be2a30a/cargo-target/debug/deps/libbytes-5c4907bd10d2945f.rmeta --extern chrono=/var/folders/d1/npqv18yn4vjdnbjs_lyc555m0000gp/T/cursor-sandbox-cache/cdbffc07cc4039eb8b1fbd660be2a30a/cargo-target/debug/deps/libchrono-e684da12fbcc7b68.rmeta --extern comfy_table=/var/folders/d1/npqv18yn4vjdnbjs_lyc555m0000gp/T/cursor-sandbox-cache/cdbffc07cc4039eb8b1fbd660be2a30a/cargo-target/debug/deps/libcomfy_table-1351f7bfef342faa.rmeta --extern crc=/var/folders/d1/npqv18yn4vjdnbjs_lyc555m0000gp/T/cursor-sandbox-cache/cdbffc07cc4039eb8b1fbd660be2a30a/cargo-target/debug/deps/libcrc-d0fbbe2deca0ed2d.rmeta --extern delta_kernel_derive=/var/folders/d1/npqv18yn4vjdnbjs_lyc555m0000gp/T/cursor-sandbox-cache/cdbffc07cc4039eb8b1fbd660be2a30a/cargo-target/debug/deps/libdelta_kernel_derive-44965556c8eb6a56.dylib --extern futures=/var/folders/d1/npqv18yn4vjdnbjs_lyc555m0000gp/T/cursor-sandbox-cache/cdbffc07cc4039eb8b1fbd660be2a30a/cargo-target/debug/deps/libfutures-9eb06a5d71853af7.rmeta --extern indexmap=/var/folders/d1/npqv18yn4vjdnbjs_lyc555m0000gp/T/cursor-sandbox-cache/cdbffc07cc4039eb8b1fbd660be2a30a/cargo-target/debug/deps/libindexmap-0825d60958f68f34.rmeta --extern itertools=/var/folders/d1/npqv18yn4vjdnbjs_lyc555m0000gp/T/cursor-sandbox-cache/cdbffc07cc4039eb8b1fbd660be2a30a/cargo-target/debug/deps/libitertools-f87846342801b08c.rmeta --extern object_store=/var/folders/d1/npqv18yn4vjdnbjs_lyc555m0000gp/T/cursor-sandbox-cache/cdbffc07cc4039eb8b1fbd660be2a30a/cargo-target/debug/deps/libobject_store-619993584b2663ca.rmeta --extern parquet_57=/var/folders/d1/npqv18yn4vjdnbjs_lyc555m0000gp/T/cursor-sandbox-cache/cdbffc07cc4039eb8b1fbd660be2a30a/cargo-target/debug/deps/libparquet-f462bbb9fd6d98d8.rmeta --extern reqwest=/var/folders/d1/npqv18yn4vjdnbjs_lyc555m0000gp/T/cursor-sandbox-cache/cdbffc07cc4039eb8b1fbd660be2a30a/cargo-target/debug/deps/libreqwest-1a4adf6ab088ca35.rmeta --extern roaring=/var/folders/d1/npqv18yn4vjdnbjs_lyc555m0000gp/T/cursor-sandbox-cache/cdbffc07cc4039eb8b1fbd660be2a30a/cargo-target/debug/deps/libroaring-caee5ac0028ac4ed.rmeta --extern serde=/var/folders/d1/npqv18yn4vjdnbjs_lyc555m0000gp/T/cursor-sandbox-cache/cdbffc07cc4039eb8b1fbd660be2a30a/cargo-target/debug/deps/libserde-f31fa6c5ecf2781f.rmeta --extern serde_json=/var/folders/d1/npqv18yn4vjdnbjs_lyc555m0000gp/T/cursor-sandbox-cache/cdbffc07cc4039eb8b1fbd660be2a30a/cargo-target/debug/deps/libserde_json-d71cc06d72bea842.rmeta --extern strum=/var/folders/d1/npqv18yn4vjdnbjs_lyc555m0000gp/T/cursor-sandbox-cache/cdbffc07cc4039eb8b1fbd660be2a30a/cargo-target/debug/deps/libstrum-f148eaff53d6bfe4.rmeta --extern thiserror=/var/folders/d1/npqv18yn4vjdnbjs_lyc555m0000gp/T/cursor-sandbox-cache/cdbffc07cc4039eb8b1fbd660be2a30a/cargo-target/debug/deps/libthiserror-17cb3212f4aa9cb4.rmeta --extern tokio=/var/folders/d1/npqv18yn4vjdnbjs_lyc555m0000gp/T/cursor-sandbox-cache/cdbffc07cc4039eb8b1fbd660be2a30a/cargo-target/debug/deps/libtokio-6a8ff76823e999e9.rmeta --extern tracing=/var/folders/d1/npqv18yn4vjdnbjs_lyc555m0000gp/T/cursor-sandbox-cache/cdbffc07cc4039eb8b1fbd660be2a30a/cargo-target/debug/deps/libtracing-c9c42c5f650bdd2f.rmeta --extern url=/var/folders/d1/npqv18yn4vjdnbjs_lyc555m0000gp/T/cursor-sandbox-cache/cdbffc07cc4039eb8b1fbd660be2a30a/cargo-target/debug/deps/liburl-e4d782eed577703a.rmeta --extern uuid=/var/folders/d1/npqv18yn4vjdnbjs_lyc555m0000gp/T/cursor-sandbox-cache/cdbffc07cc4039eb8b1fbd660be2a30a/cargo-target/debug/deps/libuuid-fb68ccda50578e1a.rmeta --extern z85=/var/folders/d1/npqv18yn4vjdnbjs_lyc555m0000gp/T/cursor-sandbox-cache/cdbffc07cc4039eb8b1fbd660be2a30a/cargo-target/debug/deps/libz85-796c5c3b6dbf8f95.rmeta -L native=/var/folders/d1/npqv18yn4vjdnbjs_lyc555m0000gp/T/cursor-sandbox-cache/cdbffc07cc4039eb8b1fbd660be2a30a/cargo-target/debug/build/ring-5d0e202365689600/out -L native=/var/folders/d1/npqv18yn4vjdnbjs_lyc555m0000gp/T/cursor-sandbox-cache/cdbffc07cc4039eb8b1fbd660be2a30a/cargo-target/debug/build/zstd-sys-d657c915fef83898/out --check-cfg 'cfg(NIGHTLY_CHANNEL)'`
       Dirty test_utils v0.18.2 (/private/var/folders/d1/npqv18yn4vjdnbjs_lyc555m0000gp/T/cargo-mutants-delta-kernel-rs-Ez6R38.tmp/test-utils): dependency info changed
   Compiling test_utils v0.18.2 (/private/var/folders/d1/npqv18yn4vjdnbjs_lyc555m0000gp/T/cargo-mutants-delta-kernel-rs-Ez6R38.tmp/test-utils)
     Running `/Users/branko.grbic/.rustup/toolchains/stable-aarch64-apple-darwin/bin/rustc --crate-name test_utils --edition=2021 test-utils/src/lib.rs --error-format=json --json=diagnostic-rendered-ansi,artifacts,future-incompat --crate-type lib --emit=dep-info,metadata,link -C embed-bitcode=no -C debuginfo=2 -C split-debuginfo=unpacked --check-cfg 'cfg(docsrs,test)' --check-cfg 'cfg(feature, values())' -C metadata=64b5b6a1a89c9a9a -C extra-filename=-46336ca9eddfe375 --out-dir /var/folders/d1/npqv18yn4vjdnbjs_lyc555m0000gp/T/cursor-sandbox-cache/cdbffc07cc4039eb8b1fbd660be2a30a/cargo-target/debug/deps -C incremental=/var/folders/d1/npqv18yn4vjdnbjs_lyc555m0000gp/T/cursor-sandbox-cache/cdbffc07cc4039eb8b1fbd660be2a30a/cargo-target/debug/incremental -L dependency=/var/folders/d1/npqv18yn4vjdnbjs_lyc555m0000gp/T/cursor-sandbox-cache/cdbffc07cc4039eb8b1fbd660be2a30a/cargo-target/debug/deps --extern delta_kernel=/var/folders/d1/npqv18yn4vjdnbjs_lyc555m0000gp/T/cursor-sandbox-cache/cdbffc07cc4039eb8b1fbd660be2a30a/cargo-target/debug/deps/libdelta_kernel-a282ec8623aedbd9.rmeta --extern itertools=/var/folders/d1/npqv18yn4vjdnbjs_lyc555m0000gp/T/cursor-sandbox-cache/cdbffc07cc4039eb8b1fbd660be2a30a/cargo-target/debug/deps/libitertools-f87846342801b08c.rmeta --extern object_store=/var/folders/d1/npqv18yn4vjdnbjs_lyc555m0000gp/T/cursor-sandbox-cache/cdbffc07cc4039eb8b1fbd660be2a30a/cargo-target/debug/deps/libobject_store-619993584b2663ca.rmeta --extern serde_json=/var/folders/d1/npqv18yn4vjdnbjs_lyc555m0000gp/T/cursor-sandbox-cache/cdbffc07cc4039eb8b1fbd660be2a30a/cargo-target/debug/deps/libserde_json-d71cc06d72bea842.rmeta --extern tar=/var/folders/d1/npqv18yn4vjdnbjs_lyc555m0000gp/T/cursor-sandbox-cache/cdbffc07cc4039eb8b1fbd660be2a30a/cargo-target/debug/deps/libtar-51c5114f18f0440a.rmeta --extern tempfile=/var/folders/d1/npqv18yn4vjdnbjs_lyc555m0000gp/T/cursor-sandbox-cache/cdbffc07cc4039eb8b1fbd660be2a30a/cargo-target/debug/deps/libtempfile-cd405412dac4304a.rmeta --extern url=/var/folders/d1/npqv18yn4vjdnbjs_lyc555m0000gp/T/cursor-sandbox-cache/cdbffc07cc4039eb8b1fbd660be2a30a/cargo-target/debug/deps/liburl-e4d782eed577703a.rmeta --extern uuid=/var/folders/d1/npqv18yn4vjdnbjs_lyc555m0000gp/T/cursor-sandbox-cache/cdbffc07cc4039eb8b1fbd660be2a30a/cargo-target/debug/deps/libuuid-fb68ccda50578e1a.rmeta --extern zstd=/var/folders/d1/npqv18yn4vjdnbjs_lyc555m0000gp/T/cursor-sandbox-cache/cdbffc07cc4039eb8b1fbd660be2a30a/cargo-target/debug/deps/libzstd-c547ddfa61c4e1a5.rmeta -L native=/var/folders/d1/npqv18yn4vjdnbjs_lyc555m0000gp/T/cursor-sandbox-cache/cdbffc07cc4039eb8b1fbd660be2a30a/cargo-target/debug/build/ring-5d0e202365689600/out -L native=/var/folders/d1/npqv18yn4vjdnbjs_lyc555m0000gp/T/cursor-sandbox-cache/cdbffc07cc4039eb8b1fbd660be2a30a/cargo-target/debug/build/zstd-sys-d657c915fef83898/out`
     Running `/Users/branko.grbic/.rustup/toolchains/stable-aarch64-apple-darwin/bin/rustc --crate-name row_tracking --edition=2021 kernel/tests/row_tracking.rs --error-format=json --json=diagnostic-rendered-ansi,artifacts,future-incompat --emit=dep-info,link -C embed-bitcode=no -C debuginfo=2 -C split-debuginfo=unpacked --test --cfg 'feature="arrow"' --cfg 'feature="arrow-57"' --cfg 'feature="arrow-conversion"' --cfg 'feature="arrow-expression"' --cfg 'feature="catalog-managed"' --cfg 'feature="comfy-table"' --cfg 'feature="default"' --cfg 'feature="default-engine-base"' --cfg 'feature="default-engine-rustls"' --cfg 'feature="futures"' --cfg 'feature="internal-api"' --cfg 'feature="need-arrow"' --cfg 'feature="object_store"' --cfg 'feature="reqwest"' --cfg 'feature="tokio"' --check-cfg 'cfg(docsrs,test)' --check-cfg 'cfg(feature, values("arrow", "arrow-55", "arrow-56", "arrow-57", "arrow-conversion", "arrow-expression", "catalog-managed", "comfy-table", "default", "default-engine-base", "default-engine-native-tls", "default-engine-rustls", "futures", "integration-test", "internal-api", "need-arrow", "object_store", "reqwest", "tokio"))' -C metadata=c0e40873a65625ea -C extra-filename=-c03aa1932408aa5e --out-dir /var/folders/d1/npqv18yn4vjdnbjs_lyc555m0000gp/T/cursor-sandbox-cache/cdbffc07cc4039eb8b1fbd660be2a30a/cargo-target/debug/deps -C incremental=/var/folders/d1/npqv18yn4vjdnbjs_lyc555m0000gp/T/cursor-sandbox-cache/cdbffc07cc4039eb8b1fbd660be2a30a/cargo-target/debug/incremental -L dependency=/var/folders/d1/npqv18yn4vjdnbjs_lyc555m0000gp/T/cursor-sandbox-cache/cdbffc07cc4039eb8b1fbd660be2a30a/cargo-target/debug/deps --extern arrow_57=/var/folders/d1/npqv18yn4vjdnbjs_lyc555m0000gp/T/cursor-sandbox-cache/cdbffc07cc4039eb8b1fbd660be2a30a/cargo-target/debug/deps/libarrow-e79edf40bc4fa7b9.rlib --extern async_trait=/var/folders/d1/npqv18yn4vjdnbjs_lyc555m0000gp/T/cursor-sandbox-cache/cdbffc07cc4039eb8b1fbd660be2a30a/cargo-target/debug/deps/libasync_trait-910430bd99bb2ae5.dylib --extern bytes=/var/folders/d1/npqv18yn4vjdnbjs_lyc555m0000gp/T/cursor-sandbox-cache/cdbffc07cc4039eb8b1fbd660be2a30a/cargo-target/debug/deps/libbytes-5c4907bd10d2945f.rlib --extern chrono=/var/folders/d1/npqv18yn4vjdnbjs_lyc555m0000gp/T/cursor-sandbox-cache/cdbffc07cc4039eb8b1fbd660be2a30a/cargo-target/debug/deps/libchrono-e684da12fbcc7b68.rlib --extern comfy_table=/var/folders/d1/npqv18yn4vjdnbjs_lyc555m0000gp/T/cursor-sandbox-cache/cdbffc07cc4039eb8b1fbd660be2a30a/cargo-target/debug/deps/libcomfy_table-1351f7bfef342faa.rlib --extern crc=/var/folders/d1/npqv18yn4vjdnbjs_lyc555m0000gp/T/cursor-sandbox-cache/cdbffc07cc4039eb8b1fbd660be2a30a/cargo-target/debug/deps/libcrc-d0fbbe2deca0ed2d.rlib --extern criterion=/var/folders/d1/npqv18yn4vjdnbjs_lyc555m0000gp/T/cursor-sandbox-cache/cdbffc07cc4039eb8b1fbd660be2a30a/cargo-target/debug/deps/libcriterion-7662270df347a1f5.rlib --extern delta_kernel=/var/folders/d1/npqv18yn4vjdnbjs_lyc555m0000gp/T/cursor-sandbox-cache/cdbffc07cc4039eb8b1fbd660be2a30a/cargo-target/debug/deps/libdelta_kernel-a282ec8623aedbd9.rlib --extern delta_kernel=/var/folders/d1/npqv18yn4vjdnbjs_lyc555m0000gp/T/cursor-sandbox-cache/cdbffc07cc4039eb8b1fbd660be2a30a/cargo-target/debug/deps/libdelta_kernel-a282ec8623aedbd9.rlib --extern delta_kernel_derive=/var/folders/d1/npqv18yn4vjdnbjs_lyc555m0000gp/T/cursor-sandbox-cache/cdbffc07cc4039eb8b1fbd660be2a30a/cargo-target/debug/deps/libdelta_kernel_derive-44965556c8eb6a56.dylib --extern futures=/var/folders/d1/npqv18yn4vjdnbjs_lyc555m0000gp/T/cursor-sandbox-cache/cdbffc07cc4039eb8b1fbd660be2a30a/cargo-target/debug/deps/libfutures-9eb06a5d71853af7.rlib --extern hdfs_native=/var/folders/d1/npqv18yn4vjdnbjs_lyc555m0000gp/T/cursor-sandbox-cache/cdbffc07cc4039eb8b1fbd660be2a30a/cargo-target/debug/deps/libhdfs_native-dd3815c51dd644a4.rlib --extern hdfs_native_object_store=/var/folders/d1/npqv18yn4vjdnbjs_lyc555m0000gp/T/cursor-sandbox-cache/cdbffc07cc4039eb8b1fbd660be2a30a/cargo-target/debug/deps/libhdfs_native_object_store-e9b7dfdb098786f2.rlib --extern indexmap=/var/folders/d1/npqv18yn4vjdnbjs_lyc555m0000gp/T/cursor-sandbox-cache/cdbffc07cc4039eb8b1fbd660be2a30a/cargo-target/debug/deps/libindexmap-0825d60958f68f34.rlib --extern itertools=/var/folders/d1/npqv18yn4vjdnbjs_lyc555m0000gp/T/cursor-sandbox-cache/cdbffc07cc4039eb8b1fbd660be2a30a/cargo-target/debug/deps/libitertools-f87846342801b08c.rlib --extern object_store=/var/folders/d1/npqv18yn4vjdnbjs_lyc555m0000gp/T/cursor-sandbox-cache/cdbffc07cc4039eb8b1fbd660be2a30a/cargo-target/debug/deps/libobject_store-619993584b2663ca.rlib --extern parquet_57=/var/folders/d1/npqv18yn4vjdnbjs_lyc555m0000gp/T/cursor-sandbox-cache/cdbffc07cc4039eb8b1fbd660be2a30a/cargo-target/debug/deps/libparquet-f462bbb9fd6d98d8.rlib --extern paste=/var/folders/d1/npqv18yn4vjdnbjs_lyc555m0000gp/T/cursor-sandbox-cache/cdbffc07cc4039eb8b1fbd660be2a30a/cargo-target/debug/deps/libpaste-dd236cf9aec8acf9.dylib --extern reqwest=/var/folders/d1/npqv18yn4vjdnbjs_lyc555m0000gp/T/cursor-sandbox-cache/cdbffc07cc4039eb8b1fbd660be2a30a/cargo-target/debug/deps/libreqwest-1a4adf6ab088ca35.rlib --extern roaring=/var/folders/d1/npqv18yn4vjdnbjs_lyc555m0000gp/T/cursor-sandbox-cache/cdbffc07cc4039eb8b1fbd660be2a30a/cargo-target/debug/deps/libroaring-caee5ac0028ac4ed.rlib --extern serde=/var/folders/d1/npqv18yn4vjdnbjs_lyc555m0000gp/T/cursor-sandbox-cache/cdbffc07cc4039eb8b1fbd660be2a30a/cargo-target/debug/deps/libserde-f31fa6c5ecf2781f.rlib --extern serde_json=/var/folders/d1/npqv18yn4vjdnbjs_lyc555m0000gp/T/cursor-sandbox-cache/cdbffc07cc4039eb8b1fbd660be2a30a/cargo-target/debug/deps/libserde_json-d71cc06d72bea842.rlib --extern strum=/var/folders/d1/npqv18yn4vjdnbjs_lyc555m0000gp/T/cursor-sandbox-cache/cdbffc07cc4039eb8b1fbd660be2a30a/cargo-target/debug/deps/libstrum-f148eaff53d6bfe4.rlib --extern tempfile=/var/folders/d1/npqv18yn4vjdnbjs_lyc555m0000gp/T/cursor-sandbox-cache/cdbffc07cc4039eb8b1fbd660be2a30a/cargo-target/debug/deps/libtempfile-cd405412dac4304a.rlib --extern test_log=/var/folders/d1/npqv18yn4vjdnbjs_lyc555m0000gp/T/cursor-sandbox-cache/cdbffc07cc4039eb8b1fbd660be2a30a/cargo-target/debug/deps/libtest_log-2b58b1aaeb90cac1.rlib --extern test_utils=/var/folders/d1/npqv18yn4vjdnbjs_lyc555m0000gp/T/cursor-sandbox-cache/cdbffc07cc4039eb8b1fbd660be2a30a/cargo-target/debug/deps/libtest_utils-46336ca9eddfe375.rlib --extern thiserror=/var/folders/d1/npqv18yn4vjdnbjs_lyc555m0000gp/T/cursor-sandbox-cache/cdbffc07cc4039eb8b1fbd660be2a30a/cargo-target/debug/deps/libthiserror-17cb3212f4aa9cb4.rlib --extern tokio=/var/folders/d1/npqv18yn4vjdnbjs_lyc555m0000gp/T/cursor-sandbox-cache/cdbffc07cc4039eb8b1fbd660be2a30a/cargo-target/debug/deps/libtokio-6a8ff76823e999e9.rlib --extern tracing=/var/folders/d1/npqv18yn4vjdnbjs_lyc555m0000gp/T/cursor-sandbox-cache/cdbffc07cc4039eb8b1fbd660be2a30a/cargo-target/debug/deps/libtracing-c9c42c5f650bdd2f.rlib --extern tracing_subscriber=/var/folders/d1/npqv18yn4vjdnbjs_lyc555m0000gp/T/cursor-sandbox-cache/cdbffc07cc4039eb8b1fbd660be2a30a/cargo-target/debug/deps/libtracing_subscriber-fc1a96310b3988e6.rlib --extern url=/var/folders/d1/npqv18yn4vjdnbjs_lyc555m0000gp/T/cursor-sandbox-cache/cdbffc07cc4039eb8b1fbd660be2a30a/cargo-target/debug/deps/liburl-e4d782eed577703a.rlib --extern uuid=/var/folders/d1/npqv18yn4vjdnbjs_lyc555m0000gp/T/cursor-sandbox-cache/cdbffc07cc4039eb8b1fbd660be2a30a/cargo-target/debug/deps/libuuid-fb68ccda50578e1a.rlib --extern walkdir=/var/folders/d1/npqv18yn4vjdnbjs_lyc555m0000gp/T/cursor-sandbox-cache/cdbffc07cc4039eb8b1fbd660be2a30a/cargo-target/debug/deps/libwalkdir-d6d31327a1cd5093.rlib --extern z85=/var/folders/d1/npqv18yn4vjdnbjs_lyc555m0000gp/T/cursor-sandbox-cache/cdbffc07cc4039eb8b1fbd660be2a30a/cargo-target/debug/deps/libz85-796c5c3b6dbf8f95.rlib -L native=/var/folders/d1/npqv18yn4vjdnbjs_lyc555m0000gp/T/cursor-sandbox-cache/cdbffc07cc4039eb8b1fbd660be2a30a/cargo-target/debug/build/ring-5d0e202365689600/out -L native=/var/folders/d1/npqv18yn4vjdnbjs_lyc555m0000gp/T/cursor-sandbox-cache/cdbffc07cc4039eb8b1fbd660be2a30a/cargo-target/debug/build/zstd-sys-d657c915fef83898/out --check-cfg 'cfg(NIGHTLY_CHANNEL)'`
     Running `/Users/branko.grbic/.rustup/toolchains/stable-aarch64-apple-darwin/bin/rustc --crate-name dv --edition=2021 kernel/tests/dv.rs --error-format=json --json=diagnostic-rendered-ansi,artifacts,future-incompat --emit=dep-info,link -C embed-bitcode=no -C debuginfo=2 -C split-debuginfo=unpacked --test --cfg 'feature="arrow"' --cfg 'feature="arrow-57"' --cfg 'feature="arrow-conversion"' --cfg 'feature="arrow-expression"' --cfg 'feature="catalog-managed"' --cfg 'feature="comfy-table"' --cfg 'feature="default"' --cfg 'feature="default-engine-base"' --cfg 'feature="default-engine-rustls"' --cfg 'feature="futures"' --cfg 'feature="internal-api"' --cfg 'feature="need-arrow"' --cfg 'feature="object_store"' --cfg 'feature="reqwest"' --cfg 'feature="tokio"' --check-cfg 'cfg(docsrs,test)' --check-cfg 'cfg(feature, values("arrow", "arrow-55", "arrow-56", "arrow-57", "arrow-conversion", "arrow-expression", "catalog-managed", "comfy-table", "default", "default-engine-base", "default-engine-native-tls", "default-engine-rustls", "futures", "integration-test", "internal-api", "need-arrow", "object_store", "reqwest", "tokio"))' -C metadata=fa5f6efe5451083e -C extra-filename=-9bf9ae03e8c3d19c --out-dir /var/folders/d1/npqv18yn4vjdnbjs_lyc555m0000gp/T/cursor-sandbox-cache/cdbffc07cc4039eb8b1fbd660be2a30a/cargo-target/debug/deps -C incremental=/var/folders/d1/npqv18yn4vjdnbjs_lyc555m0000gp/T/cursor-sandbox-cache/cdbffc07cc4039eb8b1fbd660be2a30a/cargo-target/debug/incremental -L dependency=/var/folders/d1/npqv18yn4vjdnbjs_lyc555m0000gp/T/cursor-sandbox-cache/cdbffc07cc4039eb8b1fbd660be2a30a/cargo-target/debug/deps --extern arrow_57=/var/folders/d1/npqv18yn4vjdnbjs_lyc555m0000gp/T/cursor-sandbox-cache/cdbffc07cc4039eb8b1fbd660be2a30a/cargo-target/debug/deps/libarrow-e79edf40bc4fa7b9.rlib --extern async_trait=/var/folders/d1/npqv18yn4vjdnbjs_lyc555m0000gp/T/cursor-sandbox-cache/cdbffc07cc4039eb8b1fbd660be2a30a/cargo-target/debug/deps/libasync_trait-910430bd99bb2ae5.dylib --extern bytes=/var/folders/d1/npqv18yn4vjdnbjs_lyc555m0000gp/T/cursor-sandbox-cache/cdbffc07cc4039eb8b1fbd660be2a30a/cargo-target/debug/deps/libbytes-5c4907bd10d2945f.rlib --extern chrono=/var/folders/d1/npqv18yn4vjdnbjs_lyc555m0000gp/T/cursor-sandbox-cache/cdbffc07cc4039eb8b1fbd660be2a30a/cargo-target/debug/deps/libchrono-e684da12fbcc7b68.rlib --extern comfy_table=/var/folders/d1/npqv18yn4vjdnbjs_lyc555m0000gp/T/cursor-sandbox-cache/cdbffc07cc4039eb8b1fbd660be2a30a/cargo-target/debug/deps/libcomfy_table-1351f7bfef342faa.rlib --extern crc=/var/folders/d1/npqv18yn4vjdnbjs_lyc555m0000gp/T/cursor-sandbox-cache/cdbffc07cc4039eb8b1fbd660be2a30a/cargo-target/debug/deps/libcrc-d0fbbe2deca0ed2d.rlib --extern criterion=/var/folders/d1/npqv18yn4vjdnbjs_lyc555m0000gp/T/cursor-sandbox-cache/cdbffc07cc4039eb8b1fbd660be2a30a/cargo-target/debug/deps/libcriterion-7662270df347a1f5.rlib --extern delta_kernel=/var/folders/d1/npqv18yn4vjdnbjs_lyc555m0000gp/T/cursor-sandbox-cache/cdbffc07cc4039eb8b1fbd660be2a30a/cargo-target/debug/deps/libdelta_kernel-a282ec8623aedbd9.rlib --extern delta_kernel=/var/folders/d1/npqv18yn4vjdnbjs_lyc555m0000gp/T/cursor-sandbox-cache/cdbffc07cc4039eb8b1fbd660be2a30a/cargo-target/debug/deps/libdelta_kernel-a282ec8623aedbd9.rlib --extern delta_kernel_derive=/var/folders/d1/npqv18yn4vjdnbjs_lyc555m0000gp/T/cursor-sandbox-cache/cdbffc07cc4039eb8b1fbd660be2a30a/cargo-target/debug/deps/libdelta_kernel_derive-44965556c8eb6a56.dylib --extern futures=/var/folders/d1/npqv18yn4vjdnbjs_lyc555m0000gp/T/cursor-sandbox-cache/cdbffc07cc4039eb8b1fbd660be2a30a/cargo-target/debug/deps/libfutures-9eb06a5d71853af7.rlib --extern hdfs_native=/var/folders/d1/npqv18yn4vjdnbjs_lyc555m0000gp/T/cursor-sandbox-cache/cdbffc07cc4039eb8b1fbd660be2a30a/cargo-target/debug/deps/libhdfs_native-dd3815c51dd644a4.rlib --extern hdfs_native_object_store=/var/folders/d1/npqv18yn4vjdnbjs_lyc555m0000gp/T/cursor-sandbox-cache/cdbffc07cc4039eb8b1fbd660be2a30a/cargo-target/debug/deps/libhdfs_native_object_store-e9b7dfdb098786f2.rlib --extern indexmap=/var/folders/d1/npqv18yn4vjdnbjs_lyc555m0000gp/T/cursor-sandbox-cache/cdbffc07cc4039eb8b1fbd660be2a30a/cargo-target/debug/deps/libindexmap-0825d60958f68f34.rlib --extern itertools=/var/folders/d1/npqv18yn4vjdnbjs_lyc555m0000gp/T/cursor-sandbox-cache/cdbffc07cc4039eb8b1fbd660be2a30a/cargo-target/debug/deps/libitertools-f87846342801b08c.rlib --extern object_store=/var/folders/d1/npqv18yn4vjdnbjs_lyc555m0000gp/T/cursor-sandbox-cache/cdbffc07cc4039eb8b1fbd660be2a30a/cargo-target/debug/deps/libobject_store-619993584b2663ca.rlib --extern parquet_57=/var/folders/d1/npqv18yn4vjdnbjs_lyc555m0000gp/T/cursor-sandbox-cache/cdbffc07cc4039eb8b1fbd660be2a30a/cargo-target/debug/deps/libparquet-f462bbb9fd6d98d8.rlib --extern paste=/var/folders/d1/npqv18yn4vjdnbjs_lyc555m0000gp/T/cursor-sandbox-cache/cdbffc07cc4039eb8b1fbd660be2a30a/cargo-target/debug/deps/libpaste-dd236cf9aec8acf9.dylib --extern reqwest=/var/folders/d1/npqv18yn4vjdnbjs_lyc555m0000gp/T/cursor-sandbox-cache/cdbffc07cc4039eb8b1fbd660be2a30a/cargo-target/debug/deps/libreqwest-1a4adf6ab088ca35.rlib --extern roaring=/var/folders/d1/npqv18yn4vjdnbjs_lyc555m0000gp/T/cursor-sandbox-cache/cdbffc07cc4039eb8b1fbd660be2a30a/cargo-target/debug/deps/libroaring-caee5ac0028ac4ed.rlib --extern serde=/var/folders/d1/npqv18yn4vjdnbjs_lyc555m0000gp/T/cursor-sandbox-cache/cdbffc07cc4039eb8b1fbd660be2a30a/cargo-target/debug/deps/libserde-f31fa6c5ecf2781f.rlib --extern serde_json=/var/folders/d1/npqv18yn4vjdnbjs_lyc555m0000gp/T/cursor-sandbox-cache/cdbffc07cc4039eb8b1fbd660be2a30a/cargo-target/debug/deps/libserde_json-d71cc06d72bea842.rlib --extern strum=/var/folders/d1/npqv18yn4vjdnbjs_lyc555m0000gp/T/cursor-sandbox-cache/cdbffc07cc4039eb8b1fbd660be2a30a/cargo-target/debug/deps/libstrum-f148eaff53d6bfe4.rlib --extern tempfile=/var/folders/d1/npqv18yn4vjdnbjs_lyc555m0000gp/T/cursor-sandbox-cache/cdbffc07cc4039eb8b1fbd660be2a30a/cargo-target/debug/deps/libtempfile-cd405412dac4304a.rlib --extern test_log=/var/folders/d1/npqv18yn4vjdnbjs_lyc555m0000gp/T/cursor-sandbox-cache/cdbffc07cc4039eb8b1fbd660be2a30a/cargo-target/debug/deps/libtest_log-2b58b1aaeb90cac1.rlib --extern test_utils=/var/folders/d1/npqv18yn4vjdnbjs_lyc555m0000gp/T/cursor-sandbox-cache/cdbffc07cc4039eb8b1fbd660be2a30a/cargo-target/debug/deps/libtest_utils-46336ca9eddfe375.rlib --extern thiserror=/var/folders/d1/npqv18yn4vjdnbjs_lyc555m0000gp/T/cursor-sandbox-cache/cdbffc07cc4039eb8b1fbd660be2a30a/cargo-target/debug/deps/libthiserror-17cb3212f4aa9cb4.rlib --extern tokio=/var/folders/d1/npqv18yn4vjdnbjs_lyc555m0000gp/T/cursor-sandbox-cache/cdbffc07cc4039eb8b1fbd660be2a30a/cargo-target/debug/deps/libtokio-6a8ff76823e999e9.rlib --extern tracing=/var/folders/d1/npqv18yn4vjdnbjs_lyc555m0000gp/T/cursor-sandbox-cache/cdbffc07cc4039eb8b1fbd660be2a30a/cargo-target/debug/deps/libtracing-c9c42c5f650bdd2f.rlib --extern tracing_subscriber=/var/folders/d1/npqv18yn4vjdnbjs_lyc555m0000gp/T/cursor-sandbox-cache/cdbffc07cc4039eb8b1fbd660be2a30a/cargo-target/debug/deps/libtracing_subscriber-fc1a96310b3988e6.rlib --extern url=/var/folders/d1/npqv18yn4vjdnbjs_lyc555m0000gp/T/cursor-sandbox-cache/cdbffc07cc4039eb8b1fbd660be2a30a/cargo-target/debug/deps/liburl-e4d782eed577703a.rlib --extern uuid=/var/folders/d1/npqv18yn4vjdnbjs_lyc555m0000gp/T/cursor-sandbox-cache/cdbffc07cc4039eb8b1fbd660be2a30a/cargo-target/debug/deps/libuuid-fb68ccda50578e1a.rlib --extern walkdir=/var/folders/d1/npqv18yn4vjdnbjs_lyc555m0000gp/T/cursor-sandbox-cache/cdbffc07cc4039eb8b1fbd660be2a30a/cargo-target/debug/deps/libwalkdir-d6d31327a1cd5093.rlib --extern z85=/var/folders/d1/npqv18yn4vjdnbjs_lyc555m0000gp/T/cursor-sandbox-cache/cdbffc07cc4039eb8b1fbd660be2a30a/cargo-target/debug/deps/libz85-796c5c3b6dbf8f95.rlib -L native=/var/folders/d1/npqv18yn4vjdnbjs_lyc555m0000gp/T/cursor-sandbox-cache/cdbffc07cc4039eb8b1fbd660be2a30a/cargo-target/debug/build/ring-5d0e202365689600/out -L native=/var/folders/d1/npqv18yn4vjdnbjs_lyc555m0000gp/T/cursor-sandbox-cache/cdbffc07cc4039eb8b1fbd660be2a30a/cargo-target/debug/build/zstd-sys-d657c915fef83898/out --check-cfg 'cfg(NIGHTLY_CHANNEL)'`
     Running `/Users/branko.grbic/.rustup/toolchains/stable-aarch64-apple-darwin/bin/rustc --crate-name write --edition=2021 kernel/tests/write.rs --error-format=json --json=diagnostic-rendered-ansi,artifacts,future-incompat --emit=dep-info,link -C embed-bitcode=no -C debuginfo=2 -C split-debuginfo=unpacked --test --cfg 'feature="arrow"' --cfg 'feature="arrow-57"' --cfg 'feature="arrow-conversion"' --cfg 'feature="arrow-expression"' --cfg 'feature="catalog-managed"' --cfg 'feature="comfy-table"' --cfg 'feature="default"' --cfg 'feature="default-engine-base"' --cfg 'feature="default-engine-rustls"' --cfg 'feature="futures"' --cfg 'feature="internal-api"' --cfg 'feature="need-arrow"' --cfg 'feature="object_store"' --cfg 'feature="reqwest"' --cfg 'feature="tokio"' --check-cfg 'cfg(docsrs,test)' --check-cfg 'cfg(feature, values("arrow", "arrow-55", "arrow-56", "arrow-57", "arrow-conversion", "arrow-expression", "catalog-managed", "comfy-table", "default", "default-engine-base", "default-engine-native-tls", "default-engine-rustls", "futures", "integration-test", "internal-api", "need-arrow", "object_store", "reqwest", "tokio"))' -C metadata=08e36a6fec79b5de -C extra-filename=-1a45815dfd5e7b81 --out-dir /var/folders/d1/npqv18yn4vjdnbjs_lyc555m0000gp/T/cursor-sandbox-cache/cdbffc07cc4039eb8b1fbd660be2a30a/cargo-target/debug/deps -C incremental=/var/folders/d1/npqv18yn4vjdnbjs_lyc555m0000gp/T/cursor-sandbox-cache/cdbffc07cc4039eb8b1fbd660be2a30a/cargo-target/debug/incremental -L dependency=/var/folders/d1/npqv18yn4vjdnbjs_lyc555m0000gp/T/cursor-sandbox-cache/cdbffc07cc4039eb8b1fbd660be2a30a/cargo-target/debug/deps --extern arrow_57=/var/folders/d1/npqv18yn4vjdnbjs_lyc555m0000gp/T/cursor-sandbox-cache/cdbffc07cc4039eb8b1fbd660be2a30a/cargo-target/debug/deps/libarrow-e79edf40bc4fa7b9.rlib --extern async_trait=/var/folders/d1/npqv18yn4vjdnbjs_lyc555m0000gp/T/cursor-sandbox-cache/cdbffc07cc4039eb8b1fbd660be2a30a/cargo-target/debug/deps/libasync_trait-910430bd99bb2ae5.dylib --extern bytes=/var/folders/d1/npqv18yn4vjdnbjs_lyc555m0000gp/T/cursor-sandbox-cache/cdbffc07cc4039eb8b1fbd660be2a30a/cargo-target/debug/deps/libbytes-5c4907bd10d2945f.rlib --extern chrono=/var/folders/d1/npqv18yn4vjdnbjs_lyc555m0000gp/T/cursor-sandbox-cache/cdbffc07cc4039eb8b1fbd660be2a30a/cargo-target/debug/deps/libchrono-e684da12fbcc7b68.rlib --extern comfy_table=/var/folders/d1/npqv18yn4vjdnbjs_lyc555m0000gp/T/cursor-sandbox-cache/cdbffc07cc4039eb8b1fbd660be2a30a/cargo-target/debug/deps/libcomfy_table-1351f7bfef342faa.rlib --extern crc=/var/folders/d1/npqv18yn4vjdnbjs_lyc555m0000gp/T/cursor-sandbox-cache/cdbffc07cc4039eb8b1fbd660be2a30a/cargo-target/debug/deps/libcrc-d0fbbe2deca0ed2d.rlib --extern criterion=/var/folders/d1/npqv18yn4vjdnbjs_lyc555m0000gp/T/cursor-sandbox-cache/cdbffc07cc4039eb8b1fbd660be2a30a/cargo-target/debug/deps/libcriterion-7662270df347a1f5.rlib --extern delta_kernel=/var/folders/d1/npqv18yn4vjdnbjs_lyc555m0000gp/T/cursor-sandbox-cache/cdbffc07cc4039eb8b1fbd660be2a30a/cargo-target/debug/deps/libdelta_kernel-a282ec8623aedbd9.rlib --extern delta_kernel=/var/folders/d1/npqv18yn4vjdnbjs_lyc555m0000gp/T/cursor-sandbox-cache/cdbffc07cc4039eb8b1fbd660be2a30a/cargo-target/debug/deps/libdelta_kernel-a282ec8623aedbd9.rlib --extern delta_kernel_derive=/var/folders/d1/npqv18yn4vjdnbjs_lyc555m0000gp/T/cursor-sandbox-cache/cdbffc07cc4039eb8b1fbd660be2a30a/cargo-target/debug/deps/libdelta_kernel_derive-44965556c8eb6a56.dylib --extern futures=/var/folders/d1/npqv18yn4vjdnbjs_lyc555m0000gp/T/cursor-sandbox-cache/cdbffc07cc4039eb8b1fbd660be2a30a/cargo-target/debug/deps/libfutures-9eb06a5d71853af7.rlib --extern hdfs_native=/var/folders/d1/npqv18yn4vjdnbjs_lyc555m0000gp/T/cursor-sandbox-cache/cdbffc07cc4039eb8b1fbd660be2a30a/cargo-target/debug/deps/libhdfs_native-dd3815c51dd644a4.rlib --extern hdfs_native_object_store=/var/folders/d1/npqv18yn4vjdnbjs_lyc555m0000gp/T/cursor-sandbox-cache/cdbffc07cc4039eb8b1fbd660be2a30a/cargo-target/debug/deps/libhdfs_native_object_store-e9b7dfdb098786f2.rlib --extern indexmap=/var/folders/d1/npqv18yn4vjdnbjs_lyc555m0000gp/T/cursor-sandbox-cache/cdbffc07cc4039eb8b1fbd660be2a30a/cargo-target/debug/deps/libindexmap-0825d60958f68f34.rlib --extern itertools=/var/folders/d1/npqv18yn4vjdnbjs_lyc555m0000gp/T/cursor-sandbox-cache/cdbffc07cc4039eb8b1fbd660be2a30a/cargo-target/debug/deps/libitertools-f87846342801b08c.rlib --extern object_store=/var/folders/d1/npqv18yn4vjdnbjs_lyc555m0000gp/T/cursor-sandbox-cache/cdbffc07cc4039eb8b1fbd660be2a30a/cargo-target/debug/deps/libobject_store-619993584b2663ca.rlib --extern parquet_57=/var/folders/d1/npqv18yn4vjdnbjs_lyc555m0000gp/T/cursor-sandbox-cache/cdbffc07cc4039eb8b1fbd660be2a30a/cargo-target/debug/deps/libparquet-f462bbb9fd6d98d8.rlib --extern paste=/var/folders/d1/npqv18yn4vjdnbjs_lyc555m0000gp/T/cursor-sandbox-cache/cdbffc07cc4039eb8b1fbd660be2a30a/cargo-target/debug/deps/libpaste-dd236cf9aec8acf9.dylib --extern reqwest=/var/folders/d1/npqv18yn4vjdnbjs_lyc555m0000gp/T/cursor-sandbox-cache/cdbffc07cc4039eb8b1fbd660be2a30a/cargo-target/debug/deps/libreqwest-1a4adf6ab088ca35.rlib --extern roaring=/var/folders/d1/npqv18yn4vjdnbjs_lyc555m0000gp/T/cursor-sandbox-cache/cdbffc07cc4039eb8b1fbd660be2a30a/cargo-target/debug/deps/libroaring-caee5ac0028ac4ed.rlib --extern serde=/var/folders/d1/npqv18yn4vjdnbjs_lyc555m0000gp/T/cursor-sandbox-cache/cdbffc07cc4039eb8b1fbd660be2a30a/cargo-target/debug/deps/libserde-f31fa6c5ecf2781f.rlib --extern serde_json=/var/folders/d1/npqv18yn4vjdnbjs_lyc555m0000gp/T/cursor-sandbox-cache/cdbffc07cc4039eb8b1fbd660be2a30a/cargo-target/debug/deps/libserde_json-d71cc06d72bea842.rlib --extern strum=/var/folders/d1/npqv18yn4vjdnbjs_lyc555m0000gp/T/cursor-sandbox-cache/cdbffc07cc4039eb8b1fbd660be2a30a/cargo-target/debug/deps/libstrum-f148eaff53d6bfe4.rlib --extern tempfile=/var/folders/d1/npqv18yn4vjdnbjs_lyc555m0000gp/T/cursor-sandbox-cache/cdbffc07cc4039eb8b1fbd660be2a30a/cargo-target/debug/deps/libtempfile-cd405412dac4304a.rlib --extern test_log=/var/folders/d1/npqv18yn4vjdnbjs_lyc555m0000gp/T/cursor-sandbox-cache/cdbffc07cc4039eb8b1fbd660be2a30a/cargo-target/debug/deps/libtest_log-2b58b1aaeb90cac1.rlib --extern test_utils=/var/folders/d1/npqv18yn4vjdnbjs_lyc555m0000gp/T/cursor-sandbox-cache/cdbffc07cc4039eb8b1fbd660be2a30a/cargo-target/debug/deps/libtest_utils-46336ca9eddfe375.rlib --extern thiserror=/var/folders/d1/npqv18yn4vjdnbjs_lyc555m0000gp/T/cursor-sandbox-cache/cdbffc07cc4039eb8b1fbd660be2a30a/cargo-target/debug/deps/libthiserror-17cb3212f4aa9cb4.rlib --extern tokio=/var/folders/d1/npqv18yn4vjdnbjs_lyc555m0000gp/T/cursor-sandbox-cache/cdbffc07cc4039eb8b1fbd660be2a30a/cargo-target/debug/deps/libtokio-6a8ff76823e999e9.rlib --extern tracing=/var/folders/d1/npqv18yn4vjdnbjs_lyc555m0000gp/T/cursor-sandbox-cache/cdbffc07cc4039eb8b1fbd660be2a30a/cargo-target/debug/deps/libtracing-c9c42c5f650bdd2f.rlib --extern tracing_subscriber=/var/folders/d1/npqv18yn4vjdnbjs_lyc555m0000gp/T/cursor-sandbox-cache/cdbffc07cc4039eb8b1fbd660be2a30a/cargo-target/debug/deps/libtracing_subscriber-fc1a96310b3988e6.rlib --extern url=/var/folders/d1/npqv18yn4vjdnbjs_lyc555m0000gp/T/cursor-sandbox-cache/cdbffc07cc4039eb8b1fbd660be2a30a/cargo-target/debug/deps/liburl-e4d782eed577703a.rlib --extern uuid=/var/folders/d1/npqv18yn4vjdnbjs_lyc555m0000gp/T/cursor-sandbox-cache/cdbffc07cc4039eb8b1fbd660be2a30a/cargo-target/debug/deps/libuuid-fb68ccda50578e1a.rlib --extern walkdir=/var/folders/d1/npqv18yn4vjdnbjs_lyc555m0000gp/T/cursor-sandbox-cache/cdbffc07cc4039eb8b1fbd660be2a30a/cargo-target/debug/deps/libwalkdir-d6d31327a1cd5093.rlib --extern z85=/var/folders/d1/npqv18yn4vjdnbjs_lyc555m0000gp/T/cursor-sandbox-cache/cdbffc07cc4039eb8b1fbd660be2a30a/cargo-target/debug/deps/libz85-796c5c3b6dbf8f95.rlib -L native=/var/folders/d1/npqv18yn4vjdnbjs_lyc555m0000gp/T/cursor-sandbox-cache/cdbffc07cc4039eb8b1fbd660be2a30a/cargo-target/debug/build/ring-5d0e202365689600/out -L native=/var/folders/d1/npqv18yn4vjdnbjs_lyc555m0000gp/T/cursor-sandbox-cache/cdbffc07cc4039eb8b1fbd660be2a30a/cargo-target/debug/build/zstd-sys-d657c915fef83898/out --check-cfg 'cfg(NIGHTLY_CHANNEL)'`
     Running `/Users/branko.grbic/.rustup/toolchains/stable-aarch64-apple-darwin/bin/rustc --crate-name golden_tables --edition=2021 kernel/tests/golden_tables.rs --error-format=json --json=diagnostic-rendered-ansi,artifacts,future-incompat --emit=dep-info,link -C embed-bitcode=no -C debuginfo=2 -C split-debuginfo=unpacked --test --cfg 'feature="arrow"' --cfg 'feature="arrow-57"' --cfg 'feature="arrow-conversion"' --cfg 'feature="arrow-expression"' --cfg 'feature="catalog-managed"' --cfg 'feature="comfy-table"' --cfg 'feature="default"' --cfg 'feature="default-engine-base"' --cfg 'feature="default-engine-rustls"' --cfg 'feature="futures"' --cfg 'feature="internal-api"' --cfg 'feature="need-arrow"' --cfg 'feature="object_store"' --cfg 'feature="reqwest"' --cfg 'feature="tokio"' --check-cfg 'cfg(docsrs,test)' --check-cfg 'cfg(feature, values("arrow", "arrow-55", "arrow-56", "arrow-57", "arrow-conversion", "arrow-expression", "catalog-managed", "comfy-table", "default", "default-engine-base", "default-engine-native-tls", "default-engine-rustls", "futures", "integration-test", "internal-api", "need-arrow", "object_store", "reqwest", "tokio"))' -C metadata=09d768fa348d2aa6 -C extra-filename=-d54d607126408e83 --out-dir /var/folders/d1/npqv18yn4vjdnbjs_lyc555m0000gp/T/cursor-sandbox-cache/cdbffc07cc4039eb8b1fbd660be2a30a/cargo-target/debug/deps -C incremental=/var/folders/d1/npqv18yn4vjdnbjs_lyc555m0000gp/T/cursor-sandbox-cache/cdbffc07cc4039eb8b1fbd660be2a30a/cargo-target/debug/incremental -L dependency=/var/folders/d1/npqv18yn4vjdnbjs_lyc555m0000gp/T/cursor-sandbox-cache/cdbffc07cc4039eb8b1fbd660be2a30a/cargo-target/debug/deps --extern arrow_57=/var/folders/d1/npqv18yn4vjdnbjs_lyc555m0000gp/T/cursor-sandbox-cache/cdbffc07cc4039eb8b1fbd660be2a30a/cargo-target/debug/deps/libarrow-e79edf40bc4fa7b9.rlib --extern async_trait=/var/folders/d1/npqv18yn4vjdnbjs_lyc555m0000gp/T/cursor-sandbox-cache/cdbffc07cc4039eb8b1fbd660be2a30a/cargo-target/debug/deps/libasync_trait-910430bd99bb2ae5.dylib --extern bytes=/var/folders/d1/npqv18yn4vjdnbjs_lyc555m0000gp/T/cursor-sandbox-cache/cdbffc07cc4039eb8b1fbd660be2a30a/cargo-target/debug/deps/libbytes-5c4907bd10d2945f.rlib --extern chrono=/var/folders/d1/npqv18yn4vjdnbjs_lyc555m0000gp/T/cursor-sandbox-cache/cdbffc07cc4039eb8b1fbd660be2a30a/cargo-target/debug/deps/libchrono-e684da12fbcc7b68.rlib --extern comfy_table=/var/folders/d1/npqv18yn4vjdnbjs_lyc555m0000gp/T/cursor-sandbox-cache/cdbffc07cc4039eb8b1fbd660be2a30a/cargo-target/debug/deps/libcomfy_table-1351f7bfef342faa.rlib --extern crc=/var/folders/d1/npqv18yn4vjdnbjs_lyc555m0000gp/T/cursor-sandbox-cache/cdbffc07cc4039eb8b1fbd660be2a30a/cargo-target/debug/deps/libcrc-d0fbbe2deca0ed2d.rlib --extern criterion=/var/folders/d1/npqv18yn4vjdnbjs_lyc555m0000gp/T/cursor-sandbox-cache/cdbffc07cc4039eb8b1fbd660be2a30a/cargo-target/debug/deps/libcriterion-7662270df347a1f5.rlib --extern delta_kernel=/var/folders/d1/npqv18yn4vjdnbjs_lyc555m0000gp/T/cursor-sandbox-cache/cdbffc07cc4039eb8b1fbd660be2a30a/cargo-target/debug/deps/libdelta_kernel-a282ec8623aedbd9.rlib --extern delta_kernel=/var/folders/d1/npqv18yn4vjdnbjs_lyc555m0000gp/T/cursor-sandbox-cache/cdbffc07cc4039eb8b1fbd660be2a30a/cargo-target/debug/deps/libdelta_kernel-a282ec8623aedbd9.rlib --extern delta_kernel_derive=/var/folders/d1/npqv18yn4vjdnbjs_lyc555m0000gp/T/cursor-sandbox-cache/cdbffc07cc4039eb8b1fbd660be2a30a/cargo-target/debug/deps/libdelta_kernel_derive-44965556c8eb6a56.dylib --extern futures=/var/folders/d1/npqv18yn4vjdnbjs_lyc555m0000gp/T/cursor-sandbox-cache/cdbffc07cc4039eb8b1fbd660be2a30a/cargo-target/debug/deps/libfutures-9eb06a5d71853af7.rlib --extern hdfs_native=/var/folders/d1/npqv18yn4vjdnbjs_lyc555m0000gp/T/cursor-sandbox-cache/cdbffc07cc4039eb8b1fbd660be2a30a/cargo-target/debug/deps/libhdfs_native-dd3815c51dd644a4.rlib --extern hdfs_native_object_store=/var/folders/d1/npqv18yn4vjdnbjs_lyc555m0000gp/T/cursor-sandbox-cache/cdbffc07cc4039eb8b1fbd660be2a30a/cargo-target/debug/deps/libhdfs_native_object_store-e9b7dfdb098786f2.rlib --extern indexmap=/var/folders/d1/npqv18yn4vjdnbjs_lyc555m0000gp/T/cursor-sandbox-cache/cdbffc07cc4039eb8b1fbd660be2a30a/cargo-target/debug/deps/libindexmap-0825d60958f68f34.rlib --extern itertools=/var/folders/d1/npqv18yn4vjdnbjs_lyc555m0000gp/T/cursor-sandbox-cache/cdbffc07cc4039eb8b1fbd660be2a30a/cargo-target/debug/deps/libitertools-f87846342801b08c.rlib --extern object_store=/var/folders/d1/npqv18yn4vjdnbjs_lyc555m0000gp/T/cursor-sandbox-cache/cdbffc07cc4039eb8b1fbd660be2a30a/cargo-target/debug/deps/libobject_store-619993584b2663ca.rlib --extern parquet_57=/var/folders/d1/npqv18yn4vjdnbjs_lyc555m0000gp/T/cursor-sandbox-cache/cdbffc07cc4039eb8b1fbd660be2a30a/cargo-target/debug/deps/libparquet-f462bbb9fd6d98d8.rlib --extern paste=/var/folders/d1/npqv18yn4vjdnbjs_lyc555m0000gp/T/cursor-sandbox-cache/cdbffc07cc4039eb8b1fbd660be2a30a/cargo-target/debug/deps/libpaste-dd236cf9aec8acf9.dylib --extern reqwest=/var/folders/d1/npqv18yn4vjdnbjs_lyc555m0000gp/T/cursor-sandbox-cache/cdbffc07cc4039eb8b1fbd660be2a30a/cargo-target/debug/deps/libreqwest-1a4adf6ab088ca35.rlib --extern roaring=/var/folders/d1/npqv18yn4vjdnbjs_lyc555m0000gp/T/cursor-sandbox-cache/cdbffc07cc4039eb8b1fbd660be2a30a/cargo-target/debug/deps/libroaring-caee5ac0028ac4ed.rlib --extern serde=/var/folders/d1/npqv18yn4vjdnbjs_lyc555m0000gp/T/cursor-sandbox-cache/cdbffc07cc4039eb8b1fbd660be2a30a/cargo-target/debug/deps/libserde-f31fa6c5ecf2781f.rlib --extern serde_json=/var/folders/d1/npqv18yn4vjdnbjs_lyc555m0000gp/T/cursor-sandbox-cache/cdbffc07cc4039eb8b1fbd660be2a30a/cargo-target/debug/deps/libserde_json-d71cc06d72bea842.rlib --extern strum=/var/folders/d1/npqv18yn4vjdnbjs_lyc555m0000gp/T/cursor-sandbox-cache/cdbffc07cc4039eb8b1fbd660be2a30a/cargo-target/debug/deps/libstrum-f148eaff53d6bfe4.rlib --extern tempfile=/var/folders/d1/npqv18yn4vjdnbjs_lyc555m0000gp/T/cursor-sandbox-cache/cdbffc07cc4039eb8b1fbd660be2a30a/cargo-target/debug/deps/libtempfile-cd405412dac4304a.rlib --extern test_log=/var/folders/d1/npqv18yn4vjdnbjs_lyc555m0000gp/T/cursor-sandbox-cache/cdbffc07cc4039eb8b1fbd660be2a30a/cargo-target/debug/deps/libtest_log-2b58b1aaeb90cac1.rlib --extern test_utils=/var/folders/d1/npqv18yn4vjdnbjs_lyc555m0000gp/T/cursor-sandbox-cache/cdbffc07cc4039eb8b1fbd660be2a30a/cargo-target/debug/deps/libtest_utils-46336ca9eddfe375.rlib --extern thiserror=/var/folders/d1/npqv18yn4vjdnbjs_lyc555m0000gp/T/cursor-sandbox-cache/cdbffc07cc4039eb8b1fbd660be2a30a/cargo-target/debug/deps/libthiserror-17cb3212f4aa9cb4.rlib --extern tokio=/var/folders/d1/npqv18yn4vjdnbjs_lyc555m0000gp/T/cursor-sandbox-cache/cdbffc07cc4039eb8b1fbd660be2a30a/cargo-target/debug/deps/libtokio-6a8ff76823e999e9.rlib --extern tracing=/var/folders/d1/npqv18yn4vjdnbjs_lyc555m0000gp/T/cursor-sandbox-cache/cdbffc07cc4039eb8b1fbd660be2a30a/cargo-target/debug/deps/libtracing-c9c42c5f650bdd2f.rlib --extern tracing_subscriber=/var/folders/d1/npqv18yn4vjdnbjs_lyc555m0000gp/T/cursor-sandbox-cache/cdbffc07cc4039eb8b1fbd660be2a30a/cargo-target/debug/deps/libtracing_subscriber-fc1a96310b3988e6.rlib --extern url=/var/folders/d1/npqv18yn4vjdnbjs_lyc555m0000gp/T/cursor-sandbox-cache/cdbffc07cc4039eb8b1fbd660be2a30a/cargo-target/debug/deps/liburl-e4d782eed577703a.rlib --extern uuid=/var/folders/d1/npqv18yn4vjdnbjs_lyc555m0000gp/T/cursor-sandbox-cache/cdbffc07cc4039eb8b1fbd660be2a30a/cargo-target/debug/deps/libuuid-fb68ccda50578e1a.rlib --extern walkdir=/var/folders/d1/npqv18yn4vjdnbjs_lyc555m0000gp/T/cursor-sandbox-cache/cdbffc07cc4039eb8b1fbd660be2a30a/cargo-target/debug/deps/libwalkdir-d6d31327a1cd5093.rlib --extern z85=/var/folders/d1/npqv18yn4vjdnbjs_lyc555m0000gp/T/cursor-sandbox-cache/cdbffc07cc4039eb8b1fbd660be2a30a/cargo-target/debug/deps/libz85-796c5c3b6dbf8f95.rlib -L native=/var/folders/d1/npqv18yn4vjdnbjs_lyc555m0000gp/T/cursor-sandbox-cache/cdbffc07cc4039eb8b1fbd660be2a30a/cargo-target/debug/build/ring-5d0e202365689600/out -L native=/var/folders/d1/npqv18yn4vjdnbjs_lyc555m0000gp/T/cursor-sandbox-cache/cdbffc07cc4039eb8b1fbd660be2a30a/cargo-target/debug/build/zstd-sys-d657c915fef83898/out --check-cfg 'cfg(NIGHTLY_CHANNEL)'`
     Running `/Users/branko.grbic/.rustup/toolchains/stable-aarch64-apple-darwin/bin/rustc --crate-name log_tail --edition=2021 kernel/tests/log_tail.rs --error-format=json --json=diagnostic-rendered-ansi,artifacts,future-incompat --emit=dep-info,link -C embed-bitcode=no -C debuginfo=2 -C split-debuginfo=unpacked --test --cfg 'feature="arrow"' --cfg 'feature="arrow-57"' --cfg 'feature="arrow-conversion"' --cfg 'feature="arrow-expression"' --cfg 'feature="catalog-managed"' --cfg 'feature="comfy-table"' --cfg 'feature="default"' --cfg 'feature="default-engine-base"' --cfg 'feature="default-engine-rustls"' --cfg 'feature="futures"' --cfg 'feature="internal-api"' --cfg 'feature="need-arrow"' --cfg 'feature="object_store"' --cfg 'feature="reqwest"' --cfg 'feature="tokio"' --check-cfg 'cfg(docsrs,test)' --check-cfg 'cfg(feature, values("arrow", "arrow-55", "arrow-56", "arrow-57", "arrow-conversion", "arrow-expression", "catalog-managed", "comfy-table", "default", "default-engine-base", "default-engine-native-tls", "default-engine-rustls", "futures", "integration-test", "internal-api", "need-arrow", "object_store", "reqwest", "tokio"))' -C metadata=6080701973a64131 -C extra-filename=-08131cc2e8a95bfd --out-dir /var/folders/d1/npqv18yn4vjdnbjs_lyc555m0000gp/T/cursor-sandbox-cache/cdbffc07cc4039eb8b1fbd660be2a30a/cargo-target/debug/deps -C incremental=/var/folders/d1/npqv18yn4vjdnbjs_lyc555m0000gp/T/cursor-sandbox-cache/cdbffc07cc4039eb8b1fbd660be2a30a/cargo-target/debug/incremental -L dependency=/var/folders/d1/npqv18yn4vjdnbjs_lyc555m0000gp/T/cursor-sandbox-cache/cdbffc07cc4039eb8b1fbd660be2a30a/cargo-target/debug/deps --extern arrow_57=/var/folders/d1/npqv18yn4vjdnbjs_lyc555m0000gp/T/cursor-sandbox-cache/cdbffc07cc4039eb8b1fbd660be2a30a/cargo-target/debug/deps/libarrow-e79edf40bc4fa7b9.rlib --extern async_trait=/var/folders/d1/npqv18yn4vjdnbjs_lyc555m0000gp/T/cursor-sandbox-cache/cdbffc07cc4039eb8b1fbd660be2a30a/cargo-target/debug/deps/libasync_trait-910430bd99bb2ae5.dylib --extern bytes=/var/folders/d1/npqv18yn4vjdnbjs_lyc555m0000gp/T/cursor-sandbox-cache/cdbffc07cc4039eb8b1fbd660be2a30a/cargo-target/debug/deps/libbytes-5c4907bd10d2945f.rlib --extern chrono=/var/folders/d1/npqv18yn4vjdnbjs_lyc555m0000gp/T/cursor-sandbox-cache/cdbffc07cc4039eb8b1fbd660be2a30a/cargo-target/debug/deps/libchrono-e684da12fbcc7b68.rlib --extern comfy_table=/var/folders/d1/npqv18yn4vjdnbjs_lyc555m0000gp/T/cursor-sandbox-cache/cdbffc07cc4039eb8b1fbd660be2a30a/cargo-target/debug/deps/libcomfy_table-1351f7bfef342faa.rlib --extern crc=/var/folders/d1/npqv18yn4vjdnbjs_lyc555m0000gp/T/cursor-sandbox-cache/cdbffc07cc4039eb8b1fbd660be2a30a/cargo-target/debug/deps/libcrc-d0fbbe2deca0ed2d.rlib --extern criterion=/var/folders/d1/npqv18yn4vjdnbjs_lyc555m0000gp/T/cursor-sandbox-cache/cdbffc07cc4039eb8b1fbd660be2a30a/cargo-target/debug/deps/libcriterion-7662270df347a1f5.rlib --extern delta_kernel=/var/folders/d1/npqv18yn4vjdnbjs_lyc555m0000gp/T/cursor-sandbox-cache/cdbffc07cc4039eb8b1fbd660be2a30a/cargo-target/debug/deps/libdelta_kernel-a282ec8623aedbd9.rlib --extern delta_kernel=/var/folders/d1/npqv18yn4vjdnbjs_lyc555m0000gp/T/cursor-sandbox-cache/cdbffc07cc4039eb8b1fbd660be2a30a/cargo-target/debug/deps/libdelta_kernel-a282ec8623aedbd9.rlib --extern delta_kernel_derive=/var/folders/d1/npqv18yn4vjdnbjs_lyc555m0000gp/T/cursor-sandbox-cache/cdbffc07cc4039eb8b1fbd660be2a30a/cargo-target/debug/deps/libdelta_kernel_derive-44965556c8eb6a56.dylib --extern futures=/var/folders/d1/npqv18yn4vjdnbjs_lyc555m0000gp/T/cursor-sandbox-cache/cdbffc07cc4039eb8b1fbd660be2a30a/cargo-target/debug/deps/libfutures-9eb06a5d71853af7.rlib --extern hdfs_native=/var/folders/d1/npqv18yn4vjdnbjs_lyc555m0000gp/T/cursor-sandbox-cache/cdbffc07cc4039eb8b1fbd660be2a30a/cargo-target/debug/deps/libhdfs_native-dd3815c51dd644a4.rlib --extern hdfs_native_object_store=/var/folders/d1/npqv18yn4vjdnbjs_lyc555m0000gp/T/cursor-sandbox-cache/cdbffc07cc4039eb8b1fbd660be2a30a/cargo-target/debug/deps/libhdfs_native_object_store-e9b7dfdb098786f2.rlib --extern indexmap=/var/folders/d1/npqv18yn4vjdnbjs_lyc555m0000gp/T/cursor-sandbox-cache/cdbffc07cc4039eb8b1fbd660be2a30a/cargo-target/debug/deps/libindexmap-0825d60958f68f34.rlib --extern itertools=/var/folders/d1/npqv18yn4vjdnbjs_lyc555m0000gp/T/cursor-sandbox-cache/cdbffc07cc4039eb8b1fbd660be2a30a/cargo-target/debug/deps/libitertools-f87846342801b08c.rlib --extern object_store=/var/folders/d1/npqv18yn4vjdnbjs_lyc555m0000gp/T/cursor-sandbox-cache/cdbffc07cc4039eb8b1fbd660be2a30a/cargo-target/debug/deps/libobject_store-619993584b2663ca.rlib --extern parquet_57=/var/folders/d1/npqv18yn4vjdnbjs_lyc555m0000gp/T/cursor-sandbox-cache/cdbffc07cc4039eb8b1fbd660be2a30a/cargo-target/debug/deps/libparquet-f462bbb9fd6d98d8.rlib --extern paste=/var/folders/d1/npqv18yn4vjdnbjs_lyc555m0000gp/T/cursor-sandbox-cache/cdbffc07cc4039eb8b1fbd660be2a30a/cargo-target/debug/deps/libpaste-dd236cf9aec8acf9.dylib --extern reqwest=/var/folders/d1/npqv18yn4vjdnbjs_lyc555m0000gp/T/cursor-sandbox-cache/cdbffc07cc4039eb8b1fbd660be2a30a/cargo-target/debug/deps/libreqwest-1a4adf6ab088ca35.rlib --extern roaring=/var/folders/d1/npqv18yn4vjdnbjs_lyc555m0000gp/T/cursor-sandbox-cache/cdbffc07cc4039eb8b1fbd660be2a30a/cargo-target/debug/deps/libroaring-caee5ac0028ac4ed.rlib --extern serde=/var/folders/d1/npqv18yn4vjdnbjs_lyc555m0000gp/T/cursor-sandbox-cache/cdbffc07cc4039eb8b1fbd660be2a30a/cargo-target/debug/deps/libserde-f31fa6c5ecf2781f.rlib --extern serde_json=/var/folders/d1/npqv18yn4vjdnbjs_lyc555m0000gp/T/cursor-sandbox-cache/cdbffc07cc4039eb8b1fbd660be2a30a/cargo-target/debug/deps/libserde_json-d71cc06d72bea842.rlib --extern strum=/var/folders/d1/npqv18yn4vjdnbjs_lyc555m0000gp/T/cursor-sandbox-cache/cdbffc07cc4039eb8b1fbd660be2a30a/cargo-target/debug/deps/libstrum-f148eaff53d6bfe4.rlib --extern tempfile=/var/folders/d1/npqv18yn4vjdnbjs_lyc555m0000gp/T/cursor-sandbox-cache/cdbffc07cc4039eb8b1fbd660be2a30a/cargo-target/debug/deps/libtempfile-cd405412dac4304a.rlib --extern test_log=/var/folders/d1/npqv18yn4vjdnbjs_lyc555m0000gp/T/cursor-sandbox-cache/cdbffc07cc4039eb8b1fbd660be2a30a/cargo-target/debug/deps/libtest_log-2b58b1aaeb90cac1.rlib --extern test_utils=/var/folders/d1/npqv18yn4vjdnbjs_lyc555m0000gp/T/cursor-sandbox-cache/cdbffc07cc4039eb8b1fbd660be2a30a/cargo-target/debug/deps/libtest_utils-46336ca9eddfe375.rlib --extern thiserror=/var/folders/d1/npqv18yn4vjdnbjs_lyc555m0000gp/T/cursor-sandbox-cache/cdbffc07cc4039eb8b1fbd660be2a30a/cargo-target/debug/deps/libthiserror-17cb3212f4aa9cb4.rlib --extern tokio=/var/folders/d1/npqv18yn4vjdnbjs_lyc555m0000gp/T/cursor-sandbox-cache/cdbffc07cc4039eb8b1fbd660be2a30a/cargo-target/debug/deps/libtokio-6a8ff76823e999e9.rlib --extern tracing=/var/folders/d1/npqv18yn4vjdnbjs_lyc555m0000gp/T/cursor-sandbox-cache/cdbffc07cc4039eb8b1fbd660be2a30a/cargo-target/debug/deps/libtracing-c9c42c5f650bdd2f.rlib --extern tracing_subscriber=/var/folders/d1/npqv18yn4vjdnbjs_lyc555m0000gp/T/cursor-sandbox-cache/cdbffc07cc4039eb8b1fbd660be2a30a/cargo-target/debug/deps/libtracing_subscriber-fc1a96310b3988e6.rlib --extern url=/var/folders/d1/npqv18yn4vjdnbjs_lyc555m0000gp/T/cursor-sandbox-cache/cdbffc07cc4039eb8b1fbd660be2a30a/cargo-target/debug/deps/liburl-e4d782eed577703a.rlib --extern uuid=/var/folders/d1/npqv18yn4vjdnbjs_lyc555m0000gp/T/cursor-sandbox-cache/cdbffc07cc4039eb8b1fbd660be2a30a/cargo-target/debug/deps/libuuid-fb68ccda50578e1a.rlib --extern walkdir=/var/folders/d1/npqv18yn4vjdnbjs_lyc555m0000gp/T/cursor-sandbox-cache/cdbffc07cc4039eb8b1fbd660be2a30a/cargo-target/debug/deps/libwalkdir-d6d31327a1cd5093.rlib --extern z85=/var/folders/d1/npqv18yn4vjdnbjs_lyc555m0000gp/T/cursor-sandbox-cache/cdbffc07cc4039eb8b1fbd660be2a30a/cargo-target/debug/deps/libz85-796c5c3b6dbf8f95.rlib -L native=/var/folders/d1/npqv18yn4vjdnbjs_lyc555m0000gp/T/cursor-sandbox-cache/cdbffc07cc4039eb8b1fbd660be2a30a/cargo-target/debug/build/ring-5d0e202365689600/out -L native=/var/folders/d1/npqv18yn4vjdnbjs_lyc555m0000gp/T/cursor-sandbox-cache/cdbffc07cc4039eb8b1fbd660be2a30a/cargo-target/debug/build/zstd-sys-d657c915fef83898/out --check-cfg 'cfg(NIGHTLY_CHANNEL)'`
     Running `/Users/branko.grbic/.rustup/toolchains/stable-aarch64-apple-darwin/bin/rustc --crate-name v2_checkpoints --edition=2021 kernel/tests/v2_checkpoints.rs --error-format=json --json=diagnostic-rendered-ansi,artifacts,future-incompat --emit=dep-info,link -C embed-bitcode=no -C debuginfo=2 -C split-debuginfo=unpacked --test --cfg 'feature="arrow"' --cfg 'feature="arrow-57"' --cfg 'feature="arrow-conversion"' --cfg 'feature="arrow-expression"' --cfg 'feature="catalog-managed"' --cfg 'feature="comfy-table"' --cfg 'feature="default"' --cfg 'feature="default-engine-base"' --cfg 'feature="default-engine-rustls"' --cfg 'feature="futures"' --cfg 'feature="internal-api"' --cfg 'feature="need-arrow"' --cfg 'feature="object_store"' --cfg 'feature="reqwest"' --cfg 'feature="tokio"' --check-cfg 'cfg(docsrs,test)' --check-cfg 'cfg(feature, values("arrow", "arrow-55", "arrow-56", "arrow-57", "arrow-conversion", "arrow-expression", "catalog-managed", "comfy-table", "default", "default-engine-base", "default-engine-native-tls", "default-engine-rustls", "futures", "integration-test", "internal-api", "need-arrow", "object_store", "reqwest", "tokio"))' -C metadata=b165b14a6fe819b0 -C extra-filename=-82d4a53a04f0c8ea --out-dir /var/folders/d1/npqv18yn4vjdnbjs_lyc555m0000gp/T/cursor-sandbox-cache/cdbffc07cc4039eb8b1fbd660be2a30a/cargo-target/debug/deps -C incremental=/var/folders/d1/npqv18yn4vjdnbjs_lyc555m0000gp/T/cursor-sandbox-cache/cdbffc07cc4039eb8b1fbd660be2a30a/cargo-target/debug/incremental -L dependency=/var/folders/d1/npqv18yn4vjdnbjs_lyc555m0000gp/T/cursor-sandbox-cache/cdbffc07cc4039eb8b1fbd660be2a30a/cargo-target/debug/deps --extern arrow_57=/var/folders/d1/npqv18yn4vjdnbjs_lyc555m0000gp/T/cursor-sandbox-cache/cdbffc07cc4039eb8b1fbd660be2a30a/cargo-target/debug/deps/libarrow-e79edf40bc4fa7b9.rlib --extern async_trait=/var/folders/d1/npqv18yn4vjdnbjs_lyc555m0000gp/T/cursor-sandbox-cache/cdbffc07cc4039eb8b1fbd660be2a30a/cargo-target/debug/deps/libasync_trait-910430bd99bb2ae5.dylib --extern bytes=/var/folders/d1/npqv18yn4vjdnbjs_lyc555m0000gp/T/cursor-sandbox-cache/cdbffc07cc4039eb8b1fbd660be2a30a/cargo-target/debug/deps/libbytes-5c4907bd10d2945f.rlib --extern chrono=/var/folders/d1/npqv18yn4vjdnbjs_lyc555m0000gp/T/cursor-sandbox-cache/cdbffc07cc4039eb8b1fbd660be2a30a/cargo-target/debug/deps/libchrono-e684da12fbcc7b68.rlib --extern comfy_table=/var/folders/d1/npqv18yn4vjdnbjs_lyc555m0000gp/T/cursor-sandbox-cache/cdbffc07cc4039eb8b1fbd660be2a30a/cargo-target/debug/deps/libcomfy_table-1351f7bfef342faa.rlib --extern crc=/var/folders/d1/npqv18yn4vjdnbjs_lyc555m0000gp/T/cursor-sandbox-cache/cdbffc07cc4039eb8b1fbd660be2a30a/cargo-target/debug/deps/libcrc-d0fbbe2deca0ed2d.rlib --extern criterion=/var/folders/d1/npqv18yn4vjdnbjs_lyc555m0000gp/T/cursor-sandbox-cache/cdbffc07cc4039eb8b1fbd660be2a30a/cargo-target/debug/deps/libcriterion-7662270df347a1f5.rlib --extern delta_kernel=/var/folders/d1/npqv18yn4vjdnbjs_lyc555m0000gp/T/cursor-sandbox-cache/cdbffc07cc4039eb8b1fbd660be2a30a/cargo-target/debug/deps/libdelta_kernel-a282ec8623aedbd9.rlib --extern delta_kernel=/var/folders/d1/npqv18yn4vjdnbjs_lyc555m0000gp/T/cursor-sandbox-cache/cdbffc07cc4039eb8b1fbd660be2a30a/cargo-target/debug/deps/libdelta_kernel-a282ec8623aedbd9.rlib --extern delta_kernel_derive=/var/folders/d1/npqv18yn4vjdnbjs_lyc555m0000gp/T/cursor-sandbox-cache/cdbffc07cc4039eb8b1fbd660be2a30a/cargo-target/debug/deps/libdelta_kernel_derive-44965556c8eb6a56.dylib --extern futures=/var/folders/d1/npqv18yn4vjdnbjs_lyc555m0000gp/T/cursor-sandbox-cache/cdbffc07cc4039eb8b1fbd660be2a30a/cargo-target/debug/deps/libfutures-9eb06a5d71853af7.rlib --extern hdfs_native=/var/folders/d1/npqv18yn4vjdnbjs_lyc555m0000gp/T/cursor-sandbox-cache/cdbffc07cc4039eb8b1fbd660be2a30a/cargo-target/debug/deps/libhdfs_native-dd3815c51dd644a4.rlib --extern hdfs_native_object_store=/var/folders/d1/npqv18yn4vjdnbjs_lyc555m0000gp/T/cursor-sandbox-cache/cdbffc07cc4039eb8b1fbd660be2a30a/cargo-target/debug/deps/libhdfs_native_object_store-e9b7dfdb098786f2.rlib --extern indexmap=/var/folders/d1/npqv18yn4vjdnbjs_lyc555m0000gp/T/cursor-sandbox-cache/cdbffc07cc4039eb8b1fbd660be2a30a/cargo-target/debug/deps/libindexmap-0825d60958f68f34.rlib --extern itertools=/var/folders/d1/npqv18yn4vjdnbjs_lyc555m0000gp/T/cursor-sandbox-cache/cdbffc07cc4039eb8b1fbd660be2a30a/cargo-target/debug/deps/libitertools-f87846342801b08c.rlib --extern object_store=/var/folders/d1/npqv18yn4vjdnbjs_lyc555m0000gp/T/cursor-sandbox-cache/cdbffc07cc4039eb8b1fbd660be2a30a/cargo-target/debug/deps/libobject_store-619993584b2663ca.rlib --extern parquet_57=/var/folders/d1/npqv18yn4vjdnbjs_lyc555m0000gp/T/cursor-sandbox-cache/cdbffc07cc4039eb8b1fbd660be2a30a/cargo-target/debug/deps/libparquet-f462bbb9fd6d98d8.rlib --extern paste=/var/folders/d1/npqv18yn4vjdnbjs_lyc555m0000gp/T/cursor-sandbox-cache/cdbffc07cc4039eb8b1fbd660be2a30a/cargo-target/debug/deps/libpaste-dd236cf9aec8acf9.dylib --extern reqwest=/var/folders/d1/npqv18yn4vjdnbjs_lyc555m0000gp/T/cursor-sandbox-cache/cdbffc07cc4039eb8b1fbd660be2a30a/cargo-target/debug/deps/libreqwest-1a4adf6ab088ca35.rlib --extern roaring=/var/folders/d1/npqv18yn4vjdnbjs_lyc555m0000gp/T/cursor-sandbox-cache/cdbffc07cc4039eb8b1fbd660be2a30a/cargo-target/debug/deps/libroaring-caee5ac0028ac4ed.rlib --extern serde=/var/folders/d1/npqv18yn4vjdnbjs_lyc555m0000gp/T/cursor-sandbox-cache/cdbffc07cc4039eb8b1fbd660be2a30a/cargo-target/debug/deps/libserde-f31fa6c5ecf2781f.rlib --extern serde_json=/var/folders/d1/npqv18yn4vjdnbjs_lyc555m0000gp/T/cursor-sandbox-cache/cdbffc07cc4039eb8b1fbd660be2a30a/cargo-target/debug/deps/libserde_json-d71cc06d72bea842.rlib --extern strum=/var/folders/d1/npqv18yn4vjdnbjs_lyc555m0000gp/T/cursor-sandbox-cache/cdbffc07cc4039eb8b1fbd660be2a30a/cargo-target/debug/deps/libstrum-f148eaff53d6bfe4.rlib --extern tempfile=/var/folders/d1/npqv18yn4vjdnbjs_lyc555m0000gp/T/cursor-sandbox-cache/cdbffc07cc4039eb8b1fbd660be2a30a/cargo-target/debug/deps/libtempfile-cd405412dac4304a.rlib --extern test_log=/var/folders/d1/npqv18yn4vjdnbjs_lyc555m0000gp/T/cursor-sandbox-cache/cdbffc07cc4039eb8b1fbd660be2a30a/cargo-target/debug/deps/libtest_log-2b58b1aaeb90cac1.rlib --extern test_utils=/var/folders/d1/npqv18yn4vjdnbjs_lyc555m0000gp/T/cursor-sandbox-cache/cdbffc07cc4039eb8b1fbd660be2a30a/cargo-target/debug/deps/libtest_utils-46336ca9eddfe375.rlib --extern thiserror=/var/folders/d1/npqv18yn4vjdnbjs_lyc555m0000gp/T/cursor-sandbox-cache/cdbffc07cc4039eb8b1fbd660be2a30a/cargo-target/debug/deps/libthiserror-17cb3212f4aa9cb4.rlib --extern tokio=/var/folders/d1/npqv18yn4vjdnbjs_lyc555m0000gp/T/cursor-sandbox-cache/cdbffc07cc4039eb8b1fbd660be2a30a/cargo-target/debug/deps/libtokio-6a8ff76823e999e9.rlib --extern tracing=/var/folders/d1/npqv18yn4vjdnbjs_lyc555m0000gp/T/cursor-sandbox-cache/cdbffc07cc4039eb8b1fbd660be2a30a/cargo-target/debug/deps/libtracing-c9c42c5f650bdd2f.rlib --extern tracing_subscriber=/var/folders/d1/npqv18yn4vjdnbjs_lyc555m0000gp/T/cursor-sandbox-cache/cdbffc07cc4039eb8b1fbd660be2a30a/cargo-target/debug/deps/libtracing_subscriber-fc1a96310b3988e6.rlib --extern url=/var/folders/d1/npqv18yn4vjdnbjs_lyc555m0000gp/T/cursor-sandbox-cache/cdbffc07cc4039eb8b1fbd660be2a30a/cargo-target/debug/deps/liburl-e4d782eed577703a.rlib --extern uuid=/var/folders/d1/npqv18yn4vjdnbjs_lyc555m0000gp/T/cursor-sandbox-cache/cdbffc07cc4039eb8b1fbd660be2a30a/cargo-target/debug/deps/libuuid-fb68ccda50578e1a.rlib --extern walkdir=/var/folders/d1/npqv18yn4vjdnbjs_lyc555m0000gp/T/cursor-sandbox-cache/cdbffc07cc4039eb8b1fbd660be2a30a/cargo-target/debug/deps/libwalkdir-d6d31327a1cd5093.rlib --extern z85=/var/folders/d1/npqv18yn4vjdnbjs_lyc555m0000gp/T/cursor-sandbox-cache/cdbffc07cc4039eb8b1fbd660be2a30a/cargo-target/debug/deps/libz85-796c5c3b6dbf8f95.rlib -L native=/var/folders/d1/npqv18yn4vjdnbjs_lyc555m0000gp/T/cursor-sandbox-cache/cdbffc07cc4039eb8b1fbd660be2a30a/cargo-target/debug/build/ring-5d0e202365689600/out -L native=/var/folders/d1/npqv18yn4vjdnbjs_lyc555m0000gp/T/cursor-sandbox-cache/cdbffc07cc4039eb8b1fbd660be2a30a/cargo-target/debug/build/zstd-sys-d657c915fef83898/out --check-cfg 'cfg(NIGHTLY_CHANNEL)'`
     Running `/Users/branko.grbic/.rustup/toolchains/stable-aarch64-apple-darwin/bin/rustc --crate-name hdfs --edition=2021 kernel/tests/hdfs.rs --error-format=json --json=diagnostic-rendered-ansi,artifacts,future-incompat --emit=dep-info,link -C embed-bitcode=no -C debuginfo=2 -C split-debuginfo=unpacked --test --cfg 'feature="arrow"' --cfg 'feature="arrow-57"' --cfg 'feature="arrow-conversion"' --cfg 'feature="arrow-expression"' --cfg 'feature="catalog-managed"' --cfg 'feature="comfy-table"' --cfg 'feature="default"' --cfg 'feature="default-engine-base"' --cfg 'feature="default-engine-rustls"' --cfg 'feature="futures"' --cfg 'feature="internal-api"' --cfg 'feature="need-arrow"' --cfg 'feature="object_store"' --cfg 'feature="reqwest"' --cfg 'feature="tokio"' --check-cfg 'cfg(docsrs,test)' --check-cfg 'cfg(feature, values("arrow", "arrow-55", "arrow-56", "arrow-57", "arrow-conversion", "arrow-expression", "catalog-managed", "comfy-table", "default", "default-engine-base", "default-engine-native-tls", "default-engine-rustls", "futures", "integration-test", "internal-api", "need-arrow", "object_store", "reqwest", "tokio"))' -C metadata=fcb66e455968e9e7 -C extra-filename=-00c3dad29495e22f --out-dir /var/folders/d1/npqv18yn4vjdnbjs_lyc555m0000gp/T/cursor-sandbox-cache/cdbffc07cc4039eb8b1fbd660be2a30a/cargo-target/debug/deps -C incremental=/var/folders/d1/npqv18yn4vjdnbjs_lyc555m0000gp/T/cursor-sandbox-cache/cdbffc07cc4039eb8b1fbd660be2a30a/cargo-target/debug/incremental -L dependency=/var/folders/d1/npqv18yn4vjdnbjs_lyc555m0000gp/T/cursor-sandbox-cache/cdbffc07cc4039eb8b1fbd660be2a30a/cargo-target/debug/deps --extern arrow_57=/var/folders/d1/npqv18yn4vjdnbjs_lyc555m0000gp/T/cursor-sandbox-cache/cdbffc07cc4039eb8b1fbd660be2a30a/cargo-target/debug/deps/libarrow-e79edf40bc4fa7b9.rlib --extern async_trait=/var/folders/d1/npqv18yn4vjdnbjs_lyc555m0000gp/T/cursor-sandbox-cache/cdbffc07cc4039eb8b1fbd660be2a30a/cargo-target/debug/deps/libasync_trait-910430bd99bb2ae5.dylib --extern bytes=/var/folders/d1/npqv18yn4vjdnbjs_lyc555m0000gp/T/cursor-sandbox-cache/cdbffc07cc4039eb8b1fbd660be2a30a/cargo-target/debug/deps/libbytes-5c4907bd10d2945f.rlib --extern chrono=/var/folders/d1/npqv18yn4vjdnbjs_lyc555m0000gp/T/cursor-sandbox-cache/cdbffc07cc4039eb8b1fbd660be2a30a/cargo-target/debug/deps/libchrono-e684da12fbcc7b68.rlib --extern comfy_table=/var/folders/d1/npqv18yn4vjdnbjs_lyc555m0000gp/T/cursor-sandbox-cache/cdbffc07cc4039eb8b1fbd660be2a30a/cargo-target/debug/deps/libcomfy_table-1351f7bfef342faa.rlib --extern crc=/var/folders/d1/npqv18yn4vjdnbjs_lyc555m0000gp/T/cursor-sandbox-cache/cdbffc07cc4039eb8b1fbd660be2a30a/cargo-target/debug/deps/libcrc-d0fbbe2deca0ed2d.rlib --extern criterion=/var/folders/d1/npqv18yn4vjdnbjs_lyc555m0000gp/T/cursor-sandbox-cache/cdbffc07cc4039eb8b1fbd660be2a30a/cargo-target/debug/deps/libcriterion-7662270df347a1f5.rlib --extern delta_kernel=/var/folders/d1/npqv18yn4vjdnbjs_lyc555m0000gp/T/cursor-sandbox-cache/cdbffc07cc4039eb8b1fbd660be2a30a/cargo-target/debug/deps/libdelta_kernel-a282ec8623aedbd9.rlib --extern delta_kernel=/var/folders/d1/npqv18yn4vjdnbjs_lyc555m0000gp/T/cursor-sandbox-cache/cdbffc07cc4039eb8b1fbd660be2a30a/cargo-target/debug/deps/libdelta_kernel-a282ec8623aedbd9.rlib --extern delta_kernel_derive=/var/folders/d1/npqv18yn4vjdnbjs_lyc555m0000gp/T/cursor-sandbox-cache/cdbffc07cc4039eb8b1fbd660be2a30a/cargo-target/debug/deps/libdelta_kernel_derive-44965556c8eb6a56.dylib --extern futures=/var/folders/d1/npqv18yn4vjdnbjs_lyc555m0000gp/T/cursor-sandbox-cache/cdbffc07cc4039eb8b1fbd660be2a30a/cargo-target/debug/deps/libfutures-9eb06a5d71853af7.rlib --extern hdfs_native=/var/folders/d1/npqv18yn4vjdnbjs_lyc555m0000gp/T/cursor-sandbox-cache/cdbffc07cc4039eb8b1fbd660be2a30a/cargo-target/debug/deps/libhdfs_native-dd3815c51dd644a4.rlib --extern hdfs_native_object_store=/var/folders/d1/npqv18yn4vjdnbjs_lyc555m0000gp/T/cursor-sandbox-cache/cdbffc07cc4039eb8b1fbd660be2a30a/cargo-target/debug/deps/libhdfs_native_object_store-e9b7dfdb098786f2.rlib --extern indexmap=/var/folders/d1/npqv18yn4vjdnbjs_lyc555m0000gp/T/cursor-sandbox-cache/cdbffc07cc4039eb8b1fbd660be2a30a/cargo-target/debug/deps/libindexmap-0825d60958f68f34.rlib --extern itertools=/var/folders/d1/npqv18yn4vjdnbjs_lyc555m0000gp/T/cursor-sandbox-cache/cdbffc07cc4039eb8b1fbd660be2a30a/cargo-target/debug/deps/libitertools-f87846342801b08c.rlib --extern object_store=/var/folders/d1/npqv18yn4vjdnbjs_lyc555m0000gp/T/cursor-sandbox-cache/cdbffc07cc4039eb8b1fbd660be2a30a/cargo-target/debug/deps/libobject_store-619993584b2663ca.rlib --extern parquet_57=/var/folders/d1/npqv18yn4vjdnbjs_lyc555m0000gp/T/cursor-sandbox-cache/cdbffc07cc4039eb8b1fbd660be2a30a/cargo-target/debug/deps/libparquet-f462bbb9fd6d98d8.rlib --extern paste=/var/folders/d1/npqv18yn4vjdnbjs_lyc555m0000gp/T/cursor-sandbox-cache/cdbffc07cc4039eb8b1fbd660be2a30a/cargo-target/debug/deps/libpaste-dd236cf9aec8acf9.dylib --extern reqwest=/var/folders/d1/npqv18yn4vjdnbjs_lyc555m0000gp/T/cursor-sandbox-cache/cdbffc07cc4039eb8b1fbd660be2a30a/cargo-target/debug/deps/libreqwest-1a4adf6ab088ca35.rlib --extern roaring=/var/folders/d1/npqv18yn4vjdnbjs_lyc555m0000gp/T/cursor-sandbox-cache/cdbffc07cc4039eb8b1fbd660be2a30a/cargo-target/debug/deps/libroaring-caee5ac0028ac4ed.rlib --extern serde=/var/folders/d1/npqv18yn4vjdnbjs_lyc555m0000gp/T/cursor-sandbox-cache/cdbffc07cc4039eb8b1fbd660be2a30a/cargo-target/debug/deps/libserde-f31fa6c5ecf2781f.rlib --extern serde_json=/var/folders/d1/npqv18yn4vjdnbjs_lyc555m0000gp/T/cursor-sandbox-cache/cdbffc07cc4039eb8b1fbd660be2a30a/cargo-target/debug/deps/libserde_json-d71cc06d72bea842.rlib --extern strum=/var/folders/d1/npqv18yn4vjdnbjs_lyc555m0000gp/T/cursor-sandbox-cache/cdbffc07cc4039eb8b1fbd660be2a30a/cargo-target/debug/deps/libstrum-f148eaff53d6bfe4.rlib --extern tempfile=/var/folders/d1/npqv18yn4vjdnbjs_lyc555m0000gp/T/cursor-sandbox-cache/cdbffc07cc4039eb8b1fbd660be2a30a/cargo-target/debug/deps/libtempfile-cd405412dac4304a.rlib --extern test_log=/var/folders/d1/npqv18yn4vjdnbjs_lyc555m0000gp/T/cursor-sandbox-cache/cdbffc07cc4039eb8b1fbd660be2a30a/cargo-target/debug/deps/libtest_log-2b58b1aaeb90cac1.rlib --extern test_utils=/var/folders/d1/npqv18yn4vjdnbjs_lyc555m0000gp/T/cursor-sandbox-cache/cdbffc07cc4039eb8b1fbd660be2a30a/cargo-target/debug/deps/libtest_utils-46336ca9eddfe375.rlib --extern thiserror=/var/folders/d1/npqv18yn4vjdnbjs_lyc555m0000gp/T/cursor-sandbox-cache/cdbffc07cc4039eb8b1fbd660be2a30a/cargo-target/debug/deps/libthiserror-17cb3212f4aa9cb4.rlib --extern tokio=/var/folders/d1/npqv18yn4vjdnbjs_lyc555m0000gp/T/cursor-sandbox-cache/cdbffc07cc4039eb8b1fbd660be2a30a/cargo-target/debug/deps/libtokio-6a8ff76823e999e9.rlib --extern tracing=/var/folders/d1/npqv18yn4vjdnbjs_lyc555m0000gp/T/cursor-sandbox-cache/cdbffc07cc4039eb8b1fbd660be2a30a/cargo-target/debug/deps/libtracing-c9c42c5f650bdd2f.rlib --extern tracing_subscriber=/var/folders/d1/npqv18yn4vjdnbjs_lyc555m0000gp/T/cursor-sandbox-cache/cdbffc07cc4039eb8b1fbd660be2a30a/cargo-target/debug/deps/libtracing_subscriber-fc1a96310b3988e6.rlib --extern url=/var/folders/d1/npqv18yn4vjdnbjs_lyc555m0000gp/T/cursor-sandbox-cache/cdbffc07cc4039eb8b1fbd660be2a30a/cargo-target/debug/deps/liburl-e4d782eed577703a.rlib --extern uuid=/var/folders/d1/npqv18yn4vjdnbjs_lyc555m0000gp/T/cursor-sandbox-cache/cdbffc07cc4039eb8b1fbd660be2a30a/cargo-target/debug/deps/libuuid-fb68ccda50578e1a.rlib --extern walkdir=/var/folders/d1/npqv18yn4vjdnbjs_lyc555m0000gp/T/cursor-sandbox-cache/cdbffc07cc4039eb8b1fbd660be2a30a/cargo-target/debug/deps/libwalkdir-d6d31327a1cd5093.rlib --extern z85=/var/folders/d1/npqv18yn4vjdnbjs_lyc555m0000gp/T/cursor-sandbox-cache/cdbffc07cc4039eb8b1fbd660be2a30a/cargo-target/debug/deps/libz85-796c5c3b6dbf8f95.rlib -L native=/var/folders/d1/npqv18yn4vjdnbjs_lyc555m0000gp/T/cursor-sandbox-cache/cdbffc07cc4039eb8b1fbd660be2a30a/cargo-target/debug/build/ring-5d0e202365689600/out -L native=/var/folders/d1/npqv18yn4vjdnbjs_lyc555m0000gp/T/cursor-sandbox-cache/cdbffc07cc4039eb8b1fbd660be2a30a/cargo-target/debug/build/zstd-sys-d657c915fef83898/out --check-cfg 'cfg(NIGHTLY_CHANNEL)'`
     Running `/Users/branko.grbic/.rustup/toolchains/stable-aarch64-apple-darwin/bin/rustc --crate-name log_compaction --edition=2021 kernel/tests/log_compaction.rs --error-format=json --json=diagnostic-rendered-ansi,artifacts,future-incompat --emit=dep-info,link -C embed-bitcode=no -C debuginfo=2 -C split-debuginfo=unpacked --test --cfg 'feature="arrow"' --cfg 'feature="arrow-57"' --cfg 'feature="arrow-conversion"' --cfg 'feature="arrow-expression"' --cfg 'feature="catalog-managed"' --cfg 'feature="comfy-table"' --cfg 'feature="default"' --cfg 'feature="default-engine-base"' --cfg 'feature="default-engine-rustls"' --cfg 'feature="futures"' --cfg 'feature="internal-api"' --cfg 'feature="need-arrow"' --cfg 'feature="object_store"' --cfg 'feature="reqwest"' --cfg 'feature="tokio"' --check-cfg 'cfg(docsrs,test)' --check-cfg 'cfg(feature, values("arrow", "arrow-55", "arrow-56", "arrow-57", "arrow-conversion", "arrow-expression", "catalog-managed", "comfy-table", "default", "default-engine-base", "default-engine-native-tls", "default-engine-rustls", "futures", "integration-test", "internal-api", "need-arrow", "object_store", "reqwest", "tokio"))' -C metadata=f7a14504e57f962b -C extra-filename=-a1dbc2d1b4d0d4d6 --out-dir /var/folders/d1/npqv18yn4vjdnbjs_lyc555m0000gp/T/cursor-sandbox-cache/cdbffc07cc4039eb8b1fbd660be2a30a/cargo-target/debug/deps -C incremental=/var/folders/d1/npqv18yn4vjdnbjs_lyc555m0000gp/T/cursor-sandbox-cache/cdbffc07cc4039eb8b1fbd660be2a30a/cargo-target/debug/incremental -L dependency=/var/folders/d1/npqv18yn4vjdnbjs_lyc555m0000gp/T/cursor-sandbox-cache/cdbffc07cc4039eb8b1fbd660be2a30a/cargo-target/debug/deps --extern arrow_57=/var/folders/d1/npqv18yn4vjdnbjs_lyc555m0000gp/T/cursor-sandbox-cache/cdbffc07cc4039eb8b1fbd660be2a30a/cargo-target/debug/deps/libarrow-e79edf40bc4fa7b9.rlib --extern async_trait=/var/folders/d1/npqv18yn4vjdnbjs_lyc555m0000gp/T/cursor-sandbox-cache/cdbffc07cc4039eb8b1fbd660be2a30a/cargo-target/debug/deps/libasync_trait-910430bd99bb2ae5.dylib --extern bytes=/var/folders/d1/npqv18yn4vjdnbjs_lyc555m0000gp/T/cursor-sandbox-cache/cdbffc07cc4039eb8b1fbd660be2a30a/cargo-target/debug/deps/libbytes-5c4907bd10d2945f.rlib --extern chrono=/var/folders/d1/npqv18yn4vjdnbjs_lyc555m0000gp/T/cursor-sandbox-cache/cdbffc07cc4039eb8b1fbd660be2a30a/cargo-target/debug/deps/libchrono-e684da12fbcc7b68.rlib --extern comfy_table=/var/folders/d1/npqv18yn4vjdnbjs_lyc555m0000gp/T/cursor-sandbox-cache/cdbffc07cc4039eb8b1fbd660be2a30a/cargo-target/debug/deps/libcomfy_table-1351f7bfef342faa.rlib --extern crc=/var/folders/d1/npqv18yn4vjdnbjs_lyc555m0000gp/T/cursor-sandbox-cache/cdbffc07cc4039eb8b1fbd660be2a30a/cargo-target/debug/deps/libcrc-d0fbbe2deca0ed2d.rlib --extern criterion=/var/folders/d1/npqv18yn4vjdnbjs_lyc555m0000gp/T/cursor-sandbox-cache/cdbffc07cc4039eb8b1fbd660be2a30a/cargo-target/debug/deps/libcriterion-7662270df347a1f5.rlib --extern delta_kernel=/var/folders/d1/npqv18yn4vjdnbjs_lyc555m0000gp/T/cursor-sandbox-cache/cdbffc07cc4039eb8b1fbd660be2a30a/cargo-target/debug/deps/libdelta_kernel-a282ec8623aedbd9.rlib --extern delta_kernel=/var/folders/d1/npqv18yn4vjdnbjs_lyc555m0000gp/T/cursor-sandbox-cache/cdbffc07cc4039eb8b1fbd660be2a30a/cargo-target/debug/deps/libdelta_kernel-a282ec8623aedbd9.rlib --extern delta_kernel_derive=/var/folders/d1/npqv18yn4vjdnbjs_lyc555m0000gp/T/cursor-sandbox-cache/cdbffc07cc4039eb8b1fbd660be2a30a/cargo-target/debug/deps/libdelta_kernel_derive-44965556c8eb6a56.dylib --extern futures=/var/folders/d1/npqv18yn4vjdnbjs_lyc555m0000gp/T/cursor-sandbox-cache/cdbffc07cc4039eb8b1fbd660be2a30a/cargo-target/debug/deps/libfutures-9eb06a5d71853af7.rlib --extern hdfs_native=/var/folders/d1/npqv18yn4vjdnbjs_lyc555m0000gp/T/cursor-sandbox-cache/cdbffc07cc4039eb8b1fbd660be2a30a/cargo-target/debug/deps/libhdfs_native-dd3815c51dd644a4.rlib --extern hdfs_native_object_store=/var/folders/d1/npqv18yn4vjdnbjs_lyc555m0000gp/T/cursor-sandbox-cache/cdbffc07cc4039eb8b1fbd660be2a30a/cargo-target/debug/deps/libhdfs_native_object_store-e9b7dfdb098786f2.rlib --extern indexmap=/var/folders/d1/npqv18yn4vjdnbjs_lyc555m0000gp/T/cursor-sandbox-cache/cdbffc07cc4039eb8b1fbd660be2a30a/cargo-target/debug/deps/libindexmap-0825d60958f68f34.rlib --extern itertools=/var/folders/d1/npqv18yn4vjdnbjs_lyc555m0000gp/T/cursor-sandbox-cache/cdbffc07cc4039eb8b1fbd660be2a30a/cargo-target/debug/deps/libitertools-f87846342801b08c.rlib --extern object_store=/var/folders/d1/npqv18yn4vjdnbjs_lyc555m0000gp/T/cursor-sandbox-cache/cdbffc07cc4039eb8b1fbd660be2a30a/cargo-target/debug/deps/libobject_store-619993584b2663ca.rlib --extern parquet_57=/var/folders/d1/npqv18yn4vjdnbjs_lyc555m0000gp/T/cursor-sandbox-cache/cdbffc07cc4039eb8b1fbd660be2a30a/cargo-target/debug/deps/libparquet-f462bbb9fd6d98d8.rlib --extern paste=/var/folders/d1/npqv18yn4vjdnbjs_lyc555m0000gp/T/cursor-sandbox-cache/cdbffc07cc4039eb8b1fbd660be2a30a/cargo-target/debug/deps/libpaste-dd236cf9aec8acf9.dylib --extern reqwest=/var/folders/d1/npqv18yn4vjdnbjs_lyc555m0000gp/T/cursor-sandbox-cache/cdbffc07cc4039eb8b1fbd660be2a30a/cargo-target/debug/deps/libreqwest-1a4adf6ab088ca35.rlib --extern roaring=/var/folders/d1/npqv18yn4vjdnbjs_lyc555m0000gp/T/cursor-sandbox-cache/cdbffc07cc4039eb8b1fbd660be2a30a/cargo-target/debug/deps/libroaring-caee5ac0028ac4ed.rlib --extern serde=/var/folders/d1/npqv18yn4vjdnbjs_lyc555m0000gp/T/cursor-sandbox-cache/cdbffc07cc4039eb8b1fbd660be2a30a/cargo-target/debug/deps/libserde-f31fa6c5ecf2781f.rlib --extern serde_json=/var/folders/d1/npqv18yn4vjdnbjs_lyc555m0000gp/T/cursor-sandbox-cache/cdbffc07cc4039eb8b1fbd660be2a30a/cargo-target/debug/deps/libserde_json-d71cc06d72bea842.rlib --extern strum=/var/folders/d1/npqv18yn4vjdnbjs_lyc555m0000gp/T/cursor-sandbox-cache/cdbffc07cc4039eb8b1fbd660be2a30a/cargo-target/debug/deps/libstrum-f148eaff53d6bfe4.rlib --extern tempfile=/var/folders/d1/npqv18yn4vjdnbjs_lyc555m0000gp/T/cursor-sandbox-cache/cdbffc07cc4039eb8b1fbd660be2a30a/cargo-target/debug/deps/libtempfile-cd405412dac4304a.rlib --extern test_log=/var/folders/d1/npqv18yn4vjdnbjs_lyc555m0000gp/T/cursor-sandbox-cache/cdbffc07cc4039eb8b1fbd660be2a30a/cargo-target/debug/deps/libtest_log-2b58b1aaeb90cac1.rlib --extern test_utils=/var/folders/d1/npqv18yn4vjdnbjs_lyc555m0000gp/T/cursor-sandbox-cache/cdbffc07cc4039eb8b1fbd660be2a30a/cargo-target/debug/deps/libtest_utils-46336ca9eddfe375.rlib --extern thiserror=/var/folders/d1/npqv18yn4vjdnbjs_lyc555m0000gp/T/cursor-sandbox-cache/cdbffc07cc4039eb8b1fbd660be2a30a/cargo-target/debug/deps/libthiserror-17cb3212f4aa9cb4.rlib --extern tokio=/var/folders/d1/npqv18yn4vjdnbjs_lyc555m0000gp/T/cursor-sandbox-cache/cdbffc07cc4039eb8b1fbd660be2a30a/cargo-target/debug/deps/libtokio-6a8ff76823e999e9.rlib --extern tracing=/var/folders/d1/npqv18yn4vjdnbjs_lyc555m0000gp/T/cursor-sandbox-cache/cdbffc07cc4039eb8b1fbd660be2a30a/cargo-target/debug/deps/libtracing-c9c42c5f650bdd2f.rlib --extern tracing_subscriber=/var/folders/d1/npqv18yn4vjdnbjs_lyc555m0000gp/T/cursor-sandbox-cache/cdbffc07cc4039eb8b1fbd660be2a30a/cargo-target/debug/deps/libtracing_subscriber-fc1a96310b3988e6.rlib --extern url=/var/folders/d1/npqv18yn4vjdnbjs_lyc555m0000gp/T/cursor-sandbox-cache/cdbffc07cc4039eb8b1fbd660be2a30a/cargo-target/debug/deps/liburl-e4d782eed577703a.rlib --extern uuid=/var/folders/d1/npqv18yn4vjdnbjs_lyc555m0000gp/T/cursor-sandbox-cache/cdbffc07cc4039eb8b1fbd660be2a30a/cargo-target/debug/deps/libuuid-fb68ccda50578e1a.rlib --extern walkdir=/var/folders/d1/npqv18yn4vjdnbjs_lyc555m0000gp/T/cursor-sandbox-cache/cdbffc07cc4039eb8b1fbd660be2a30a/cargo-target/debug/deps/libwalkdir-d6d31327a1cd5093.rlib --extern z85=/var/folders/d1/npqv18yn4vjdnbjs_lyc555m0000gp/T/cursor-sandbox-cache/cdbffc07cc4039eb8b1fbd660be2a30a/cargo-target/debug/deps/libz85-796c5c3b6dbf8f95.rlib -L native=/var/folders/d1/npqv18yn4vjdnbjs_lyc555m0000gp/T/cursor-sandbox-cache/cdbffc07cc4039eb8b1fbd660be2a30a/cargo-target/debug/build/ring-5d0e202365689600/out -L native=/var/folders/d1/npqv18yn4vjdnbjs_lyc555m0000gp/T/cursor-sandbox-cache/cdbffc07cc4039eb8b1fbd660be2a30a/cargo-target/debug/build/zstd-sys-d657c915fef83898/out --check-cfg 'cfg(NIGHTLY_CHANNEL)'`
     Running `/Users/branko.grbic/.rustup/toolchains/stable-aarch64-apple-darwin/bin/rustc --crate-name write_row_tracking --edition=2021 kernel/tests/write_row_tracking.rs --error-format=json --json=diagnostic-rendered-ansi,artifacts,future-incompat --emit=dep-info,link -C embed-bitcode=no -C debuginfo=2 -C split-debuginfo=unpacked --test --cfg 'feature="arrow"' --cfg 'feature="arrow-57"' --cfg 'feature="arrow-conversion"' --cfg 'feature="arrow-expression"' --cfg 'feature="catalog-managed"' --cfg 'feature="comfy-table"' --cfg 'feature="default"' --cfg 'feature="default-engine-base"' --cfg 'feature="default-engine-rustls"' --cfg 'feature="futures"' --cfg 'feature="internal-api"' --cfg 'feature="need-arrow"' --cfg 'feature="object_store"' --cfg 'feature="reqwest"' --cfg 'feature="tokio"' --check-cfg 'cfg(docsrs,test)' --check-cfg 'cfg(feature, values("arrow", "arrow-55", "arrow-56", "arrow-57", "arrow-conversion", "arrow-expression", "catalog-managed", "comfy-table", "default", "default-engine-base", "default-engine-native-tls", "default-engine-rustls", "futures", "integration-test", "internal-api", "need-arrow", "object_store", "reqwest", "tokio"))' -C metadata=197583b2f2600aeb -C extra-filename=-5d653ce1f08f8fa3 --out-dir /var/folders/d1/npqv18yn4vjdnbjs_lyc555m0000gp/T/cursor-sandbox-cache/cdbffc07cc4039eb8b1fbd660be2a30a/cargo-target/debug/deps -C incremental=/var/folders/d1/npqv18yn4vjdnbjs_lyc555m0000gp/T/cursor-sandbox-cache/cdbffc07cc4039eb8b1fbd660be2a30a/cargo-target/debug/incremental -L dependency=/var/folders/d1/npqv18yn4vjdnbjs_lyc555m0000gp/T/cursor-sandbox-cache/cdbffc07cc4039eb8b1fbd660be2a30a/cargo-target/debug/deps --extern arrow_57=/var/folders/d1/npqv18yn4vjdnbjs_lyc555m0000gp/T/cursor-sandbox-cache/cdbffc07cc4039eb8b1fbd660be2a30a/cargo-target/debug/deps/libarrow-e79edf40bc4fa7b9.rlib --extern async_trait=/var/folders/d1/npqv18yn4vjdnbjs_lyc555m0000gp/T/cursor-sandbox-cache/cdbffc07cc4039eb8b1fbd660be2a30a/cargo-target/debug/deps/libasync_trait-910430bd99bb2ae5.dylib --extern bytes=/var/folders/d1/npqv18yn4vjdnbjs_lyc555m0000gp/T/cursor-sandbox-cache/cdbffc07cc4039eb8b1fbd660be2a30a/cargo-target/debug/deps/libbytes-5c4907bd10d2945f.rlib --extern chrono=/var/folders/d1/npqv18yn4vjdnbjs_lyc555m0000gp/T/cursor-sandbox-cache/cdbffc07cc4039eb8b1fbd660be2a30a/cargo-target/debug/deps/libchrono-e684da12fbcc7b68.rlib --extern comfy_table=/var/folders/d1/npqv18yn4vjdnbjs_lyc555m0000gp/T/cursor-sandbox-cache/cdbffc07cc4039eb8b1fbd660be2a30a/cargo-target/debug/deps/libcomfy_table-1351f7bfef342faa.rlib --extern crc=/var/folders/d1/npqv18yn4vjdnbjs_lyc555m0000gp/T/cursor-sandbox-cache/cdbffc07cc4039eb8b1fbd660be2a30a/cargo-target/debug/deps/libcrc-d0fbbe2deca0ed2d.rlib --extern criterion=/var/folders/d1/npqv18yn4vjdnbjs_lyc555m0000gp/T/cursor-sandbox-cache/cdbffc07cc4039eb8b1fbd660be2a30a/cargo-target/debug/deps/libcriterion-7662270df347a1f5.rlib --extern delta_kernel=/var/folders/d1/npqv18yn4vjdnbjs_lyc555m0000gp/T/cursor-sandbox-cache/cdbffc07cc4039eb8b1fbd660be2a30a/cargo-target/debug/deps/libdelta_kernel-a282ec8623aedbd9.rlib --extern delta_kernel=/var/folders/d1/npqv18yn4vjdnbjs_lyc555m0000gp/T/cursor-sandbox-cache/cdbffc07cc4039eb8b1fbd660be2a30a/cargo-target/debug/deps/libdelta_kernel-a282ec8623aedbd9.rlib --extern delta_kernel_derive=/var/folders/d1/npqv18yn4vjdnbjs_lyc555m0000gp/T/cursor-sandbox-cache/cdbffc07cc4039eb8b1fbd660be2a30a/cargo-target/debug/deps/libdelta_kernel_derive-44965556c8eb6a56.dylib --extern futures=/var/folders/d1/npqv18yn4vjdnbjs_lyc555m0000gp/T/cursor-sandbox-cache/cdbffc07cc4039eb8b1fbd660be2a30a/cargo-target/debug/deps/libfutures-9eb06a5d71853af7.rlib --extern hdfs_native=/var/folders/d1/npqv18yn4vjdnbjs_lyc555m0000gp/T/cursor-sandbox-cache/cdbffc07cc4039eb8b1fbd660be2a30a/cargo-target/debug/deps/libhdfs_native-dd3815c51dd644a4.rlib --extern hdfs_native_object_store=/var/folders/d1/npqv18yn4vjdnbjs_lyc555m0000gp/T/cursor-sandbox-cache/cdbffc07cc4039eb8b1fbd660be2a30a/cargo-target/debug/deps/libhdfs_native_object_store-e9b7dfdb098786f2.rlib --extern indexmap=/var/folders/d1/npqv18yn4vjdnbjs_lyc555m0000gp/T/cursor-sandbox-cache/cdbffc07cc4039eb8b1fbd660be2a30a/cargo-target/debug/deps/libindexmap-0825d60958f68f34.rlib --extern itertools=/var/folders/d1/npqv18yn4vjdnbjs_lyc555m0000gp/T/cursor-sandbox-cache/cdbffc07cc4039eb8b1fbd660be2a30a/cargo-target/debug/deps/libitertools-f87846342801b08c.rlib --extern object_store=/var/folders/d1/npqv18yn4vjdnbjs_lyc555m0000gp/T/cursor-sandbox-cache/cdbffc07cc4039eb8b1fbd660be2a30a/cargo-target/debug/deps/libobject_store-619993584b2663ca.rlib --extern parquet_57=/var/folders/d1/npqv18yn4vjdnbjs_lyc555m0000gp/T/cursor-sandbox-cache/cdbffc07cc4039eb8b1fbd660be2a30a/cargo-target/debug/deps/libparquet-f462bbb9fd6d98d8.rlib --extern paste=/var/folders/d1/npqv18yn4vjdnbjs_lyc555m0000gp/T/cursor-sandbox-cache/cdbffc07cc4039eb8b1fbd660be2a30a/cargo-target/debug/deps/libpaste-dd236cf9aec8acf9.dylib --extern reqwest=/var/folders/d1/npqv18yn4vjdnbjs_lyc555m0000gp/T/cursor-sandbox-cache/cdbffc07cc4039eb8b1fbd660be2a30a/cargo-target/debug/deps/libreqwest-1a4adf6ab088ca35.rlib --extern roaring=/var/folders/d1/npqv18yn4vjdnbjs_lyc555m0000gp/T/cursor-sandbox-cache/cdbffc07cc4039eb8b1fbd660be2a30a/cargo-target/debug/deps/libroaring-caee5ac0028ac4ed.rlib --extern serde=/var/folders/d1/npqv18yn4vjdnbjs_lyc555m0000gp/T/cursor-sandbox-cache/cdbffc07cc4039eb8b1fbd660be2a30a/cargo-target/debug/deps/libserde-f31fa6c5ecf2781f.rlib --extern serde_json=/var/folders/d1/npqv18yn4vjdnbjs_lyc555m0000gp/T/cursor-sandbox-cache/cdbffc07cc4039eb8b1fbd660be2a30a/cargo-target/debug/deps/libserde_json-d71cc06d72bea842.rlib --extern strum=/var/folders/d1/npqv18yn4vjdnbjs_lyc555m0000gp/T/cursor-sandbox-cache/cdbffc07cc4039eb8b1fbd660be2a30a/cargo-target/debug/deps/libstrum-f148eaff53d6bfe4.rlib --extern tempfile=/var/folders/d1/npqv18yn4vjdnbjs_lyc555m0000gp/T/cursor-sandbox-cache/cdbffc07cc4039eb8b1fbd660be2a30a/cargo-target/debug/deps/libtempfile-cd405412dac4304a.rlib --extern test_log=/var/folders/d1/npqv18yn4vjdnbjs_lyc555m0000gp/T/cursor-sandbox-cache/cdbffc07cc4039eb8b1fbd660be2a30a/cargo-target/debug/deps/libtest_log-2b58b1aaeb90cac1.rlib --extern test_utils=/var/folders/d1/npqv18yn4vjdnbjs_lyc555m0000gp/T/cursor-sandbox-cache/cdbffc07cc4039eb8b1fbd660be2a30a/cargo-target/debug/deps/libtest_utils-46336ca9eddfe375.rlib --extern thiserror=/var/folders/d1/npqv18yn4vjdnbjs_lyc555m0000gp/T/cursor-sandbox-cache/cdbffc07cc4039eb8b1fbd660be2a30a/cargo-target/debug/deps/libthiserror-17cb3212f4aa9cb4.rlib --extern tokio=/var/folders/d1/npqv18yn4vjdnbjs_lyc555m0000gp/T/cursor-sandbox-cache/cdbffc07cc4039eb8b1fbd660be2a30a/cargo-target/debug/deps/libtokio-6a8ff76823e999e9.rlib --extern tracing=/var/folders/d1/npqv18yn4vjdnbjs_lyc555m0000gp/T/cursor-sandbox-cache/cdbffc07cc4039eb8b1fbd660be2a30a/cargo-target/debug/deps/libtracing-c9c42c5f650bdd2f.rlib --extern tracing_subscriber=/var/folders/d1/npqv18yn4vjdnbjs_lyc555m0000gp/T/cursor-sandbox-cache/cdbffc07cc4039eb8b1fbd660be2a30a/cargo-target/debug/deps/libtracing_subscriber-fc1a96310b3988e6.rlib --extern url=/var/folders/d1/npqv18yn4vjdnbjs_lyc555m0000gp/T/cursor-sandbox-cache/cdbffc07cc4039eb8b1fbd660be2a30a/cargo-target/debug/deps/liburl-e4d782eed577703a.rlib --extern uuid=/var/folders/d1/npqv18yn4vjdnbjs_lyc555m0000gp/T/cursor-sandbox-cache/cdbffc07cc4039eb8b1fbd660be2a30a/cargo-target/debug/deps/libuuid-fb68ccda50578e1a.rlib --extern walkdir=/var/folders/d1/npqv18yn4vjdnbjs_lyc555m0000gp/T/cursor-sandbox-cache/cdbffc07cc4039eb8b1fbd660be2a30a/cargo-target/debug/deps/libwalkdir-d6d31327a1cd5093.rlib --extern z85=/var/folders/d1/npqv18yn4vjdnbjs_lyc555m0000gp/T/cursor-sandbox-cache/cdbffc07cc4039eb8b1fbd660be2a30a/cargo-target/debug/deps/libz85-796c5c3b6dbf8f95.rlib -L native=/var/folders/d1/npqv18yn4vjdnbjs_lyc555m0000gp/T/cursor-sandbox-cache/cdbffc07cc4039eb8b1fbd660be2a30a/cargo-target/debug/build/ring-5d0e202365689600/out -L native=/var/folders/d1/npqv18yn4vjdnbjs_lyc555m0000gp/T/cursor-sandbox-cache/cdbffc07cc4039eb8b1fbd660be2a30a/cargo-target/debug/build/zstd-sys-d657c915fef83898/out --check-cfg 'cfg(NIGHTLY_CHANNEL)'`
     Running `/Users/branko.grbic/.rustup/toolchains/stable-aarch64-apple-darwin/bin/rustc --crate-name delta_kernel --edition=2021 kernel/src/lib.rs --error-format=json --json=diagnostic-rendered-ansi,artifacts,future-incompat --emit=dep-info,link -C embed-bitcode=no -C debuginfo=2 -C split-debuginfo=unpacked --test --cfg 'feature="arrow"' --cfg 'feature="arrow-57"' --cfg 'feature="arrow-conversion"' --cfg 'feature="arrow-expression"' --cfg 'feature="catalog-managed"' --cfg 'feature="comfy-table"' --cfg 'feature="default"' --cfg 'feature="default-engine-base"' --cfg 'feature="default-engine-rustls"' --cfg 'feature="futures"' --cfg 'feature="internal-api"' --cfg 'feature="need-arrow"' --cfg 'feature="object_store"' --cfg 'feature="reqwest"' --cfg 'feature="tokio"' --check-cfg 'cfg(docsrs,test)' --check-cfg 'cfg(feature, values("arrow", "arrow-55", "arrow-56", "arrow-57", "arrow-conversion", "arrow-expression", "catalog-managed", "comfy-table", "default", "default-engine-base", "default-engine-native-tls", "default-engine-rustls", "futures", "integration-test", "internal-api", "need-arrow", "object_store", "reqwest", "tokio"))' -C metadata=564082330e2a7b8c -C extra-filename=-5773cb4266929cbd --out-dir /var/folders/d1/npqv18yn4vjdnbjs_lyc555m0000gp/T/cursor-sandbox-cache/cdbffc07cc4039eb8b1fbd660be2a30a/cargo-target/debug/deps -C incremental=/var/folders/d1/npqv18yn4vjdnbjs_lyc555m0000gp/T/cursor-sandbox-cache/cdbffc07cc4039eb8b1fbd660be2a30a/cargo-target/debug/incremental -L dependency=/var/folders/d1/npqv18yn4vjdnbjs_lyc555m0000gp/T/cursor-sandbox-cache/cdbffc07cc4039eb8b1fbd660be2a30a/cargo-target/debug/deps --extern arrow_57=/var/folders/d1/npqv18yn4vjdnbjs_lyc555m0000gp/T/cursor-sandbox-cache/cdbffc07cc4039eb8b1fbd660be2a30a/cargo-target/debug/deps/libarrow-e79edf40bc4fa7b9.rlib --extern async_trait=/var/folders/d1/npqv18yn4vjdnbjs_lyc555m0000gp/T/cursor-sandbox-cache/cdbffc07cc4039eb8b1fbd660be2a30a/cargo-target/debug/deps/libasync_trait-910430bd99bb2ae5.dylib --extern bytes=/var/folders/d1/npqv18yn4vjdnbjs_lyc555m0000gp/T/cursor-sandbox-cache/cdbffc07cc4039eb8b1fbd660be2a30a/cargo-target/debug/deps/libbytes-5c4907bd10d2945f.rlib --extern chrono=/var/folders/d1/npqv18yn4vjdnbjs_lyc555m0000gp/T/cursor-sandbox-cache/cdbffc07cc4039eb8b1fbd660be2a30a/cargo-target/debug/deps/libchrono-e684da12fbcc7b68.rlib --extern comfy_table=/var/folders/d1/npqv18yn4vjdnbjs_lyc555m0000gp/T/cursor-sandbox-cache/cdbffc07cc4039eb8b1fbd660be2a30a/cargo-target/debug/deps/libcomfy_table-1351f7bfef342faa.rlib --extern crc=/var/folders/d1/npqv18yn4vjdnbjs_lyc555m0000gp/T/cursor-sandbox-cache/cdbffc07cc4039eb8b1fbd660be2a30a/cargo-target/debug/deps/libcrc-d0fbbe2deca0ed2d.rlib --extern criterion=/var/folders/d1/npqv18yn4vjdnbjs_lyc555m0000gp/T/cursor-sandbox-cache/cdbffc07cc4039eb8b1fbd660be2a30a/cargo-target/debug/deps/libcriterion-7662270df347a1f5.rlib --extern delta_kernel=/var/folders/d1/npqv18yn4vjdnbjs_lyc555m0000gp/T/cursor-sandbox-cache/cdbffc07cc4039eb8b1fbd660be2a30a/cargo-target/debug/deps/libdelta_kernel-a282ec8623aedbd9.rlib --extern delta_kernel_derive=/var/folders/d1/npqv18yn4vjdnbjs_lyc555m0000gp/T/cursor-sandbox-cache/cdbffc07cc4039eb8b1fbd660be2a30a/cargo-target/debug/deps/libdelta_kernel_derive-44965556c8eb6a56.dylib --extern futures=/var/folders/d1/npqv18yn4vjdnbjs_lyc555m0000gp/T/cursor-sandbox-cache/cdbffc07cc4039eb8b1fbd660be2a30a/cargo-target/debug/deps/libfutures-9eb06a5d71853af7.rlib --extern hdfs_native=/var/folders/d1/npqv18yn4vjdnbjs_lyc555m0000gp/T/cursor-sandbox-cache/cdbffc07cc4039eb8b1fbd660be2a30a/cargo-target/debug/deps/libhdfs_native-dd3815c51dd644a4.rlib --extern hdfs_native_object_store=/var/folders/d1/npqv18yn4vjdnbjs_lyc555m0000gp/T/cursor-sandbox-cache/cdbffc07cc4039eb8b1fbd660be2a30a/cargo-target/debug/deps/libhdfs_native_object_store-e9b7dfdb098786f2.rlib --extern indexmap=/var/folders/d1/npqv18yn4vjdnbjs_lyc555m0000gp/T/cursor-sandbox-cache/cdbffc07cc4039eb8b1fbd660be2a30a/cargo-target/debug/deps/libindexmap-0825d60958f68f34.rlib --extern itertools=/var/folders/d1/npqv18yn4vjdnbjs_lyc555m0000gp/T/cursor-sandbox-cache/cdbffc07cc4039eb8b1fbd660be2a30a/cargo-target/debug/deps/libitertools-f87846342801b08c.rlib --extern object_store=/var/folders/d1/npqv18yn4vjdnbjs_lyc555m0000gp/T/cursor-sandbox-cache/cdbffc07cc4039eb8b1fbd660be2a30a/cargo-target/debug/deps/libobject_store-619993584b2663ca.rlib --extern parquet_57=/var/folders/d1/npqv18yn4vjdnbjs_lyc555m0000gp/T/cursor-sandbox-cache/cdbffc07cc4039eb8b1fbd660be2a30a/cargo-target/debug/deps/libparquet-f462bbb9fd6d98d8.rlib --extern paste=/var/folders/d1/npqv18yn4vjdnbjs_lyc555m0000gp/T/cursor-sandbox-cache/cdbffc07cc4039eb8b1fbd660be2a30a/cargo-target/debug/deps/libpaste-dd236cf9aec8acf9.dylib --extern reqwest=/var/folders/d1/npqv18yn4vjdnbjs_lyc555m0000gp/T/cursor-sandbox-cache/cdbffc07cc4039eb8b1fbd660be2a30a/cargo-target/debug/deps/libreqwest-1a4adf6ab088ca35.rlib --extern roaring=/var/folders/d1/npqv18yn4vjdnbjs_lyc555m0000gp/T/cursor-sandbox-cache/cdbffc07cc4039eb8b1fbd660be2a30a/cargo-target/debug/deps/libroaring-caee5ac0028ac4ed.rlib --extern serde=/var/folders/d1/npqv18yn4vjdnbjs_lyc555m0000gp/T/cursor-sandbox-cache/cdbffc07cc4039eb8b1fbd660be2a30a/cargo-target/debug/deps/libserde-f31fa6c5ecf2781f.rlib --extern serde_json=/var/folders/d1/npqv18yn4vjdnbjs_lyc555m0000gp/T/cursor-sandbox-cache/cdbffc07cc4039eb8b1fbd660be2a30a/cargo-target/debug/deps/libserde_json-d71cc06d72bea842.rlib --extern strum=/var/folders/d1/npqv18yn4vjdnbjs_lyc555m0000gp/T/cursor-sandbox-cache/cdbffc07cc4039eb8b1fbd660be2a30a/cargo-target/debug/deps/libstrum-f148eaff53d6bfe4.rlib --extern tempfile=/var/folders/d1/npqv18yn4vjdnbjs_lyc555m0000gp/T/cursor-sandbox-cache/cdbffc07cc4039eb8b1fbd660be2a30a/cargo-target/debug/deps/libtempfile-cd405412dac4304a.rlib --extern test_log=/var/folders/d1/npqv18yn4vjdnbjs_lyc555m0000gp/T/cursor-sandbox-cache/cdbffc07cc4039eb8b1fbd660be2a30a/cargo-target/debug/deps/libtest_log-2b58b1aaeb90cac1.rlib --extern test_utils=/var/folders/d1/npqv18yn4vjdnbjs_lyc555m0000gp/T/cursor-sandbox-cache/cdbffc07cc4039eb8b1fbd660be2a30a/cargo-target/debug/deps/libtest_utils-46336ca9eddfe375.rlib --extern thiserror=/var/folders/d1/npqv18yn4vjdnbjs_lyc555m0000gp/T/cursor-sandbox-cache/cdbffc07cc4039eb8b1fbd660be2a30a/cargo-target/debug/deps/libthiserror-17cb3212f4aa9cb4.rlib --extern tokio=/var/folders/d1/npqv18yn4vjdnbjs_lyc555m0000gp/T/cursor-sandbox-cache/cdbffc07cc4039eb8b1fbd660be2a30a/cargo-target/debug/deps/libtokio-6a8ff76823e999e9.rlib --extern tracing=/var/folders/d1/npqv18yn4vjdnbjs_lyc555m0000gp/T/cursor-sandbox-cache/cdbffc07cc4039eb8b1fbd660be2a30a/cargo-target/debug/deps/libtracing-c9c42c5f650bdd2f.rlib --extern tracing_subscriber=/var/folders/d1/npqv18yn4vjdnbjs_lyc555m0000gp/T/cursor-sandbox-cache/cdbffc07cc4039eb8b1fbd660be2a30a/cargo-target/debug/deps/libtracing_subscriber-fc1a96310b3988e6.rlib --extern url=/var/folders/d1/npqv18yn4vjdnbjs_lyc555m0000gp/T/cursor-sandbox-cache/cdbffc07cc4039eb8b1fbd660be2a30a/cargo-target/debug/deps/liburl-e4d782eed577703a.rlib --extern uuid=/var/folders/d1/npqv18yn4vjdnbjs_lyc555m0000gp/T/cursor-sandbox-cache/cdbffc07cc4039eb8b1fbd660be2a30a/cargo-target/debug/deps/libuuid-fb68ccda50578e1a.rlib --extern walkdir=/var/folders/d1/npqv18yn4vjdnbjs_lyc555m0000gp/T/cursor-sandbox-cache/cdbffc07cc4039eb8b1fbd660be2a30a/cargo-target/debug/deps/libwalkdir-d6d31327a1cd5093.rlib --extern z85=/var/folders/d1/npqv18yn4vjdnbjs_lyc555m0000gp/T/cursor-sandbox-cache/cdbffc07cc4039eb8b1fbd660be2a30a/cargo-target/debug/deps/libz85-796c5c3b6dbf8f95.rlib -L native=/var/folders/d1/npqv18yn4vjdnbjs_lyc555m0000gp/T/cursor-sandbox-cache/cdbffc07cc4039eb8b1fbd660be2a30a/cargo-target/debug/build/ring-5d0e202365689600/out -L native=/var/folders/d1/npqv18yn4vjdnbjs_lyc555m0000gp/T/cursor-sandbox-cache/cdbffc07cc4039eb8b1fbd660be2a30a/cargo-target/debug/build/zstd-sys-d657c915fef83898/out --check-cfg 'cfg(NIGHTLY_CHANNEL)'`
     Running `/Users/branko.grbic/.rustup/toolchains/stable-aarch64-apple-darwin/bin/rustc --crate-name cdf --edition=2021 kernel/tests/cdf.rs --error-format=json --json=diagnostic-rendered-ansi,artifacts,future-incompat --emit=dep-info,link -C embed-bitcode=no -C debuginfo=2 -C split-debuginfo=unpacked --test --cfg 'feature="arrow"' --cfg 'feature="arrow-57"' --cfg 'feature="arrow-conversion"' --cfg 'feature="arrow-expression"' --cfg 'feature="catalog-managed"' --cfg 'feature="comfy-table"' --cfg 'feature="default"' --cfg 'feature="default-engine-base"' --cfg 'feature="default-engine-rustls"' --cfg 'feature="futures"' --cfg 'feature="internal-api"' --cfg 'feature="need-arrow"' --cfg 'feature="object_store"' --cfg 'feature="reqwest"' --cfg 'feature="tokio"' --check-cfg 'cfg(docsrs,test)' --check-cfg 'cfg(feature, values("arrow", "arrow-55", "arrow-56", "arrow-57", "arrow-conversion", "arrow-expression", "catalog-managed", "comfy-table", "default", "default-engine-base", "default-engine-native-tls", "default-engine-rustls", "futures", "integration-test", "internal-api", "need-arrow", "object_store", "reqwest", "tokio"))' -C metadata=19c61cfe2489532c -C extra-filename=-527530cfa005349c --out-dir /var/folders/d1/npqv18yn4vjdnbjs_lyc555m0000gp/T/cursor-sandbox-cache/cdbffc07cc4039eb8b1fbd660be2a30a/cargo-target/debug/deps -C incremental=/var/folders/d1/npqv18yn4vjdnbjs_lyc555m0000gp/T/cursor-sandbox-cache/cdbffc07cc4039eb8b1fbd660be2a30a/cargo-target/debug/incremental -L dependency=/var/folders/d1/npqv18yn4vjdnbjs_lyc555m0000gp/T/cursor-sandbox-cache/cdbffc07cc4039eb8b1fbd660be2a30a/cargo-target/debug/deps --extern arrow_57=/var/folders/d1/npqv18yn4vjdnbjs_lyc555m0000gp/T/cursor-sandbox-cache/cdbffc07cc4039eb8b1fbd660be2a30a/cargo-target/debug/deps/libarrow-e79edf40bc4fa7b9.rlib --extern async_trait=/var/folders/d1/npqv18yn4vjdnbjs_lyc555m0000gp/T/cursor-sandbox-cache/cdbffc07cc4039eb8b1fbd660be2a30a/cargo-target/debug/deps/libasync_trait-910430bd99bb2ae5.dylib --extern bytes=/var/folders/d1/npqv18yn4vjdnbjs_lyc555m0000gp/T/cursor-sandbox-cache/cdbffc07cc4039eb8b1fbd660be2a30a/cargo-target/debug/deps/libbytes-5c4907bd10d2945f.rlib --extern chrono=/var/folders/d1/npqv18yn4vjdnbjs_lyc555m0000gp/T/cursor-sandbox-cache/cdbffc07cc4039eb8b1fbd660be2a30a/cargo-target/debug/deps/libchrono-e684da12fbcc7b68.rlib --extern comfy_table=/var/folders/d1/npqv18yn4vjdnbjs_lyc555m0000gp/T/cursor-sandbox-cache/cdbffc07cc4039eb8b1fbd660be2a30a/cargo-target/debug/deps/libcomfy_table-1351f7bfef342faa.rlib --extern crc=/var/folders/d1/npqv18yn4vjdnbjs_lyc555m0000gp/T/cursor-sandbox-cache/cdbffc07cc4039eb8b1fbd660be2a30a/cargo-target/debug/deps/libcrc-d0fbbe2deca0ed2d.rlib --extern criterion=/var/folders/d1/npqv18yn4vjdnbjs_lyc555m0000gp/T/cursor-sandbox-cache/cdbffc07cc4039eb8b1fbd660be2a30a/cargo-target/debug/deps/libcriterion-7662270df347a1f5.rlib --extern delta_kernel=/var/folders/d1/npqv18yn4vjdnbjs_lyc555m0000gp/T/cursor-sandbox-cache/cdbffc07cc4039eb8b1fbd660be2a30a/cargo-target/debug/deps/libdelta_kernel-a282ec8623aedbd9.rlib --extern delta_kernel=/var/folders/d1/npqv18yn4vjdnbjs_lyc555m0000gp/T/cursor-sandbox-cache/cdbffc07cc4039eb8b1fbd660be2a30a/cargo-target/debug/deps/libdelta_kernel-a282ec8623aedbd9.rlib --extern delta_kernel_derive=/var/folders/d1/npqv18yn4vjdnbjs_lyc555m0000gp/T/cursor-sandbox-cache/cdbffc07cc4039eb8b1fbd660be2a30a/cargo-target/debug/deps/libdelta_kernel_derive-44965556c8eb6a56.dylib --extern futures=/var/folders/d1/npqv18yn4vjdnbjs_lyc555m0000gp/T/cursor-sandbox-cache/cdbffc07cc4039eb8b1fbd660be2a30a/cargo-target/debug/deps/libfutures-9eb06a5d71853af7.rlib --extern hdfs_native=/var/folders/d1/npqv18yn4vjdnbjs_lyc555m0000gp/T/cursor-sandbox-cache/cdbffc07cc4039eb8b1fbd660be2a30a/cargo-target/debug/deps/libhdfs_native-dd3815c51dd644a4.rlib --extern hdfs_native_object_store=/var/folders/d1/npqv18yn4vjdnbjs_lyc555m0000gp/T/cursor-sandbox-cache/cdbffc07cc4039eb8b1fbd660be2a30a/cargo-target/debug/deps/libhdfs_native_object_store-e9b7dfdb098786f2.rlib --extern indexmap=/var/folders/d1/npqv18yn4vjdnbjs_lyc555m0000gp/T/cursor-sandbox-cache/cdbffc07cc4039eb8b1fbd660be2a30a/cargo-target/debug/deps/libindexmap-0825d60958f68f34.rlib --extern itertools=/var/folders/d1/npqv18yn4vjdnbjs_lyc555m0000gp/T/cursor-sandbox-cache/cdbffc07cc4039eb8b1fbd660be2a30a/cargo-target/debug/deps/libitertools-f87846342801b08c.rlib --extern object_store=/var/folders/d1/npqv18yn4vjdnbjs_lyc555m0000gp/T/cursor-sandbox-cache/cdbffc07cc4039eb8b1fbd660be2a30a/cargo-target/debug/deps/libobject_store-619993584b2663ca.rlib --extern parquet_57=/var/folders/d1/npqv18yn4vjdnbjs_lyc555m0000gp/T/cursor-sandbox-cache/cdbffc07cc4039eb8b1fbd660be2a30a/cargo-target/debug/deps/libparquet-f462bbb9fd6d98d8.rlib --extern paste=/var/folders/d1/npqv18yn4vjdnbjs_lyc555m0000gp/T/cursor-sandbox-cache/cdbffc07cc4039eb8b1fbd660be2a30a/cargo-target/debug/deps/libpaste-dd236cf9aec8acf9.dylib --extern reqwest=/var/folders/d1/npqv18yn4vjdnbjs_lyc555m0000gp/T/cursor-sandbox-cache/cdbffc07cc4039eb8b1fbd660be2a30a/cargo-target/debug/deps/libreqwest-1a4adf6ab088ca35.rlib --extern roaring=/var/folders/d1/npqv18yn4vjdnbjs_lyc555m0000gp/T/cursor-sandbox-cache/cdbffc07cc4039eb8b1fbd660be2a30a/cargo-target/debug/deps/libroaring-caee5ac0028ac4ed.rlib --extern serde=/var/folders/d1/npqv18yn4vjdnbjs_lyc555m0000gp/T/cursor-sandbox-cache/cdbffc07cc4039eb8b1fbd660be2a30a/cargo-target/debug/deps/libserde-f31fa6c5ecf2781f.rlib --extern serde_json=/var/folders/d1/npqv18yn4vjdnbjs_lyc555m0000gp/T/cursor-sandbox-cache/cdbffc07cc4039eb8b1fbd660be2a30a/cargo-target/debug/deps/libserde_json-d71cc06d72bea842.rlib --extern strum=/var/folders/d1/npqv18yn4vjdnbjs_lyc555m0000gp/T/cursor-sandbox-cache/cdbffc07cc4039eb8b1fbd660be2a30a/cargo-target/debug/deps/libstrum-f148eaff53d6bfe4.rlib --extern tempfile=/var/folders/d1/npqv18yn4vjdnbjs_lyc555m0000gp/T/cursor-sandbox-cache/cdbffc07cc4039eb8b1fbd660be2a30a/cargo-target/debug/deps/libtempfile-cd405412dac4304a.rlib --extern test_log=/var/folders/d1/npqv18yn4vjdnbjs_lyc555m0000gp/T/cursor-sandbox-cache/cdbffc07cc4039eb8b1fbd660be2a30a/cargo-target/debug/deps/libtest_log-2b58b1aaeb90cac1.rlib --extern test_utils=/var/folders/d1/npqv18yn4vjdnbjs_lyc555m0000gp/T/cursor-sandbox-cache/cdbffc07cc4039eb8b1fbd660be2a30a/cargo-target/debug/deps/libtest_utils-46336ca9eddfe375.rlib --extern thiserror=/var/folders/d1/npqv18yn4vjdnbjs_lyc555m0000gp/T/cursor-sandbox-cache/cdbffc07cc4039eb8b1fbd660be2a30a/cargo-target/debug/deps/libthiserror-17cb3212f4aa9cb4.rlib --extern tokio=/var/folders/d1/npqv18yn4vjdnbjs_lyc555m0000gp/T/cursor-sandbox-cache/cdbffc07cc4039eb8b1fbd660be2a30a/cargo-target/debug/deps/libtokio-6a8ff76823e999e9.rlib --extern tracing=/var/folders/d1/npqv18yn4vjdnbjs_lyc555m0000gp/T/cursor-sandbox-cache/cdbffc07cc4039eb8b1fbd660be2a30a/cargo-target/debug/deps/libtracing-c9c42c5f650bdd2f.rlib --extern tracing_subscriber=/var/folders/d1/npqv18yn4vjdnbjs_lyc555m0000gp/T/cursor-sandbox-cache/cdbffc07cc4039eb8b1fbd660be2a30a/cargo-target/debug/deps/libtracing_subscriber-fc1a96310b3988e6.rlib --extern url=/var/folders/d1/npqv18yn4vjdnbjs_lyc555m0000gp/T/cursor-sandbox-cache/cdbffc07cc4039eb8b1fbd660be2a30a/cargo-target/debug/deps/liburl-e4d782eed577703a.rlib --extern uuid=/var/folders/d1/npqv18yn4vjdnbjs_lyc555m0000gp/T/cursor-sandbox-cache/cdbffc07cc4039eb8b1fbd660be2a30a/cargo-target/debug/deps/libuuid-fb68ccda50578e1a.rlib --extern walkdir=/var/folders/d1/npqv18yn4vjdnbjs_lyc555m0000gp/T/cursor-sandbox-cache/cdbffc07cc4039eb8b1fbd660be2a30a/cargo-target/debug/deps/libwalkdir-d6d31327a1cd5093.rlib --extern z85=/var/folders/d1/npqv18yn4vjdnbjs_lyc555m0000gp/T/cursor-sandbox-cache/cdbffc07cc4039eb8b1fbd660be2a30a/cargo-target/debug/deps/libz85-796c5c3b6dbf8f95.rlib -L native=/var/folders/d1/npqv18yn4vjdnbjs_lyc555m0000gp/T/cursor-sandbox-cache/cdbffc07cc4039eb8b1fbd660be2a30a/cargo-target/debug/build/ring-5d0e202365689600/out -L native=/var/folders/d1/npqv18yn4vjdnbjs_lyc555m0000gp/T/cursor-sandbox-cache/cdbffc07cc4039eb8b1fbd660be2a30a/cargo-target/debug/build/zstd-sys-d657c915fef83898/out --check-cfg 'cfg(NIGHTLY_CHANNEL)'`
     Running `/Users/branko.grbic/.rustup/toolchains/stable-aarch64-apple-darwin/bin/rustc --crate-name read --edition=2021 kernel/tests/read.rs --error-format=json --json=diagnostic-rendered-ansi,artifacts,future-incompat --emit=dep-info,link -C embed-bitcode=no -C debuginfo=2 -C split-debuginfo=unpacked --test --cfg 'feature="arrow"' --cfg 'feature="arrow-57"' --cfg 'feature="arrow-conversion"' --cfg 'feature="arrow-expression"' --cfg 'feature="catalog-managed"' --cfg 'feature="comfy-table"' --cfg 'feature="default"' --cfg 'feature="default-engine-base"' --cfg 'feature="default-engine-rustls"' --cfg 'feature="futures"' --cfg 'feature="internal-api"' --cfg 'feature="need-arrow"' --cfg 'feature="object_store"' --cfg 'feature="reqwest"' --cfg 'feature="tokio"' --check-cfg 'cfg(docsrs,test)' --check-cfg 'cfg(feature, values("arrow", "arrow-55", "arrow-56", "arrow-57", "arrow-conversion", "arrow-expression", "catalog-managed", "comfy-table", "default", "default-engine-base", "default-engine-native-tls", "default-engine-rustls", "futures", "integration-test", "internal-api", "need-arrow", "object_store", "reqwest", "tokio"))' -C metadata=739a214796218d7e -C extra-filename=-d4adfbe14e695f28 --out-dir /var/folders/d1/npqv18yn4vjdnbjs_lyc555m0000gp/T/cursor-sandbox-cache/cdbffc07cc4039eb8b1fbd660be2a30a/cargo-target/debug/deps -C incremental=/var/folders/d1/npqv18yn4vjdnbjs_lyc555m0000gp/T/cursor-sandbox-cache/cdbffc07cc4039eb8b1fbd660be2a30a/cargo-target/debug/incremental -L dependency=/var/folders/d1/npqv18yn4vjdnbjs_lyc555m0000gp/T/cursor-sandbox-cache/cdbffc07cc4039eb8b1fbd660be2a30a/cargo-target/debug/deps --extern arrow_57=/var/folders/d1/npqv18yn4vjdnbjs_lyc555m0000gp/T/cursor-sandbox-cache/cdbffc07cc4039eb8b1fbd660be2a30a/cargo-target/debug/deps/libarrow-e79edf40bc4fa7b9.rlib --extern async_trait=/var/folders/d1/npqv18yn4vjdnbjs_lyc555m0000gp/T/cursor-sandbox-cache/cdbffc07cc4039eb8b1fbd660be2a30a/cargo-target/debug/deps/libasync_trait-910430bd99bb2ae5.dylib --extern bytes=/var/folders/d1/npqv18yn4vjdnbjs_lyc555m0000gp/T/cursor-sandbox-cache/cdbffc07cc4039eb8b1fbd660be2a30a/cargo-target/debug/deps/libbytes-5c4907bd10d2945f.rlib --extern chrono=/var/folders/d1/npqv18yn4vjdnbjs_lyc555m0000gp/T/cursor-sandbox-cache/cdbffc07cc4039eb8b1fbd660be2a30a/cargo-target/debug/deps/libchrono-e684da12fbcc7b68.rlib --extern comfy_table=/var/folders/d1/npqv18yn4vjdnbjs_lyc555m0000gp/T/cursor-sandbox-cache/cdbffc07cc4039eb8b1fbd660be2a30a/cargo-target/debug/deps/libcomfy_table-1351f7bfef342faa.rlib --extern crc=/var/folders/d1/npqv18yn4vjdnbjs_lyc555m0000gp/T/cursor-sandbox-cache/cdbffc07cc4039eb8b1fbd660be2a30a/cargo-target/debug/deps/libcrc-d0fbbe2deca0ed2d.rlib --extern criterion=/var/folders/d1/npqv18yn4vjdnbjs_lyc555m0000gp/T/cursor-sandbox-cache/cdbffc07cc4039eb8b1fbd660be2a30a/cargo-target/debug/deps/libcriterion-7662270df347a1f5.rlib --extern delta_kernel=/var/folders/d1/npqv18yn4vjdnbjs_lyc555m0000gp/T/cursor-sandbox-cache/cdbffc07cc4039eb8b1fbd660be2a30a/cargo-target/debug/deps/libdelta_kernel-a282ec8623aedbd9.rlib --extern delta_kernel=/var/folders/d1/npqv18yn4vjdnbjs_lyc555m0000gp/T/cursor-sandbox-cache/cdbffc07cc4039eb8b1fbd660be2a30a/cargo-target/debug/deps/libdelta_kernel-a282ec8623aedbd9.rlib --extern delta_kernel_derive=/var/folders/d1/npqv18yn4vjdnbjs_lyc555m0000gp/T/cursor-sandbox-cache/cdbffc07cc4039eb8b1fbd660be2a30a/cargo-target/debug/deps/libdelta_kernel_derive-44965556c8eb6a56.dylib --extern futures=/var/folders/d1/npqv18yn4vjdnbjs_lyc555m0000gp/T/cursor-sandbox-cache/cdbffc07cc4039eb8b1fbd660be2a30a/cargo-target/debug/deps/libfutures-9eb06a5d71853af7.rlib --extern hdfs_native=/var/folders/d1/npqv18yn4vjdnbjs_lyc555m0000gp/T/cursor-sandbox-cache/cdbffc07cc4039eb8b1fbd660be2a30a/cargo-target/debug/deps/libhdfs_native-dd3815c51dd644a4.rlib --extern hdfs_native_object_store=/var/folders/d1/npqv18yn4vjdnbjs_lyc555m0000gp/T/cursor-sandbox-cache/cdbffc07cc4039eb8b1fbd660be2a30a/cargo-target/debug/deps/libhdfs_native_object_store-e9b7dfdb098786f2.rlib --extern indexmap=/var/folders/d1/npqv18yn4vjdnbjs_lyc555m0000gp/T/cursor-sandbox-cache/cdbffc07cc4039eb8b1fbd660be2a30a/cargo-target/debug/deps/libindexmap-0825d60958f68f34.rlib --extern itertools=/var/folders/d1/npqv18yn4vjdnbjs_lyc555m0000gp/T/cursor-sandbox-cache/cdbffc07cc4039eb8b1fbd660be2a30a/cargo-target/debug/deps/libitertools-f87846342801b08c.rlib --extern object_store=/var/folders/d1/npqv18yn4vjdnbjs_lyc555m0000gp/T/cursor-sandbox-cache/cdbffc07cc4039eb8b1fbd660be2a30a/cargo-target/debug/deps/libobject_store-619993584b2663ca.rlib --extern parquet_57=/var/folders/d1/npqv18yn4vjdnbjs_lyc555m0000gp/T/cursor-sandbox-cache/cdbffc07cc4039eb8b1fbd660be2a30a/cargo-target/debug/deps/libparquet-f462bbb9fd6d98d8.rlib --extern paste=/var/folders/d1/npqv18yn4vjdnbjs_lyc555m0000gp/T/cursor-sandbox-cache/cdbffc07cc4039eb8b1fbd660be2a30a/cargo-target/debug/deps/libpaste-dd236cf9aec8acf9.dylib --extern reqwest=/var/folders/d1/npqv18yn4vjdnbjs_lyc555m0000gp/T/cursor-sandbox-cache/cdbffc07cc4039eb8b1fbd660be2a30a/cargo-target/debug/deps/libreqwest-1a4adf6ab088ca35.rlib --extern roaring=/var/folders/d1/npqv18yn4vjdnbjs_lyc555m0000gp/T/cursor-sandbox-cache/cdbffc07cc4039eb8b1fbd660be2a30a/cargo-target/debug/deps/libroaring-caee5ac0028ac4ed.rlib --extern serde=/var/folders/d1/npqv18yn4vjdnbjs_lyc555m0000gp/T/cursor-sandbox-cache/cdbffc07cc4039eb8b1fbd660be2a30a/cargo-target/debug/deps/libserde-f31fa6c5ecf2781f.rlib --extern serde_json=/var/folders/d1/npqv18yn4vjdnbjs_lyc555m0000gp/T/cursor-sandbox-cache/cdbffc07cc4039eb8b1fbd660be2a30a/cargo-target/debug/deps/libserde_json-d71cc06d72bea842.rlib --extern strum=/var/folders/d1/npqv18yn4vjdnbjs_lyc555m0000gp/T/cursor-sandbox-cache/cdbffc07cc4039eb8b1fbd660be2a30a/cargo-target/debug/deps/libstrum-f148eaff53d6bfe4.rlib --extern tempfile=/var/folders/d1/npqv18yn4vjdnbjs_lyc555m0000gp/T/cursor-sandbox-cache/cdbffc07cc4039eb8b1fbd660be2a30a/cargo-target/debug/deps/libtempfile-cd405412dac4304a.rlib --extern test_log=/var/folders/d1/npqv18yn4vjdnbjs_lyc555m0000gp/T/cursor-sandbox-cache/cdbffc07cc4039eb8b1fbd660be2a30a/cargo-target/debug/deps/libtest_log-2b58b1aaeb90cac1.rlib --extern test_utils=/var/folders/d1/npqv18yn4vjdnbjs_lyc555m0000gp/T/cursor-sandbox-cache/cdbffc07cc4039eb8b1fbd660be2a30a/cargo-target/debug/deps/libtest_utils-46336ca9eddfe375.rlib --extern thiserror=/var/folders/d1/npqv18yn4vjdnbjs_lyc555m0000gp/T/cursor-sandbox-cache/cdbffc07cc4039eb8b1fbd660be2a30a/cargo-target/debug/deps/libthiserror-17cb3212f4aa9cb4.rlib --extern tokio=/var/folders/d1/npqv18yn4vjdnbjs_lyc555m0000gp/T/cursor-sandbox-cache/cdbffc07cc4039eb8b1fbd660be2a30a/cargo-target/debug/deps/libtokio-6a8ff76823e999e9.rlib --extern tracing=/var/folders/d1/npqv18yn4vjdnbjs_lyc555m0000gp/T/cursor-sandbox-cache/cdbffc07cc4039eb8b1fbd660be2a30a/cargo-target/debug/deps/libtracing-c9c42c5f650bdd2f.rlib --extern tracing_subscriber=/var/folders/d1/npqv18yn4vjdnbjs_lyc555m0000gp/T/cursor-sandbox-cache/cdbffc07cc4039eb8b1fbd660be2a30a/cargo-target/debug/deps/libtracing_subscriber-fc1a96310b3988e6.rlib --extern url=/var/folders/d1/npqv18yn4vjdnbjs_lyc555m0000gp/T/cursor-sandbox-cache/cdbffc07cc4039eb8b1fbd660be2a30a/cargo-target/debug/deps/liburl-e4d782eed577703a.rlib --extern uuid=/var/folders/d1/npqv18yn4vjdnbjs_lyc555m0000gp/T/cursor-sandbox-cache/cdbffc07cc4039eb8b1fbd660be2a30a/cargo-target/debug/deps/libuuid-fb68ccda50578e1a.rlib --extern walkdir=/var/folders/d1/npqv18yn4vjdnbjs_lyc555m0000gp/T/cursor-sandbox-cache/cdbffc07cc4039eb8b1fbd660be2a30a/cargo-target/debug/deps/libwalkdir-d6d31327a1cd5093.rlib --extern z85=/var/folders/d1/npqv18yn4vjdnbjs_lyc555m0000gp/T/cursor-sandbox-cache/cdbffc07cc4039eb8b1fbd660be2a30a/cargo-target/debug/deps/libz85-796c5c3b6dbf8f95.rlib -L native=/var/folders/d1/npqv18yn4vjdnbjs_lyc555m0000gp/T/cursor-sandbox-cache/cdbffc07cc4039eb8b1fbd660be2a30a/cargo-target/debug/build/ring-5d0e202365689600/out -L native=/var/folders/d1/npqv18yn4vjdnbjs_lyc555m0000gp/T/cursor-sandbox-cache/cdbffc07cc4039eb8b1fbd660be2a30a/cargo-target/debug/build/zstd-sys-d657c915fef83898/out --check-cfg 'cfg(NIGHTLY_CHANNEL)'`
    Finished `test` profile [unoptimized + debuginfo] target(s) in 25.71s
  Executable `/var/folders/d1/npqv18yn4vjdnbjs_lyc555m0000gp/T/cursor-sandbox-cache/cdbffc07cc4039eb8b1fbd660be2a30a/cargo-target/debug/deps/delta_kernel-5773cb4266929cbd`
  Executable `/var/folders/d1/npqv18yn4vjdnbjs_lyc555m0000gp/T/cursor-sandbox-cache/cdbffc07cc4039eb8b1fbd660be2a30a/cargo-target/debug/deps/cdf-527530cfa005349c`
  Executable `/var/folders/d1/npqv18yn4vjdnbjs_lyc555m0000gp/T/cursor-sandbox-cache/cdbffc07cc4039eb8b1fbd660be2a30a/cargo-target/debug/deps/dv-9bf9ae03e8c3d19c`
  Executable `/var/folders/d1/npqv18yn4vjdnbjs_lyc555m0000gp/T/cursor-sandbox-cache/cdbffc07cc4039eb8b1fbd660be2a30a/cargo-target/debug/deps/golden_tables-d54d607126408e83`
  Executable `/var/folders/d1/npqv18yn4vjdnbjs_lyc555m0000gp/T/cursor-sandbox-cache/cdbffc07cc4039eb8b1fbd660be2a30a/cargo-target/debug/deps/hdfs-00c3dad29495e22f`
  Executable `/var/folders/d1/npqv18yn4vjdnbjs_lyc555m0000gp/T/cursor-sandbox-cache/cdbffc07cc4039eb8b1fbd660be2a30a/cargo-target/debug/deps/log_compaction-a1dbc2d1b4d0d4d6`
  Executable `/var/folders/d1/npqv18yn4vjdnbjs_lyc555m0000gp/T/cursor-sandbox-cache/cdbffc07cc4039eb8b1fbd660be2a30a/cargo-target/debug/deps/log_tail-08131cc2e8a95bfd`
  Executable `/var/folders/d1/npqv18yn4vjdnbjs_lyc555m0000gp/T/cursor-sandbox-cache/cdbffc07cc4039eb8b1fbd660be2a30a/cargo-target/debug/deps/read-d4adfbe14e695f28`
  Executable `/var/folders/d1/npqv18yn4vjdnbjs_lyc555m0000gp/T/cursor-sandbox-cache/cdbffc07cc4039eb8b1fbd660be2a30a/cargo-target/debug/deps/row_tracking-c03aa1932408aa5e`
  Executable `/var/folders/d1/npqv18yn4vjdnbjs_lyc555m0000gp/T/cursor-sandbox-cache/cdbffc07cc4039eb8b1fbd660be2a30a/cargo-target/debug/deps/v2_checkpoints-82d4a53a04f0c8ea`
  Executable `/var/folders/d1/npqv18yn4vjdnbjs_lyc555m0000gp/T/cursor-sandbox-cache/cdbffc07cc4039eb8b1fbd660be2a30a/cargo-target/debug/deps/write-1a45815dfd5e7b81`
  Executable `/var/folders/d1/npqv18yn4vjdnbjs_lyc555m0000gp/T/cursor-sandbox-cache/cdbffc07cc4039eb8b1fbd660be2a30a/cargo-target/debug/deps/write_row_tracking-5d653ce1f08f8fa3`

*** result: Success

*** /Users/branko.grbic/.rustup/toolchains/stable-aarch64-apple-darwin/bin/cargo test --verbose --package=delta_kernel@0.18.2 --features=default-engine-rustls --lib parse_interval
       Fresh unicode-ident v1.0.24
       Fresh cfg-if v1.0.4
       Fresh autocfg v1.5.1
       Fresh version_check v0.9.5
       Fresh bytes v1.12.1
       Fresh bitflags v2.13.1
       Fresh once_cell v1.21.4
       Fresh memchr v2.8.3
       Fresh core-foundation-sys v0.8.7
       Fresh proc-macro2 v1.0.107
       Fresh smallvec v1.15.2
       Fresh pin-project-lite v0.2.17
       Fresh itoa v1.0.18
       Fresh stable_deref_trait v1.2.1
       Fresh find-msvc-tools v0.1.11
       Fresh shlex v2.0.1
       Fresh quote v1.0.47
       Fresh libm v0.2.16
       Fresh serde_core v1.0.229
       Fresh libc v0.2.189
       Fresh futures-core v0.3.34
       Fresh iana-time-zone v0.1.65
       Fresh typenum v1.20.1
       Fresh futures-sink v0.3.34
       Fresh siphasher v1.0.3
       Fresh slab v0.4.12
       Fresh arrow-schema v57.3.1
       Fresh syn v2.0.119
       Fresh syn v3.0.3
       Fresh num-traits v0.2.19
       Fresh getrandom v0.3.4
       Fresh jobserver v0.1.35
       Fresh generic-array v0.14.7
       Fresh socket2 v0.6.5
       Fresh phf_shared v0.12.1
       Fresh mio v1.2.2
       Fresh futures-channel v0.3.34
       Fresh litemap v0.8.3
       Fresh writeable v0.6.4
       Fresh errno v0.3.14
       Fresh either v1.17.0
       Fresh log v0.4.33
       Fresh zerocopy-derive v0.8.56
       Fresh serde_derive v1.0.229
       Fresh synstructure v0.13.2
       Fresh cc v1.4.3
       Fresh zerovec-derive v0.11.4
       Fresh displaydoc v0.2.7
       Fresh num-integer v0.1.47
       Fresh tokio-macros v2.7.2
       Fresh phf v0.12.1
       Fresh crypto-common v0.1.7
       Fresh num-complex v0.4.6
       Fresh futures-macro v0.3.34
       Fresh futures-task v0.3.34
       Fresh futures-io v0.3.34
       Fresh utf8_iter v1.0.4
       Fresh zerocopy v0.8.56
       Fresh serde v1.0.229
       Fresh zerofrom-derive v0.1.7
       Fresh yoke-derive v0.8.2
       Fresh num-bigint v0.4.8
       Fresh tokio v1.53.1
       Fresh hashbrown v0.16.1
       Fresh futures-util v0.3.34
       Fresh tracing-attributes v0.1.31
       Fresh http v1.5.0
       Fresh aho-corasick v1.1.5
       Fresh tracing-core v0.1.36
       Fresh percent-encoding v2.3.2
       Fresh zerofrom v0.1.8
       Fresh half v2.7.1
       Fresh chrono v0.4.45
       Fresh ahash v0.8.12
       Fresh base64 v0.22.1
       Fresh zeroize v1.9.0
       Fresh hashbrown v0.17.1
       Fresh equivalent v1.0.2
       Fresh scopeguard v1.2.0
       Fresh regex-syntax v0.8.11
       Fresh subtle v2.6.1
       Fresh tracing v0.1.44
       Fresh icu_properties_data v2.3.0
       Fresh parking_lot_core v0.9.12
       Fresh yoke v0.8.3
       Fresh arrow-buffer v57.3.1
       Fresh chrono-tz v0.10.4
       Fresh regex-automata v0.4.18
       Fresh icu_normalizer_data v2.3.0
       Fresh lock_api v0.4.14
       Fresh rustls-pki-types v1.15.1
       Fresh indexmap v2.14.0
       Fresh lexical-util v1.0.7
       Fresh ryu v1.0.23
       Fresh http-body v1.1.0
       Fresh getrandom v0.2.17
       Fresh semver v1.0.28
       Fresh heck v0.5.0
       Fresh zerovec v0.11.7
       Fresh zerotrie v0.2.5
       Fresh arrow-data v57.3.1
       Fresh parking_lot v0.12.5
       Fresh untrusted v0.9.0
       Fresh zmij v1.0.23
       Fresh rustc_version v0.4.1
       Fresh form_urlencoded v1.2.2
       Fresh tokio-util v0.7.19
       Fresh tower-service v0.3.3
       Fresh try-lock v0.2.5
       Fresh fnv v1.0.7
       Fresh tinystr v0.8.4
       Fresh potential_utf v0.1.6
       Fresh arrow-array v57.3.1
       Fresh ring v0.17.14
       Fresh atomic-waker v1.1.2
       Fresh want v0.3.1
       Fresh rustversion v1.0.23
       Fresh rustix v0.38.44
       Fresh lexical-write-integer v1.0.6
       Fresh lexical-parse-integer v1.0.6
       Fresh itertools v0.14.0
       Fresh block-buffer v0.10.4
       Fresh security-framework-sys v2.17.0
       Fresh core-foundation v0.10.1
       Fresh icu_locale_core v2.3.0
       Fresh icu_collections v2.3.0
       Fresh arrow-select v57.3.1
       Fresh h2 v0.4.15
       Fresh serde_json v1.0.151
       Fresh rustls-webpki v0.103.14
       Fresh httparse v1.10.1
       Fresh rand_core v0.10.1
       Fresh pkg-config v0.3.34
       Fresh lexical-parse-float v1.0.6
       Fresh strum_macros v0.26.4
       Fresh crossterm v0.28.1
       Fresh digest v0.10.7
       Fresh security-framework v3.7.0
       Fresh lexical-write-float v1.0.6
       Fresh regex v1.13.1
       Fresh icu_provider v2.3.0
       Fresh rustls v0.23.43
       Fresh hyper v1.11.0
       Fresh ppv-lite86 v0.2.21
       Fresh block-padding v0.3.3
       Fresh rand_core v0.9.5
       Fresh sync_wrapper v1.0.2
       Fresh tower-layer v0.3.3
       Fresh strum v0.26.3
       Fresh ipnet v2.12.1
       Fresh unicode-width v0.2.2
       Fresh rustls-native-certs v0.8.4
       Fresh arrow-ord v57.3.1
       Fresh lexical-core v1.0.6
       Fresh icu_normalizer v2.3.0
       Fresh icu_properties v2.3.0
       Fresh comfy-table v7.1.2
       Fresh hyper-util v0.1.20
       Fresh getrandom v0.4.3
       Fresh rand_chacha v0.9.0
       Fresh tokio-rustls v0.26.4
       Fresh tower v0.5.3
       Fresh inout v0.1.4
       Fresh futures-executor v0.3.34
       Fresh thiserror-impl v2.0.20
       Fresh atoi v2.0.0
       Fresh same-file v1.0.6
       Fresh idna_adapter v1.2.2
       Fresh walkdir v2.5.0
       Fresh rand v0.9.5
       Fresh arrow-cast v57.3.1
       Fresh thiserror v2.0.20
       Fresh futures v0.3.34
       Fresh hyper-rustls v0.27.9
       Fresh cipher v0.4.4
       Fresh chacha20 v0.10.1
       Fresh md-5 v0.10.6
       Fresh serde_urlencoded v0.7.1
       Fresh http-body-util v0.1.5
       Fresh alloc-no-stdlib v2.0.4
       Fresh idna v1.1.0
       Fresh alloc-stdlib v0.2.4
       Fresh flatbuffers v25.12.19
       Fresh rand v0.10.2
       Fresh crossbeam-utils v0.8.22
       Fresh zstd-sys v2.0.16+zstd.1.5.7
       Fresh rustls-pemfile v2.2.0
       Fresh quick-xml v0.38.4
       Fresh async-trait v0.1.92
       Fresh csv-core v0.1.13
       Fresh crc-catalog v2.5.0
       Fresh url v2.5.8
       Fresh anyhow v1.0.104
       Fresh simdutf8 v0.1.5
       Fresh humantime v2.4.0
       Fresh byteorder v1.5.0
       Fresh crc v3.4.0
       Fresh uuid v1.24.1
       Fresh brotli-decompressor v5.0.3
       Fresh rustix v1.1.4
       Fresh arrow-ipc v57.3.1
       Fresh csv v1.4.0
       Fresh ordered-float v2.10.1
       Fresh tower-http v0.6.11
       Fresh crossbeam-epoch v0.9.20
       Fresh zstd-safe v7.2.4
       Fresh prost-derive v0.14.4
       Fresh twox-hash v2.1.3
       Fresh integer-encoding v3.0.4
       Fresh g2poly v1.2.2
       Fresh zlib-rs v0.6.7
       Fresh snap v1.1.2
       Fresh arrow-json v57.3.1
       Fresh arrow-csv v57.3.1
       Fresh brotli v8.0.4
       Fresh paste v1.0.15
       Fresh arrow-string v57.3.1
       Fresh arrow-arith v57.3.1
       Fresh reqwest v0.12.28
       Fresh prost v0.14.4
       Fresh zstd v0.13.3
       Fresh flate2 v1.1.9
       Fresh g2gen v1.2.2
       Fresh crossbeam-deque v0.8.7
       Fresh thrift v0.17.0
       Fresh lz4_flex v0.12.2
       Fresh arrow-row v57.3.1
       Fresh strum_macros v0.27.2
       Fresh cpufeatures v0.2.17
       Fresh clap_lex v1.1.0
       Fresh bytemuck v1.25.2
       Fresh seq-macro v0.3.6
       Fresh object_store v0.12.5
       Fresh lazy_static v1.5.0
       Fresh anstyle v1.0.14
       Fresh ciborium-io v0.2.2
       Fresh plotters-backend v0.3.7
       Fresh roaring v0.11.5
       Fresh rayon-core v1.13.0
       Fresh strum v0.27.2
       Fresh prost-types v0.14.4
       Fresh g2p v1.2.2
       Fresh aes v0.8.4
       Fresh arrow v57.3.1
       Fresh xattr v1.6.1
       Fresh des v0.8.1
       Fresh cbc v0.1.2
       Fresh parquet v57.3.1
       Fresh ciborium-ll v0.2.2
       Fresh sharded-slab v0.1.7
       Fresh plotters-svg v0.3.7
       Fresh clap_builder v4.6.6
       Fresh ctr v0.9.2
       Fresh hmac v0.12.1
       Fresh matchers v0.2.0
       Fresh itertools v0.10.5
       Fresh test-log-core v0.2.21
       Fresh dns-lookup v2.1.1
       Fresh delta_kernel_derive v0.18.2 (/private/var/folders/d1/npqv18yn4vjdnbjs_lyc555m0000gp/T/cargo-mutants-delta-kernel-rs-Ez6R38.tmp/derive-macros)
       Fresh filetime v0.2.29
       Fresh libloading v0.8.9
       Fresh thread_local v1.1.10
       Fresh roxmltree v0.21.1
       Fresh z85 v3.0.7
       Fresh bumpalo v3.20.3
       Fresh cast v0.3.0
       Fresh fastrand v2.5.0
       Fresh whoami v1.6.1
       Fresh hex v0.4.3
       Fresh tracing-subscriber v0.3.23
       Fresh ciborium v0.2.2
       Fresh clap v4.6.6
       Fresh plotters v0.3.7
       Fresh tar v0.4.46
       Fresh test-log-macros v0.2.21
       Fresh rayon v1.12.0
       Fresh tinytemplate v1.2.1
       Fresh is-terminal v0.4.17
       Fresh oorandom v11.1.5
       Fresh anes v0.1.6
       Fresh tempfile v3.27.0
       Fresh hdfs-native v0.12.4
       Fresh criterion-plot v0.5.0
       Fresh test-log v0.2.21
       Fresh test_utils v0.18.2 (/private/var/folders/d1/npqv18yn4vjdnbjs_lyc555m0000gp/T/cargo-mutants-delta-kernel-rs-Ez6R38.tmp/test-utils)
       Fresh criterion v0.5.1
       Fresh hdfs-native-object-store v0.15.0
       Fresh delta_kernel v0.18.2 (/private/var/folders/d1/npqv18yn4vjdnbjs_lyc555m0000gp/T/cargo-mutants-delta-kernel-rs-Ez6R38.tmp/kernel)
    Finished `test` profile [unoptimized + debuginfo] target(s) in 0.35s
     Running `/var/folders/d1/npqv18yn4vjdnbjs_lyc555m0000gp/T/cursor-sandbox-cache/cdbffc07cc4039eb8b1fbd660be2a30a/cargo-target/debug/deps/delta_kernel-5773cb4266929cbd parse_interval`

running 2 tests
test table_properties::deserialize::tests::test_parse_interval ... ok
test table_properties::deserialize::tests::test_invalid_parse_interval ... ok

test result: ok. 2 passed; 0 failed; 0 ignored; 0 measured; 689 filtered out; finished in 0.00s


*** result: Success
